,year,hs2,exporter,importer,exporter_iso3,importer_iso3,partner,partner_iso3,direction,value,quantity,price,net_export,gdp_partner,gdp_russia,cpi_partner,cpi_russia,ex_rate_partner,ex_rate_russia,bilateral_er,iip_partner,iip_russia,dist,contig,comlang_off,unfriendly,sanction,eu_member,eaes_member,brics_member,cis_member,ln_value,ln_quantity,ln_price,ln_gdp_partner,ln_gdp_russia,ln_iip_partner,ln_iip_russia,ln_dist,ln_bilateral_er
0,2017,9,Albania,Russian Federation,ALB,RUS,Albania,ALB,import,10.014,5.001,2.0023995200959805,,13258268435.6048,1574199360089.0,1.98666133171195,3.68332944412233,119.1,58.3428011851719,2.0413829569477344,100.82,106.88,2063.678,0,0,1,0,0,0,0,0,2.3991671908402896,1.7919261220073759,1.099411808998527,23.307887227702352,28.08476791615614,4.62320654847419,4.681019498271529,7.632729561033053,1.1123123320219734
1,2017,9,Azerbaijan,Russian Federation,AZE,RUS,Azerbaijan,AZE,import,5144.972,1037.844,4.957365461475906,,40866627351.9817,1574199360089.0,12.9359184187335,3.68332944412233,1.72115480222734,58.3428011851719,0.0295007227500893,99.07,106.88,1930.747,1,0,0,0,0,0,0,1,8.54596955170757,6.945863835456847,1.784628346685135,24.433579609781134,28.08476791615614,4.605869941102364,4.681019498271529,7.566180053816499,0.029073949525372452
2,2017,9,Argentina,Russian Federation,ARG,RUS,Argentina,ARG,import,2431.309,1605.177,1.5146672298444346,,643628393281.364,1574199360089.0,,3.68332944412233,16.5627069251411,58.3428011851719,0.2838860422997755,97.79,106.88,13505.36,0,0,0,0,0,0,0,0,7.796596290936191,7.381612100139945,0.9221404806202463,27.19038736744077,28.08476791615614,4.592996385056383,4.681019498271529,9.510915964599635,0.24989144922608994
3,2017,9,Australia,Russian Federation,AUS,RUS,Australia,AUS,import,5.605,0.237,23.649789029535867,,1325582658156.54,1574199360089.0,1.94864740944521,3.68332944412233,1.30475807671592,58.3428011851719,0.0223636515595951,98.86,106.88,14503.07,0,0,1,1,0,0,0,0,1.8878269379742887,0.21268909341035092,3.204768341812555,27.912873220714243,28.08476791615614,4.603769205072463,4.681019498271529,9.582184578677866,0.022117251935194867
4,2017,9,Austria,Russian Federation,AUT,RUS,Austria,AUT,import,19119.567,821.9019999999999,23.262587267095103,,414926138132.691,1574199360089.0,2.08126911385585,3.68332944412233,0.885205508269372,58.3428011851719,0.0151724889838568,107.46,106.88,1675.699,0,0,1,1,1,0,0,0,9.858519840977413,6.712837117037685,3.1889355452777424,26.751366360935975,28.08476791615614,4.686381441412914,4.681019498271529,7.42458225853397,0.015058537941177128
5,2017,9,Bahrain,Russian Federation,BHR,RUS,Bahrain,BHR,import,0.022,0.005,4.4,,37204813829.7872,1574199360089.0,1.38671830576399,3.68332944412233,0.376,58.3428011851719,0.0064446682771817,107.24,106.88,3450.924,0,0,0,0,0,0,0,0,0.02176149178151271,0.004987541511038968,1.6863989535702288,24.339703993906948,28.08476791615614,4.684350983862532,4.681019498271529,8.146687035738479,0.006423990197274081
6,2017,9,Armenia,Russian Federation,ARM,RUS,Armenia,ARM,import,2723.86,613.98,4.436398579758299,,11527458709.0158,1574199360089.0,0.969553268816178,3.68332944412233,482.716393849129,58.3428011851719,8.273795293391117,140.77,106.88,1803.035,0,0,0,0,0,1,0,1,7.910172329630756,6.421589746952518,1.6931168158522951,23.167997740170648,28.08476791615614,4.95420602612954,4.681019498271529,7.497781101764742,2.2271927125523856
7,2017,9,Belgium,Russian Federation,BEL,RUS,Belgium,BEL,import,3892.378,718.93,5.41412654917725,,500908767351.53,1574199360089.0,2.12597086002608,3.68332944412233,0.885205508269372,58.3428011851719,0.0151724889838568,105.61,106.88,2261.25,0,0,1,1,1,0,0,0,8.267032440251038,6.579153985061492,1.8585028312255703,26.939689820356104,28.08476791615614,4.669177315962384,4.681019498271529,7.724115172231243,0.015058537941177128
8,2017,9,Brazil,Russian Federation,BRA,RUS,Brazil,BRA,import,85052.397,31623.723,2.6895124587323256,,2063514977365.65,1574199360089.0,3.44637335032668,3.68332944412233,3.19138944630048,58.3428011851719,0.0547006551188972,96.12,106.88,11820.15,0,0,0,0,0,0,1,0,11.351034538237432,10.361694467098182,1.3054943243183685,28.35543194434709,28.08476791615614,4.575947327311188,4.681019498271529,9.377645578951656,0.053256987442646
9,2017,9,Bulgaria,Russian Federation,BGR,RUS,Bulgaria,BGR,import,460.952,124.428,3.7045681036422673,,59167647387.606,1574199360089.0,2.06159619443141,3.68332944412233,1.73545833333333,58.3428011851719,0.0297458863489469,109.68,106.88,1785.898,0,0,1,1,1,0,0,0,6.1354609895802685,4.831731888760769,1.548533973636291,24.80364073263847,28.08476791615614,4.7066431549187255,4.681019498271529,7.488236434627176,0.02931205952048684
10,2017,9,Myanmar,Russian Federation,MMR,RUS,Myanmar,MMR,import,10.325,0.952,10.845588235294116,,66053040483.0016,1574199360089.0,4.57253655317506,3.68332944412233,1360.35870704085,58.3428011851719,23.316650544824917,120.52,106.88,6526.041,0,0,0,0,0,0,0,0,2.4270126713690976,0.6688544879909007,2.471955497440922,24.91372389992114,28.08476791615614,4.800078858287518,4.681019498271529,8.783708980214998,3.1911613233049168
11,2017,9,Burundi,Russian Federation,BDI,RUS,Burundi,BDI,import,1360.737,320.29,4.248452964500921,,2723586962.84034,1574199360089.0,16.0525353030392,3.68332944412233,1729.055,58.3428011851719,29.636132734049244,101.17,106.88,6624.152,0,0,0,0,0,0,0,0,7.216516369678836,5.772344142076929,1.6579333597503907,21.725215585190778,28.08476791615614,4.626638092603332,4.681019498271529,8.798628593987454,3.422180120654793
12,2017,9,Belarus,Russian Federation,BLR,RUS,Belarus,BLR,import,2426.411,1667.388,1.455216782176674,,54725405751.1559,1574199360089.0,6.03183725177786,3.68332944412233,1.93234166666667,58.3428011851719,0.0331204814889447,104.39,106.88,686.9657,1,0,0,0,0,1,0,1,7.794580536259588,7.419613169777144,0.898215059660355,24.725593894711697,28.08476791615614,4.657667754945845,4.681019498271529,6.533738982039396,0.032583815949171965
13,2017,9,Cambodia,Russian Federation,KHM,RUS,Cambodia,KHM,import,31.020000000000003,4.966,6.246476037051954,,29355665909.7905,1574199360089.0,2.91263557371475,3.68332944412233,4050.5799859191,58.3428011851719,69.4272455836175,120.3,106.88,7534.794,0,0,0,0,0,0,0,0,3.4663607075685685,1.7860766860925568,1.980515286844352,24.102751410953708,28.08476791615614,4.798266815950004,4.681019498271529,8.927419480426103,4.254580199425436
14,2017,9,Cameroon,Russian Federation,CMR,RUS,Cameroon,CMR,import,2174.845,661.907,3.2857259403511363,,36098547033.1655,1574199360089.0,0.640409149881966,3.68332944412233,580.656749587858,58.3428011851719,9.952500356383894,92.6,106.88,6231.046,0,0,0,0,0,0,0,0,7.685172373821094,6.4966347088536835,1.4552899520184097,24.309518453114194,28.08476791615614,4.539030383483547,4.681019498271529,8.737459968781366,2.3935677732449614
15,2017,9,Canada,Russian Federation,CAN,RUS,Canada,CAN,import,21.154,1.351,15.658031088082902,,1649265644244.09,1574199360089.0,1.5968841285297,3.68332944412233,1.29793584646039,58.3428011851719,0.0222467180199477,101.71,106.88,7495.521,0,0,1,1,0,0,0,0,3.098018067094741,0.8548407695579324,2.812892447766834,28.131351240676732,28.08476791615614,4.631909483177713,4.681019498271529,8.92219432523831,0.022002869712044053
16,2017,9,Sri Lanka,Russian Federation,LKA,RUS,Sri Lanka,LKA,import,174462.86700000003,36704.495,4.753174427273827,,94369350285.5814,1574199360089.0,7.70413767850602,3.68332944412233,152.446413948767,58.3428011851719,2.612942999855687,105.84,106.88,6576.936,0,0,0,0,0,0,0,0,12.069472933280936,10.510681750355051,1.7497517767807946,25.270482178210603,28.08476791615614,4.67133238824176,4.681019498271529,8.791476297300637,1.2845226756379786
17,2017,9,Chile,Russian Federation,CHL,RUS,Chile,CHL,import,5.425,0.318,17.059748427672954,,276154259981.097,1574199360089.0,2.18271846868521,3.68332944412233,648.833792598261,58.3428011851719,11.121060000855172,99.11,106.88,14153.3,0,0,0,0,0,0,0,0,1.8601966307812834,0.2761154360803155,2.8936856180841195,26.34422545950849,28.08476791615614,4.606269581431392,4.681019498271529,9.557773743832898,2.4949444356333026
18,2017,9,China,Russian Federation,CHN,RUS,China,CHN,import,70131.074,29438.672,2.3822770945645915,,12537559062282.9,1574199360089.0,1.59313600071433,3.68332944412233,6.75875508633597,58.3428011851719,0.115845570473804,115.8,106.88,5795.045,1,0,0,0,0,0,1,0,11.158135514742602,10.2900984314764,1.2185491792799763,30.15974998005567,28.08476791615614,4.760463070394127,4.681019498271529,8.664931067385588,0.10961247667239513
19,2017,9,Colombia,Russian Federation,COL,RUS,Colombia,COL,import,12995.051,4650.625,2.794259051202796,,311866875156.879,1574199360089.0,4.3143132569501,3.68332944412233,2951.48691120161,58.3428011851719,50.58870762536757,103.52,106.88,10979.1,0,0,0,0,0,0,0,0,9.472400821065687,8.444971899899244,1.3334891483602913,26.46584225151486,28.08476791615614,4.649378440652412,4.681019498271529,9.303839822490172,3.943302804067951
20,2017,9,Comoros,Russian Federation,COM,RUS,Comoros,COM,import,765.466,110.84,6.906044749188019,,1077439756.12221,1574199360089.0,,3.68332944412233,435.492562190889,58.3428011851719,7.464375267287843,,106.88,7521.362,0,0,0,0,0,0,0,0,6.641790339859032,4.7170692784855,2.067627625013803,20.797853468515783,28.08476791615614,,4.681019498271529,8.925635463370824,2.135866211005476
21,2017,9,Congo,Russian Federation,COG,RUS,Congo,COG,import,69.397,28.304,2.4518442622950825,,11834473039.3645,1574199360089.0,0.450063823285532,3.68332944412233,580.656749587858,58.3428011851719,9.952500356383894,119.17,106.88,6985.611,0,0,0,0,0,0,0,0,4.254150648619646,3.377724025476513,1.2389086569934604,23.194282553392085,28.08476791615614,4.788907406923208,4.681019498271529,8.851750882177877,2.3935677732449614
23,2017,9,Costa Rica,Russian Federation,CRI,RUS,Costa Rica,CRI,import,663.3489999999999,180.122,3.6827761184086336,,60516044656.5298,1574199360089.0,1.6259069299173,3.68332944412233,567.51309030978,58.3428011851719,9.727217047885183,107.38,106.88,10967.48,0,0,0,0,0,0,0,0,6.498807613805507,5.199170837356678,1.543891121757432,24.826174367774556,28.08476791615614,4.685643570137968,4.681019498271529,9.302780983960698,2.3727841612024427
24,2017,9,Croatia,Russian Federation,HRV,RUS,Croatia,HRV,import,54.32,13.285,4.088821979676327,,56186190437.9959,1574199360089.0,1.12937210282344,3.68332944412233,6.623831,58.3428011851719,0.113532961487003,107.64,106.88,1875.36,0,0,1,1,1,0,0,0,4.013134506796558,2.6592100356827366,1.6270463655989444,24.751936841925474,28.08476791615614,4.688039663810386,4.681019498271529,7.537089008810755,0.10753780897182301
26,2017,9,Cyprus,Russian Federation,CYP,RUS,Cyprus,CYP,import,25.885,6.27,4.128389154704944,,22946570628.7576,1574199360089.0,0.531766496174477,3.68332944412233,0.885205508269372,58.3428011851719,0.0151724889838568,121.4,106.88,2316.67,0,0,1,0,1,0,0,0,3.2915685102616417,1.9837562915454279,1.6347916049419973,23.856434334390233,28.08476791615614,4.807294370078226,4.681019498271529,7.748317649657977,0.015058537941177128
27,2017,9,Czechia,Russian Federation,CZE,RUS,Czechia,CZE,import,388.942,39.808,9.770448151125402,,221563575696.217,1574199360089.0,2.45053398460141,3.68332944412233,23.3763333333333,58.3428011851719,0.4006721113568079,111.25,106.88,1673.0,0,0,1,1,1,0,0,0,5.965998010115364,3.7088781406206253,2.3768061013634356,26.12397540871198,28.08476791615614,4.720728526622364,4.681019498271529,7.422971251049421,0.3369522009604764
28,2017,9,Denmark,Russian Federation,DNK,RUS,Denmark,DNK,import,38.952000000000005,11.229,3.468875233769704,,331610593961.988,1574199360089.0,1.14713216957606,3.68332944412233,6.60289346561404,58.3428011851719,0.1131740905730148,107.09,106.88,1566.362,0,0,1,1,1,0,0,0,3.6876787335374175,2.503810180207233,1.49713675140758,26.527227207715885,28.08476791615614,4.682964213428112,4.681019498271529,7.357149230353968,0.10721547567093952
29,2017,9,Dominican Rep.,Russian Federation,DOM,RUS,Dominican Rep.,DOM,import,238.675,32.078,7.440457634515867,,79070274743.1658,1574199360089.0,3.27955694678547,3.68332944412233,47.5343581962482,58.3428011851719,0.8147424743179674,105.55,106.88,9365.754,0,0,0,0,0,0,0,0,5.4792838389630605,3.4988684088356017,2.133036529236937,25.093602847718618,28.08476791615614,4.668614358544626,4.681019498271529,9.144921890453677,0.5959435702217236
30,2017,9,Ecuador,Russian Federation,ECU,RUS,Ecuador,ECU,import,43.288,3.612,11.984496124031006,,104467486000.0,1574199360089.0,0.41733558866682,3.68332944412233,1.0,58.3428011851719,0.0171400752052706,104.98,106.88,11640.42,0,0,0,0,0,0,0,0,3.7907137599952043,1.5286616024068127,2.5637560398974943,25.372141721191163,28.08476791615614,4.663250397064616,4.681019498271529,9.36232470697202,0.01699484131383284
31,2017,9,El Salvador,Russian Federation,SLV,RUS,El Salvador,SLV,import,253.735,79.282,3.2004111904341466,,24979190000.0,1574199360089.0,1.01235403315575,3.68332944412233,1.0,58.3428011851719,0.0171400752052706,102.6,106.88,10866.28,0,0,0,0,0,0,0,0,5.540223789113131,4.385545436423,1.4351824229815078,23.94130891521739,28.08476791615614,4.640537329825382,4.681019498271529,9.293511718811708,0.01699484131383284
32,2017,9,Ethiopia,Russian Federation,ETH,RUS,Ethiopia,ETH,import,15713.501,4221.868,3.7219309083088334,,81770885148.0574,1574199360089.0,10.6871150284238,3.68332944412233,23.8661044574125,58.3428011851719,0.4090668252568953,,106.88,5198.625,0,0,0,0,0,0,0,0,9.662339195625396,8.348269797045468,1.5522178066860568,25.12718708992483,28.08476791615614,,4.681019498271529,8.556341786584463,0.3429276592275937
33,2017,9,Estonia,Russian Federation,EST,RUS,Estonia,EST,import,6695.329,1768.828,3.7851780953263967,,27469461919.1189,1574199360089.0,3.41723549488055,3.68332944412233,0.885205508269372,58.3428011851719,0.0151724889838568,106.52,106.88,871.7853,1,0,1,1,1,0,0,0,8.809314744773516,7.478637645704822,1.5655232437162383,24.03634074895199,28.08476791615614,4.677676876774839,4.681019498271529,6.771689592030556,0.015058537941177128
34,2017,9,Finland,Russian Federation,FIN,RUS,Finland,FIN,import,24463.306,1655.354,14.778292739800673,,253846138440.0,1574199360089.0,0.754015047084353,3.68332944412233,0.885205508269372,58.3428011851719,0.0151724889838568,108.54,106.88,892.6777,1,0,1,1,1,0,0,0,10.104970436265894,7.412374080215999,2.75863511817049,26.259994166252476,28.08476791615614,4.696289779355575,4.681019498271529,6.795345195631136,0.015058537941177128
35,2017,9,France,Russian Federation,FRA,RUS,France,FRA,import,2831.583,406.156,6.971663597238498,,2588868323334.71,1574199360089.0,1.03228275064667,3.68332944412233,0.885205508269372,58.3428011851719,0.0151724889838568,102.93,106.88,2494.316,0,0,1,1,1,0,0,0,7.9489442952089435,6.009196404388127,2.075893203421864,28.582241955356526,28.08476791615614,4.6437175956003305,4.681019498271529,7.822170653472379,0.015058537941177128
36,2017,9,Georgia,Russian Federation,GEO,RUS,Georgia,GEO,import,3947.089,2206.135,1.7891420969251652,,16473125375.0684,1574199360089.0,6.03531725272117,3.68332944412233,2.50954166666667,58.3428011851719,0.0430137328974269,111.56,106.88,1644.856,1,0,0,0,0,0,0,0,8.280986943359059,7.699450573393692,1.0257340564063544,23.524996124886265,28.08476791615614,4.723486412806134,4.681019498271529,7.406015892598331,0.04211434266007266
38,2017,9,Germany,Russian Federation,DEU,RUS,Germany,DEU,import,44448.758,5726.156,7.762407800276486,,3763092263752.95,1574199360089.0,1.50949485109622,3.68332944412233,0.885205508269372,58.3428011851719,0.0151724889838568,103.79,106.88,2065.183,0,0,1,1,1,0,0,0,10.70211479660777,8.652974351415224,2.1704707302256345,28.956262145908937,28.08476791615614,4.65195834748685,4.681019498271529,7.633458222717186,0.015058537941177128
40,2017,9,Greece,Russian Federation,GRC,RUS,Greece,GRC,import,747.256,113.711,6.571536614751431,,200381103984.298,1574199360089.0,1.1212545203142,3.68332944412233,0.885205508269372,58.3428011851719,0.0151724889838568,106.15,106.88,2233.583,0,0,1,1,1,0,0,0,6.617745165410983,4.742415921890955,2.0243960342678253,26.02348691022087,28.08476791615614,4.674229721919586,4.681019498271529,7.711809912458774,0.015058537941177128
41,2017,9,Grenada,Russian Federation,GRD,RUS,Grenada,GRD,import,46.416,4.057,11.440966231205325,,1125685185.18519,1574199360089.0,0.908458255874258,3.68332944412233,2.7,58.3428011851719,0.0462782030542307,,106.88,9489.634,0,0,0,0,0,0,0,0,3.858959724485537,1.620773422097846,2.5209947556135286,20.84165774159128,28.08476791615614,,4.681019498271529,9.15806069653791,0.04523929878246778
42,2017,9,Guatemala,Russian Federation,GTM,RUS,Guatemala,GTM,import,3830.595,992.123,3.8610081612864535,,71653754107.104,1574199360089.0,4.42453655182547,3.68332944412233,7.34793875,58.3428011851719,0.1259442227787224,106.05,106.88,10835.78,0,0,0,0,0,0,0,0,8.25103644457,6.900854523443767,1.581245856993498,24.9951113849367,28.08476791615614,4.6732960150356915,4.681019498271529,9.29070118289567,0.11862199277006913
44,2017,9,Honduras,Russian Federation,HND,RUS,Honduras,HND,import,15184.953,5147.924,2.9497236167433707,,23136247990.5977,1574199360089.0,3.93436084442048,3.68332944412233,23.4870839434552,58.3428011851719,0.4025703851433269,106.89,106.88,10729.13,0,0,0,0,0,0,0,0,9.62812613481251,8.546543039789608,1.3736456060202684,23.864666401727597,28.08476791615614,4.681112189563248,4.681019498271529,9.28081095111519,0.33830654264090304
45,2017,9,"China, Hong Kong SAR",Russian Federation,HKG,RUS,"China, Hong Kong SAR",HKG,import,1.956,0.244,8.01639344262295,,341273289534.466,1574199360089.0,1.49387243939528,3.68332944412233,7.79325,58.3428011851719,0.1335768910934754,100.0,106.88,7145.355,0,0,0,0,0,0,0,0,1.0838370030859554,0.2183319943169877,2.1990444140532053,26.55594942883979,28.08476791615614,4.61512051684126,4.681019498271529,8.874357715491055,0.1253780237714771
46,2017,9,Hungary,Russian Federation,HUN,RUS,Hungary,HUN,import,16.064,3.535,4.5442715700141445,,143335098991.862,1574199360089.0,2.3482428115016,3.68332944412233,274.433333333333,58.3428011851719,4.7038079721664365,106.08,106.88,1574.19,0,0,1,0,1,0,0,0,2.8369709811690496,1.5118250835670999,1.712765245178187,25.68845107544489,28.08476791615614,4.673576218652152,4.681019498271529,7.362131178904561,1.741134017076583
47,2017,9,Indonesia,Russian Federation,IDN,RUS,Indonesia,IDN,import,105270.361,50195.899,2.097190469683589,,1015618744159.73,1574199360089.0,3.80879857691949,3.68332944412233,13380.8338788891,58.3428011851719,229.34849899339252,108.94,106.88,9302.706,0,0,0,0,0,0,0,0,11.564296685821434,10.82370853086343,1.1304954004507872,27.646519142849954,28.08476791615614,4.699934762432514,4.681019498271529,9.138168094387108,5.439593375160967
48,2017,9,Iran,Russian Federation,IRN,RUS,Iran,IRN,import,749.3100000000001,255.648,2.93102234322193,,489168731811.147,1574199360089.0,8.04492437660281,3.68332944412233,33226.2981524127,58.3428011851719,569.501249125099,,106.88,2466.589,0,0,0,0,0,0,0,0,6.620486454464999,5.547705496262136,1.3688995302754985,26.91597332173412,28.08476791615614,,4.681019498271529,7.810996839552813,6.346515358826638
49,2017,9,Israel,Russian Federation,ISR,RUS,Israel,ISR,import,835.672,134.134,6.23012808087435,,358451839052.991,1574199360089.0,0.249807840122998,3.68332944412233,3.59955554812834,58.3428011851719,0.0616966528004689,101.48,106.88,2643.989,0,0,0,0,0,0,0,0,6.729432117939395,4.906266878736733,1.9782567512107667,26.605060147805407,28.08476791615614,4.629667657588479,4.681019498271529,7.880422185493582,0.059868244353197674
50,2017,9,Italy,Russian Federation,ITA,RUS,Italy,ITA,import,60739.145,11602.441,5.235031576544969,,1970720904584.71,1574199360089.0,1.22653316645805,3.68332944412233,0.885205508269372,58.3428011851719,0.0151724889838568,104.86,106.88,2383.171,0,0,1,1,1,0,0,0,11.014360125821124,9.359056971037159,1.830183643520935,28.30942053315228,28.08476791615614,4.662117466429842,4.681019498271529,7.776606753800817,0.015058537941177128
51,2017,9,Jamaica,Russian Federation,JAM,RUS,Jamaica,JAM,import,68.228,1.09,62.594495412844026,,14808985132.7722,1574199360089.0,4.37839864991563,3.68332944412233,127.964544179198,58.3428011851719,2.193321910839632,109.44,106.88,9806.688,0,0,0,0,0,0,0,0,4.237405405062753,0.7371640659767196,4.152526916487884,23.41849993713688,28.08476791615614,4.704472387061954,4.681019498271529,9.190921846903299,1.1610617263269358
52,2017,9,Japan,Russian Federation,JPN,RUS,Japan,JPN,import,1168.685,104.961,11.13446899324511,,4930837369151.42,1574199360089.0,0.484199796126422,3.68332944412233,112.166141081871,58.3428011851719,1.922536093628267,103.09,106.88,7486.303,0,0,1,1,0,0,0,0,7.064489760773461,4.663071101882929,2.4960500799389105,29.226529941315025,28.08476791615614,4.645255909527377,4.681019498271529,8.920963931560047,1.07245176454557
53,2017,9,Kazakhstan,Russian Federation,KAZ,RUS,Kazakhstan,KAZ,import,7219.736,1544.7229999999995,4.673806242284216,,166805788827.233,1574199360089.0,7.44266321306799,3.68332944412233,326.001022727273,58.3428011851719,5.587682046540605,107.52,106.88,3104.607,1,1,0,0,0,1,0,1,8.884712165749612,7.343247041037215,1.7358601874574893,25.84009603147408,28.08476791615614,4.686934487790731,4.681019498271529,8.040964466404994,1.885201548634116
54,2017,9,Jordan,Russian Federation,JOR,RUS,Jordan,JOR,import,13.432,1.92,6.995833333333334,,41608435915.493,1574199360089.0,3.32389447576103,3.68332944412233,0.71,58.3428011851719,0.0121694533957421,93.1,106.88,2652.505,0,0,0,0,0,0,0,0,2.669447963320268,1.0715836162801904,2.0789205726657087,24.451568770109393,28.08476791615614,4.544358046591334,4.681019498271529,7.883636686569925,0.012096000915019625
55,2017,9,Kenya,Russian Federation,KEN,RUS,Kenya,KEN,import,70745.71100000001,22349.668,3.165403217622741,,82036510877.2599,1574199360089.0,8.00564967709946,3.68332944412233,103.410004519014,58.3428011851719,1.7724552544332777,103.79,106.88,6348.253,0,0,0,0,0,0,0,0,11.166861326792391,10.01461148773825,1.4268130818867673,25.13043023972717,28.08476791615614,4.65195834748685,4.681019498271529,8.756092447171593,1.0197333010438991
56,2017,9,Dem. People's Rep. of Korea,Russian Federation,PRK,RUS,Dem. People's Rep. of Korea,PRK,import,0.064,0.001,64.0,,,1574199360089.0,,3.68332944412233,,58.3428011851719,,104.68,106.88,6418.446,1,0,0,0,0,0,0,0,0.0620353909194527,0.0009995003330834232,4.174387269895637,,28.08476791615614,4.66041566021407,4.681019498271529,8.767087100125675,
57,2017,9,Rep. of Korea,Russian Federation,KOR,RUS,Rep. of Korea,KOR,import,198.211,19.122,10.365599832653489,,1623074183501.9,1574199360089.0,1.94433230786365,3.68332944412233,1131.00083333333,58.3428011851719,19.385439340557053,,106.88,6614.064,0,0,1,0,0,0,0,0,5.294364564509415,3.001813743869859,2.4305912348517813,28.1153431110584,28.08476791615614,,4.681019498271529,8.797104751483356,3.0148208881879572
58,2017,9,Kyrgyzstan,Russian Federation,KGZ,RUS,Kyrgyzstan,KGZ,import,157.497,128.161,1.2288995872379271,,7702938379.42036,1574199360089.0,3.1753098637994,3.68332944412233,68.866667859063,58.3428011851719,1.180379866240735,115.96,106.88,2985.871,0,1,0,0,0,1,0,1,5.065735665693414,4.861059688195191,0.8015080050435455,22.764867700859092,28.08476791615614,4.761831996001468,4.681019498271529,8.001981630139227,0.7794991121902751
59,2017,9,Lao People's Dem. Rep.,Russian Federation,LAO,RUS,Lao People's Dem. Rep.,LAO,import,144.571,43.719,3.3068231203824423,,17071155481.4994,1574199360089.0,0.825478607568033,3.68332944412233,8244.84318921019,58.3428011851719,141.31723231872618,107.72,106.88,6809.734,0,0,0,0,0,0,0,0,4.980663940100271,3.800398467237254,1.4602005372886677,23.560656062293674,28.08476791615614,4.688775769842889,4.681019498271529,8.826255176007963,4.958058596279266
60,2017,9,Lebanon,Russian Federation,LBN,RUS,Lebanon,LBN,import,32.86,4.524,7.263483642793988,,53027680685.9038,1574199360089.0,4.32135218303191,3.68332944412233,1507.5,58.3428011851719,25.838663371945504,,106.88,2441.484,0,0,0,0,0,0,0,0,3.522234376704989,1.7091022355470458,2.111846247144251,24.694079891270704,28.08476791615614,,4.681019498271529,7.80077083323018,3.289843511010428
61,2017,9,Latvia,Russian Federation,LVA,RUS,Latvia,LVA,import,1210.063,186.472,6.4892477154747095,,29391059767.4259,1574199360089.0,2.9303631237467,3.68332944412233,0.885205508269372,58.3428011851719,0.0151724889838568,114.16,106.88,847.8519,1,0,1,1,1,0,0,0,7.099253765321324,5.2336295009258,2.0134683539634413,24.103956375537134,28.08476791615614,4.746322465743975,4.681019498271529,6.743884730576574,0.015058537941177128
62,2017,9,Lithuania,Russian Federation,LTU,RUS,Lithuania,LTU,import,9444.859,458.9,20.581518849422533,,47756764508.446,1574199360089.0,3.72288862303706,3.68332944412233,0.885205508269372,58.3428011851719,0.0151724889838568,109.96,106.88,794.0689,1,0,1,1,1,0,0,0,9.153331723391446,6.1310090745458785,3.071837339624938,24.589386558958882,28.08476791615614,4.7091697760065765,4.681019498271529,6.67842877756566,0.015058537941177128
63,2017,9,Madagascar,Russian Federation,MDG,RUS,Madagascar,MDG,import,867.019,57.362,15.114866985112094,,13176313593.5509,1574199360089.0,8.60905075422951,3.68332944412233,3116.11,58.3428011851719,53.41035974789593,,106.88,8356.116,0,0,0,0,0,0,0,0,6.7662136038217024,4.066664993115358,2.7797422611292153,23.30168662997499,28.08476791615614,,4.681019498271529,9.030868670484256,3.996554572273365
64,2017,9,Malawi,Russian Federation,MWI,RUS,Malawi,MWI,import,845.89,414.738,2.0395767930597146,,8943543793.5839,1574199360089.0,11.5433939188771,3.68332944412233,730.2725,58.3428011851719,12.516925570341012,103.32,106.88,7767.932,0,0,0,0,0,0,0,0,6.741570816088329,6.030055254156779,1.1117182929178233,22.914197745191522,28.08476791615614,4.647463098178343,4.681019498271529,8.957887982176885,2.6039426461124098
65,2017,9,Malaysia,Russian Federation,MYS,RUS,Malaysia,MYS,import,52.641,22.679,2.321134088804621,,319109094160.343,1574199360089.0,3.87120115774237,3.68332944412233,4.30044087761124,58.3428011851719,0.0737098800580767,110.71,106.88,8130.454,0,0,0,0,0,0,0,0,3.9823137010435805,3.164588579394375,1.2003063176122266,26.488798869233293,28.08476791615614,4.715906227582757,4.681019498271529,9.00349503033965,0.07111982929516929
66,2017,9,Mexico,Russian Federation,MEX,RUS,Mexico,MEX,import,3800.622,1189.088,3.1962495626900616,,1190721475906.0,1574199360089.0,6.04145724018993,3.68332944412233,18.9265166666667,58.3428011851719,0.3244019190404756,103.5,106.88,10736.3,0,0,0,0,0,0,0,0,8.243183096748563,7.081782532951272,1.4341911650976396,27.80558052161193,28.08476791615614,4.6491870714048655,4.681019498271529,9.281478939809377,0.2809609756784846
68,2017,9,Mongolia,Russian Federation,MNG,RUS,Mongolia,MNG,import,10.081,3.446,2.9254207777132906,,11480847740.736,1574199360089.0,4.30143105302339,3.68332944412233,2439.77720111244,58.3428011851719,41.81796471117195,108.76,106.88,4632.875,1,0,0,0,0,0,0,0,2.4052319299541884,1.4920048155420047,1.3674735500013189,23.163946070210372,28.08476791615614,4.6982961639775755,4.681019498271529,8.441148730092465,3.7569577507654714
69,2017,9,Rep. of Moldova,Russian Federation,MDA,RUS,Rep. of Moldova,MDA,import,14.596,6.035,2.4185584092792047,,9514404016.20949,1574199360089.0,6.57022997455602,3.68332944412233,18.4990348873528,58.3428011851719,0.3170748491941524,106.51,106.88,1150.314,0,0,0,0,0,0,0,1,2.747014471120351,1.9508976905663524,1.229218944456314,22.976072699601374,28.08476791615614,4.6775838664971365,4.681019498271529,7.0486591777724525,0.2754132542473073
70,2017,9,Morocco,Russian Federation,MAR,RUS,Morocco,MAR,import,100.718,9.762,10.317353001434132,,118540573367.844,1574199360089.0,0.754663249323624,3.68332944412233,9.6919978888289,58.3428011851719,0.1661215727038517,107.5,106.88,4156.454,0,0,0,0,0,0,0,0,4.622204278543871,2.376021411067228,2.426337211636081,25.498521130217334,28.08476791615614,4.686750172980514,4.681019498271529,8.33265814666432,0.15368334724769864
71,2017,9,Mozambique,Russian Federation,MOZ,RUS,Mozambique,MOZ,import,201.895,138.462,1.458125695136572,,13264640645.7768,1574199360089.0,15.1132073899384,3.68332944412233,63.584322913399,58.3428011851719,1.0898400766118728,,106.88,9107.99,0,0,0,0,0,0,0,0,5.312688603847009,4.9377921627197185,0.8993991469952816,23.308367733839486,28.08476791615614,,4.681019498271529,9.11701711692886,0.7370875446815152
72,2017,9,Nepal,Russian Federation,NPL,RUS,Nepal,NPL,import,862.09,272.922,3.15874132536036,,28971588940.364,1574199360089.0,3.62709610696607,3.68332944412233,104.511885242862,58.3428011851719,1.7913415729072704,122.35,106.88,4889.868,0,0,0,0,0,0,0,0,6.760518973015519,5.612843394328592,1.4252124624716946,24.089581495044225,28.08476791615614,4.815025842975365,4.681019498271529,8.495125071829223,1.0265223307661153
73,2017,9,Netherlands,Russian Federation,NLD,RUS,Netherlands,NLD,import,11174.907,2886.29,3.871720097426108,,848233537845.884,1574199360089.0,1.38145871407207,3.68332944412233,0.885205508269372,58.3428011851719,0.0151724889838568,106.36,106.88,2155.229,0,0,1,1,1,0,0,0,9.321515579499168,7.968073624912566,1.5834470774899894,27.46642183322748,28.08476791615614,4.676187673223372,4.681019498271529,7.67611614160181,0.015058537941177128
74,2017,9,New Zealand,Russian Federation,NZL,RUS,New Zealand,NZL,import,0.091,0.022,4.136363636363637,,206745969246.073,1574199360089.0,1.85078767452534,3.68332944412233,1.40740833333333,58.3428011851719,0.0241230846778579,105.01,106.88,16774.49,0,0,1,0,0,0,0,0,0.08709470685093373,0.02176149178151271,1.6363453653540248,26.054756674878174,28.08476791615614,4.663533429285006,4.681019498271529,9.727674171547402,0.02383671927460987
75,2017,9,Nicaragua,Russian Federation,NIC,RUS,Nicaragua,NIC,import,2977.492,882.447,3.374131250941983,,13785893007.4769,1574199360089.0,3.85067166284727,3.68332944412233,30.0509413442878,58.3428011851719,0.51507539463027,106.36,106.88,10876.95,0,0,0,0,0,0,0,0,7.999172411149406,6.783831301278977,1.475707928878443,23.346911660497476,28.08476791615614,4.676187673223372,4.681019498271529,9.294493083539175,0.4154652031555958
76,2017,9,Nigeria,Russian Federation,NGA,RUS,Nigeria,NGA,import,402.36,174.86800000000002,2.3009355628245305,,375745731053.427,1574199360089.0,16.5022662139641,3.68332944412233,305.790109160005,58.3428011851719,5.241265468030407,95.44,106.88,6263.33,0,0,0,0,0,0,0,0,5.999829463439609,5.169733713647448,1.194205932179023,26.65217850438236,28.08476791615614,4.5689210533129705,4.681019498271529,8.74262691827533,1.8311829611841723
77,2017,9,Norway,Russian Federation,NOR,RUS,Norway,NOR,import,2.665,0.331,8.051359516616314,,401745275035.261,1574199360089.0,1.87510059552554,3.68332944412233,8.27166666666666,58.3428011851719,0.1417769887395969,95.61,106.88,1649.799,1,0,1,1,0,0,0,0,1.2988283353386147,0.2859305394129745,2.202914969260047,26.719084080539705,28.08476791615614,4.570682255529419,4.681019498271529,7.4090146921113424,0.132585810850102
78,2017,9,Panama,Russian Federation,PAN,RUS,Panama,PAN,import,2.7430000000000003,0.395,6.944303797468355,,64327688800.0,1574199360089.0,0.875585918759832,3.68332944412233,1.0,58.3428011851719,0.0171400752052706,103.8,106.88,10819.55,0,0,0,0,0,0,0,0,1.319887428922292,0.33289441527332897,2.072455168391856,24.88725599448935,28.08476791615614,4.6520537718869415,4.681019498271529,9.289202382901557,0.01699484131383284
79,2017,9,Papua New Guinea,Russian Federation,PNG,RUS,Papua New Guinea,PNG,import,5118.853,1678.232,3.050146225313306,,22742699138.356,1574199360089.0,5.42204568023833,3.68332944412233,3.18878838289617,58.3428011851719,0.0546560726965337,107.59,106.88,12100.54,0,0,0,0,0,0,0,0,8.540881006683886,7.42609182501851,1.3987529854823084,23.84751001388712,28.08476791615614,4.687579322228809,4.681019498271529,9.401087996213619,0.053214716335267975
80,2017,9,Paraguay,Russian Federation,PRY,RUS,Paraguay,PRY,import,6.277,1.535,4.089250814332248,,38997129473.5558,1574199360089.0,3.60247741348943,3.68332944412233,5618.9334516428,58.3428011851719,96.30894193456858,111.08,106.88,12642.6,0,0,0,0,0,0,0,0,1.9847186893649493,0.9301936370431465,1.627130631975272,24.38675387715069,28.08476791615614,4.719212902028752,4.681019498271529,9.444906437276726,4.577890885632955
81,2017,9,Peru,Russian Federation,PER,RUS,Peru,PER,import,5211.686,1843.971,2.8263383751696742,,211007984080.911,1574199360089.0,2.99490045809443,3.68332944412233,3.2604884908321,58.3428011851719,0.0558850179387815,98.43,106.88,12666.63,0,0,0,0,0,0,0,0,8.558850548923655,7.520218838193914,1.341908308082212,26.075161808957354,28.08476791615614,4.599453878991982,4.681019498271529,9.446805199780137,0.054379294828050206
82,2017,9,Poland,Russian Federation,POL,RUS,Poland,POL,import,14160.672,1548.377,9.145493636239754,,528356723263.073,1574199360089.0,2.07593553673849,3.68332944412233,3.77933333333333,58.3428011851719,0.0647780575591194,111.87,106.88,1156.427,1,0,1,1,1,0,0,0,9.558294439372968,7.345608193631704,2.3170296301758015,26.993037504772026,28.08476791615614,4.726236713967535,4.681019498271529,7.053954717016941,0.06276638078568379
83,2017,9,Portugal,Russian Federation,PRT,RUS,Portugal,PRT,import,3104.441,671.182,4.625334112059024,,220862990767.229,1574199360089.0,1.36861411643479,3.68332944412233,0.885205508269372,58.3428011851719,0.0151724889838568,102.44,106.88,3913.34,0,0,1,1,1,0,0,0,8.040911013267925,6.510529137187756,1.7272803440258924,26.120808394939928,28.08476791615614,4.638991734463602,4.681019498271529,8.27240201183782,0.015058537941177128
84,2017,9,Romania,Russian Federation,ROU,RUS,Romania,ROU,import,16.363,8.058,2.0306527674360884,,210147385855.419,1574199360089.0,1.33902121104398,3.68332944412233,4.05249166666666,58.3428011851719,0.0694600119353991,113.62,106.88,,,,1,1,1,0,0,0,2.854341505362001,2.203648345134022,1.108778031115923,26.0710749589027,28.08476791615614,4.741622309123591,4.681019498271529,,0.06715385934660077
85,2017,9,Russian Federation,Azerbaijan,RUS,AZE,Azerbaijan,AZE,export,3657.49,762.7120000000001,4.79537492526668,-1487.4819999999995,40866627351.9817,1574199360089.0,12.9359184187335,3.68332944412233,1.72115480222734,58.3428011851719,0.0295007227500893,99.07,106.88,1930.747,1,0,0,0,0,0,0,1,8.204805772959682,6.638190754747191,1.7570601727604354,24.433579609781134,28.08476791615614,4.605869941102364,4.681019498271529,7.566180053816499,0.029073949525372452
86,2017,9,Russian Federation,Australia,RUS,AUS,Australia,AUS,export,21.807,1.721,12.67112144102266,16.201999999999998,1325582658156.54,1574199360089.0,1.94864740944521,3.68332944412233,1.30475807671592,58.3428011851719,0.0223636515595951,98.86,106.88,14503.07,0,0,1,1,0,0,0,0,3.1270675063840128,1.0009994598011094,2.6152856840222913,27.912873220714243,28.08476791615614,4.603769205072463,4.681019498271529,9.582184578677866,0.022117251935194867
87,2017,9,Russian Federation,Austria,RUS,AUT,Austria,AUT,export,72.501,111.823,0.6483549895817498,-19047.066,414926138132.691,1574199360089.0,2.08126911385585,3.68332944412233,0.885205508269372,58.3428011851719,0.0151724889838568,107.46,106.88,1675.699,0,0,1,1,1,0,0,0,4.297299011568414,4.725820218988254,0.4997778145902795,26.751366360935975,28.08476791615614,4.686381441412914,4.681019498271529,7.42458225853397,0.015058537941177128
89,2017,9,Russian Federation,Armenia,RUS,ARM,Armenia,ARM,export,2440.798,373.621,6.532818016117939,-283.0619999999999,11527458709.0158,1574199360089.0,0.969553268816178,3.68332944412233,482.716393849129,58.3428011851719,8.273795293391117,140.77,106.88,1803.035,0,0,0,0,0,1,0,1,7.800489932166519,5.925914848235814,2.019269210330309,23.167997740170648,28.08476791615614,4.95420602612954,4.681019498271529,7.497781101764742,2.2271927125523856
90,2017,9,Russian Federation,Belgium,RUS,BEL,Belgium,BEL,export,42.649,13.143,3.244997336985468,-3849.729,500908767351.53,1574199360089.0,2.12597086002608,3.68332944412233,0.885205508269372,58.3428011851719,0.0151724889838568,105.61,106.88,2261.25,0,0,1,1,1,0,0,0,3.776180372515739,2.649219802038363,1.4457411924334245,26.939689820356104,28.08476791615614,4.669177315962384,4.681019498271529,7.724115172231243,0.015058537941177128
91,2017,9,Russian Federation,Bosnia Herzegovina,RUS,BIH,Bosnia Herzegovina,BIH,export,4.907,4.215,1.1641755634638198,4.907,18326373366.1105,1574199360089.0,0.810133321953058,3.68332944412233,1.73535271327691,58.3428011851719,0.0297440760132367,108.49,106.88,1902.116,0,0,0,0,0,0,0,0,1.7761380883250981,1.6515390884527357,0.7720394868356899,23.6316070269101,28.08476791615614,4.6958332208853335,4.681019498271529,7.551247821823041,0.02931030147772568
92,2017,9,Russian Federation,Bulgaria,RUS,BGR,Bulgaria,BGR,export,41.925,12.458,3.365307432974795,-419.027,59167647387.606,1574199360089.0,2.06159619443141,3.68332944412233,1.73545833333333,58.3428011851719,0.0297458863489469,109.68,106.88,1785.898,0,0,1,1,1,0,0,0,3.759454406783539,2.599573724766126,1.4736886181916433,24.80364073263847,28.08476791615614,4.7066431549187255,4.681019498271529,7.488236434627176,0.02931205952048684
93,2017,9,Russian Federation,Myanmar,RUS,MMR,Myanmar,MMR,export,12.814,40.0,0.32035,2.4890000000000008,66053040483.0016,1574199360089.0,4.57253655317506,3.68332944412233,1360.35870704085,58.3428011851719,23.316650544824917,120.52,106.88,6526.041,0,0,0,0,0,0,0,0,2.6256825706667812,3.713572066704308,0.2778968529669806,24.91372389992114,28.08476791615614,4.800078858287518,4.681019498271529,8.783708980214998,3.1911613233049168
94,2017,9,Russian Federation,Belarus,RUS,BLR,Belarus,BLR,export,47684.041,8234.008,5.791109384397003,45257.63,54725405751.1559,1574199360089.0,6.03183725177786,3.68332944412233,1.93234166666667,58.3428011851719,0.0331204814889447,104.39,106.88,686.9657,1,0,0,0,0,1,0,1,10.772373021821807,9.016149614074536,1.9156143132611008,24.725593894711697,28.08476791615614,4.657667754945845,4.681019498271529,6.533738982039396,0.032583815949171965
95,2017,9,Russian Federation,Canada,RUS,CAN,Canada,CAN,export,111.469,10.902,10.224637681159418,90.315,1649265644244.09,1574199360089.0,1.5968841285297,3.68332944412233,1.29793584646039,58.3428011851719,0.0222467180199477,101.71,106.88,7495.521,0,0,1,1,0,0,0,0,4.722677628116512,2.4767064532226604,2.418111155259664,28.131351240676732,28.08476791615614,4.631909483177713,4.681019498271529,8.92219432523831,0.022002869712044053
97,2017,9,Russian Federation,Sri Lanka,RUS,LKA,Sri Lanka,LKA,export,1623.98,4307.54,0.377008687092865,-172838.88700000002,94369350285.5814,1574199360089.0,7.70413767850602,3.68332944412233,152.446413948767,58.3428011851719,2.612942999855687,105.84,106.88,6576.936,0,0,0,0,0,0,0,0,7.3932507869957895,8.368354378610267,0.31991352843603343,25.270482178210603,28.08476791615614,4.67133238824176,4.681019498271529,8.791476297300637,1.2845226756379786
98,2017,9,Russian Federation,China,RUS,CHN,China,CHN,export,690.361,87.53399999999999,7.886775424406517,-69440.71299999999,12537559062282.9,1574199360089.0,1.59313600071433,3.68332944412233,6.75875508633597,58.3428011851719,0.115845570473804,115.8,106.88,5795.045,1,0,0,0,0,0,1,0,6.538662118607016,4.4833866590263,2.184564264312875,30.15974998005567,28.08476791615614,4.760463070394127,4.681019498271529,8.664931067385588,0.10961247667239513
100,2017,9,Russian Federation,Cyprus,RUS,CYP,Cyprus,CYP,export,0.075,0.001,75.0,-25.81,22946570628.7576,1574199360089.0,0.531766496174477,3.68332944412233,0.885205508269372,58.3428011851719,0.0151724889838568,121.4,106.88,2316.67,0,0,1,0,1,0,0,0,0.07232066157962608,0.0009995003330834232,4.330733340286331,23.856434334390233,28.08476791615614,4.807294370078226,4.681019498271529,7.748317649657977,0.015058537941177128
101,2017,9,Russian Federation,Czechia,RUS,CZE,Czechia,CZE,export,155.817,40.84,3.81530362389814,-233.125,221563575696.217,1574199360089.0,2.45053398460141,3.68332944412233,23.3763333333333,58.3428011851719,0.4006721113568079,111.25,106.88,1673.0,0,0,1,1,1,0,0,0,5.055079520406808,3.7338528197566676,1.5717991011847923,26.12397540871198,28.08476791615614,4.720728526622364,4.681019498271529,7.422971251049421,0.3369522009604764
102,2017,9,Russian Federation,Denmark,RUS,DNK,Denmark,DNK,export,1.896,0.692,2.739884393063584,-37.056,331610593961.988,1574199360089.0,1.14713216957606,3.68332944412233,6.60289346561404,58.3428011851719,0.1131740905730148,107.09,106.88,1566.362,0,0,1,1,1,0,0,0,1.06333047452347,0.5259112611840315,1.3190547000031216,26.527227207715885,28.08476791615614,4.682964213428112,4.681019498271529,7.357149230353968,0.10721547567093952
103,2017,9,Russian Federation,Estonia,RUS,EST,Estonia,EST,export,827.867,130.56,6.340893075980392,-5867.462,27469461919.1189,1574199360089.0,3.41723549488055,3.68332944412233,0.885205508269372,58.3428011851719,0.0151724889838568,106.52,106.88,871.7853,1,0,1,1,1,0,0,0,6.7200597080062,4.8794630213208565,1.9934605077018215,24.03634074895199,28.08476791615614,4.677676876774839,4.681019498271529,6.771689592030556,0.015058537941177128
104,2017,9,Russian Federation,Finland,RUS,FIN,Finland,FIN,export,205.949,41.413,4.97305194021201,-24257.357,253846138440.0,1574199360089.0,0.754015047084353,3.68332944412233,0.885205508269372,58.3428011851719,0.0151724889838568,108.54,106.88,892.6777,1,0,1,1,1,0,0,0,5.332472386098022,3.7474549190181654,1.7872580095456116,26.259994166252476,28.08476791615614,4.696289779355575,4.681019498271529,6.795345195631136,0.015058537941177128
105,2017,9,Russian Federation,France,RUS,FRA,France,FRA,export,25.269,3.894,6.489214175654853,-2806.314,2588868323334.71,1574199360089.0,1.03228275064667,3.68332944412233,0.885205508269372,58.3428011851719,0.0151724889838568,102.93,106.88,2494.316,0,0,1,1,1,0,0,0,3.2683895367376614,1.58800996502048,2.0134638755570338,28.582241955356526,28.08476791615614,4.6437175956003305,4.681019498271529,7.822170653472379,0.015058537941177128
106,2017,9,Russian Federation,Georgia,RUS,GEO,Georgia,GEO,export,2956.552,870.8420000000001,3.3950498483077296,-990.5369999999998,16473125375.0684,1574199360089.0,6.03531725272117,3.68332944412233,2.50954166666667,58.3428011851719,0.0430137328974269,111.56,106.88,1644.856,1,0,0,0,0,0,0,0,7.9921171781155556,6.770608214831056,1.4804788731223602,23.524996124886265,28.08476791615614,4.723486412806134,4.681019498271529,7.406015892598331,0.04211434266007266
107,2017,9,Russian Federation,Germany,RUS,DEU,Germany,DEU,export,2721.311,1041.4,2.613127520645285,-41727.447,3763092263752.95,1574199360089.0,1.50949485109622,3.68332944412233,0.885205508269372,58.3428011851719,0.0151724889838568,103.79,106.88,2065.183,0,0,1,1,1,0,0,0,7.909236430909729,6.9492810258106354,1.284573746490142,28.956262145908937,28.08476791615614,4.65195834748685,4.681019498271529,7.633458222717186,0.015058537941177128
108,2017,9,Russian Federation,Greece,RUS,GRC,Greece,GRC,export,10.994,2.3000000000000003,4.779999999999999,-736.262,200381103984.298,1574199360089.0,1.1212545203142,3.68332944412233,0.885205508269372,58.3428011851719,0.0151724889838568,106.15,106.88,2233.583,0,0,1,1,1,0,0,0,2.484406524746318,1.1939224684724346,1.754403682684286,26.02348691022087,28.08476791615614,4.674229721919586,4.681019498271529,7.711809912458774,0.015058537941177128
109,2017,9,Russian Federation,"China, Hong Kong SAR",RUS,HKG,"China, Hong Kong SAR",HKG,export,12.13,1.862,6.514500537056928,10.174,341273289534.466,1574199360089.0,1.49387243939528,3.68332944412233,7.79325,58.3428011851719,0.1335768910934754,100.0,106.88,7145.355,0,0,0,0,0,0,0,0,2.574899688314705,1.0515206811342592,2.0168345588614254,26.55594942883979,28.08476791615614,4.61512051684126,4.681019498271529,8.874357715491055,0.1253780237714771
110,2017,9,Russian Federation,Hungary,RUS,HUN,Hungary,HUN,export,211.436,27.223,7.766814825698858,195.372,143335098991.862,1574199360089.0,2.3482428115016,3.68332944412233,274.433333333333,58.3428011851719,4.7038079721664365,106.08,106.88,1574.19,0,0,1,0,1,0,0,0,5.358640766531142,3.3401372483576917,2.170973550642633,25.68845107544489,28.08476791615614,4.673576218652152,4.681019498271529,7.362131178904561,1.741134017076583
111,2017,9,Russian Federation,Iceland,RUS,ISL,Iceland,ISL,export,0.362,0.007,51.71428571428571,0.362,24728285177.4603,1574199360089.0,1.76041559180602,3.68332944412233,106.839572014,58.3428011851719,1.8312382992188891,100.2,106.88,3316.138,0,0,1,1,0,0,0,0,0.3089542077273207,0.006975613736425138,3.9648864949852136,23.93121357432297,28.08476791615614,4.617098756853365,4.681019498271529,8.106857641940545,1.0407141775144473
112,2017,9,Russian Federation,Indonesia,RUS,IDN,Indonesia,IDN,export,2881.762,9149.201,0.3149741709685906,-102388.599,1015618744159.73,1574199360089.0,3.80879857691949,3.68332944412233,13380.8338788891,58.3428011851719,229.34849899339252,108.94,106.88,9302.706,0,0,0,0,0,0,0,0,7.966504141334436,9.121531125241406,0.27381702358784377,27.646519142849954,28.08476791615614,4.699934762432514,4.681019498271529,9.138168094387108,5.439593375160967
113,2017,9,Russian Federation,Iran,RUS,IRN,Iran,IRN,export,37.845,110.0,0.3440454545454545,-711.465,489168731811.147,1574199360089.0,8.04492437660281,3.68332944412233,33226.2981524127,58.3428011851719,569.501249125099,,106.88,2466.589,0,0,0,0,0,0,0,0,3.659579368402384,4.709530201312334,0.29568406187538315,26.91597332173412,28.08476791615614,,4.681019498271529,7.810996839552813,6.346515358826638
114,2017,9,Russian Federation,Iraq,RUS,IRQ,Iraq,IRQ,export,22.946,62.725,0.3658190514149063,22.946,187217660050.676,1574199360089.0,0.184058898847663,3.68332944412233,1184.0,58.3428011851719,20.29384904304045,101.4,106.88,2548.646,0,0,0,0,0,0,0,0,3.1758012952946517,4.154576950262179,0.31175428635290153,25.95553773442325,28.08476791615614,4.628886712605407,4.681019498271529,7.843709804986182,3.058418253689135
115,2017,9,Russian Federation,Ireland,RUS,IRL,Ireland,IRL,export,0.194,0.012,16.166666666666668,0.194,348532394023.595,1574199360089.0,0.362173038229412,3.68332944412233,0.885205508269372,58.3428011851719,0.0151724889838568,109.91,106.88,2802.315,0,0,1,1,1,0,0,0,0.1773090149704103,0.011928570865273812,2.842969519001581,26.57699701555196,28.08476791615614,4.70871906161665,4.681019498271529,7.938557924443968,0.015058537941177128
116,2017,9,Russian Federation,Israel,RUS,ISR,Israel,ISR,export,5131.284000000001,1369.396,3.747114786372971,4295.612000000001,358451839052.991,1574199360089.0,0.249807840122998,3.68332944412233,3.59955554812834,58.3428011851719,0.0616966528004689,101.48,106.88,2643.989,0,0,0,0,0,0,0,0,8.543306063253482,7.222855028149842,1.5575370201011336,26.605060147805407,28.08476791615614,4.629667657588479,4.681019498271529,7.880422185493582,0.059868244353197674
117,2017,9,Russian Federation,Italy,RUS,ITA,Italy,ITA,export,76.728,103.733,0.7396681865944299,-60662.417,1970720904584.71,1574199360089.0,1.22653316645805,3.68332944412233,0.885205508269372,58.3428011851719,0.0151724889838568,104.86,106.88,2383.171,0,0,1,1,1,0,0,0,4.353215552819762,4.651414254462159,0.5536943976818612,28.30942053315228,28.08476791615614,4.662117466429842,4.681019498271529,7.776606753800817,0.015058537941177128
118,2017,9,Russian Federation,Japan,RUS,JPN,Japan,JPN,export,21.783,1.589,13.70862177470107,-1146.902,4930837369151.42,1574199360089.0,0.484199796126422,3.68332944412233,112.166141081871,58.3428011851719,1.922536093628267,103.09,106.88,7486.303,0,0,1,1,0,0,0,0,3.126014643816913,0.9512717007694006,2.6884338371376115,29.226529941315025,28.08476791615614,4.645255909527377,4.681019498271529,8.920963931560047,1.07245176454557
119,2017,9,Russian Federation,Kazakhstan,RUS,KAZ,Kazakhstan,KAZ,export,29167.660000000003,5647.017,5.165144712686362,21947.924000000003,166805788827.233,1574199360089.0,7.44266321306799,3.68332944412233,326.001022727273,58.3428011851719,5.587682046540605,107.52,106.88,3104.607,1,1,0,0,0,1,0,1,10.280850124199473,8.639059789083563,1.8189116096070537,25.84009603147408,28.08476791615614,4.686934487790731,4.681019498271529,8.040964466404994,1.885201548634116
120,2017,9,Russian Federation,Jordan,RUS,JOR,Jordan,JOR,export,93.672,87.994,1.064527126849558,80.24,41608435915.493,1574199360089.0,3.32389447576103,3.68332944412233,0.71,58.3428011851719,0.0121694533957421,93.1,106.88,2652.505,0,0,0,0,0,0,0,0,4.550418285934338,4.488568951729261,0.7249012059280915,24.451568770109393,28.08476791615614,4.544358046591334,4.681019498271529,7.883636686569925,0.012096000915019625
121,2017,9,Russian Federation,Dem. People's Rep. of Korea,RUS,PRK,Dem. People's Rep. of Korea,PRK,export,1.336,0.16,8.35,1.272,,1574199360089.0,,3.68332944412233,,58.3428011851719,,104.68,106.88,6418.446,1,0,0,0,0,0,0,0,0.8484400649659808,0.14842000511827322,2.2353763433005955,,28.08476791615614,4.66041566021407,4.681019498271529,8.767087100125675,
122,2017,9,Russian Federation,Rep. of Korea,RUS,KOR,Rep. of Korea,KOR,export,55.097,7.824,7.042050102249489,-143.11399999999998,1623074183501.9,1574199360089.0,1.94433230786365,3.68332944412233,1131.00083333333,58.3428011851719,19.385439340557053,,106.88,6614.064,0,0,1,0,0,0,0,0,4.027082335162933,2.1774752819512013,2.0846840385289767,28.1153431110584,28.08476791615614,,4.681019498271529,8.797104751483356,3.0148208881879572
123,2017,9,Russian Federation,Kuwait,RUS,KWT,Kuwait,KWT,export,1.22,1.002,1.217564870259481,1.22,120687539675.517,1574199360089.0,2.17183298510004,3.68332944412233,0.303349758333333,58.3428011851719,0.005199437671334,128.2,106.88,3051.533,0,0,0,0,0,0,0,0,0.797507195884188,0.6941466808930288,0.7964096885547651,25.516470725889246,28.08476791615614,4.861361591348501,4.681019498271529,8.023727016737235,0.0051859672674599575
124,2017,9,Russian Federation,Kyrgyzstan,RUS,KGZ,Kyrgyzstan,KGZ,export,6657.726000000001,1659.726,4.011340426070328,6500.229,7702938379.42036,1574199360089.0,3.1753098637994,3.68332944412233,68.866667859063,58.3428011851719,1.180379866240735,115.96,106.88,2985.871,0,1,0,0,0,1,0,1,8.80368345394463,7.415010135138807,1.6117034294254624,22.764867700859092,28.08476791615614,4.761831996001468,4.681019498271529,8.001981630139227,0.7794991121902751
125,2017,9,Russian Federation,Lebanon,RUS,LBN,Lebanon,LBN,export,89.34,2.508,35.622009569377994,56.48,53027680685.9038,1574199360089.0,4.32135218303191,3.68332944412233,1507.5,58.3428011851719,25.838663371945504,,106.88,2441.484,0,0,0,0,0,0,0,0,4.503580330226458,1.2550460745099365,3.6006494140208365,24.694079891270704,28.08476791615614,,4.681019498271529,7.80077083323018,3.289843511010428
126,2017,9,Russian Federation,Latvia,RUS,LVA,Latvia,LVA,export,2361.726,371.616,6.355286101782486,1151.663,29391059767.4259,1574199360089.0,2.9303631237467,3.68332944412233,0.885205508269372,58.3428011851719,0.0151724889838568,114.16,106.88,847.8519,1,0,1,1,1,0,0,0,7.7675713161683015,5.920548398737745,1.9954192522475682,24.103956375537134,28.08476791615614,4.746322465743975,4.681019498271529,6.743884730576574,0.015058537941177128
127,2017,9,Russian Federation,Lithuania,RUS,LTU,Lithuania,LTU,export,1198.125,213.527,5.611117095261957,-8246.734,47756764508.446,1574199360089.0,3.72288862303706,3.68332944412233,0.885205508269372,58.3428011851719,0.0151724889838568,109.96,106.88,794.0689,1,0,1,1,1,0,0,0,7.089347403138111,5.368435604572463,1.8887526403806292,24.589386558958882,28.08476791615614,4.7091697760065765,4.681019498271529,6.67842877756566,0.015058537941177128
128,2017,9,Russian Federation,Luxembourg,RUS,LUX,Luxembourg,LUX,export,0.141,0.007,20.142857142857142,0.141,65712180342.9836,1574199360089.0,1.73079959118893,3.68332944412233,0.885205508269372,58.3428011851719,0.0151724889838568,105.47,106.88,2214.132,0,0,1,1,1,0,0,0,0.1319050708799386,0.006975613736425138,3.0513021247088017,24.908550138617276,28.08476791615614,4.667863255326515,4.681019498271529,7.703067274383062,0.015058537941177128
129,2017,9,Russian Federation,Malaysia,RUS,MYS,Malaysia,MYS,export,199.451,485.883,0.4104918262215389,146.81,319109094160.343,1574199360089.0,3.87120115774237,3.68332944412233,4.30044087761124,58.3428011851719,0.0737098800580767,110.71,106.88,8130.454,0,0,0,0,0,0,0,0,5.300569827851327,6.188023847812228,0.34393845649206956,26.488798869233293,28.08476791615614,4.715906227582757,4.681019498271529,9.00349503033965,0.07111982929516929
130,2017,9,Russian Federation,Mali,RUS,MLI,Mali,MLI,export,288.485,59.145,4.877588976244822,288.485,18308362040.0521,1574199360089.0,1.75985742927157,3.68332944412233,580.656749587858,58.3428011851719,9.952500356383894,104.15,106.88,6188.962,0,0,0,0,0,0,0,0,5.668103482199183,4.096758313446036,1.771146639768344,23.630623734561517,28.08476791615614,4.655387902148709,4.681019498271529,8.730684226726034,2.3935677732449614
131,2017,9,Russian Federation,Mauritius,RUS,MUS,Mauritius,MUS,export,34.597,74.552,0.4640653503594806,34.597,13713506130.6081,1574199360089.0,3.66699702675919,3.68332944412233,34.4814083333333,58.3428011851719,0.5910139320169788,102.13,106.88,8654.018,0,0,0,0,0,0,0,0,3.572261364644176,4.324821160903102,0.381217052766553,23.34164703317298,28.08476791615614,4.635990328327978,4.681019498271529,9.065894547330851,0.46437150608473815
132,2017,9,Russian Federation,Mexico,RUS,MEX,Mexico,MEX,export,9.157,0.94,9.741489361702127,-3791.465,1190721475906.0,1574199360089.0,6.04145724018993,3.68332944412233,18.9265166666667,58.3428011851719,0.3244019190404756,103.5,106.88,10736.3,0,0,0,0,0,0,0,0,2.318163122957364,0.6626879730752367,2.3741137537402714,27.80558052161193,28.08476791615614,4.6491870714048655,4.681019498271529,9.281478939809377,0.2809609756784846
133,2017,9,Russian Federation,Mongolia,RUS,MNG,Mongolia,MNG,export,898.626,205.315,4.376816111828166,888.545,11480847740.736,1574199360089.0,4.30143105302339,3.68332944412233,2439.77720111244,58.3428011851719,41.81796471117195,108.76,106.88,4632.875,1,0,0,0,0,0,0,0,6.801979121401618,5.329404127080134,1.6820963982150612,23.163946070210372,28.08476791615614,4.6982961639775755,4.681019498271529,8.441148730092465,3.7569577507654714
134,2017,9,Russian Federation,Rep. of Moldova,RUS,MDA,Rep. of Moldova,MDA,export,6421.002,1075.895,5.96805636237737,6406.406000000001,9514404016.20949,1574199360089.0,6.57022997455602,3.68332944412233,18.4990348873528,58.3428011851719,0.3170748491941524,106.51,106.88,1150.314,0,0,0,0,0,0,0,1,8.767485186078872,6.981837179367422,1.941336328262805,22.976072699601374,28.08476791615614,4.6775838664971365,4.681019498271529,7.0486591777724525,0.2754132542473073
135,2017,9,Russian Federation,Montenegro,RUS,MNE,Montenegro,MNE,export,9.828,1.285,7.648249027237354,9.828,4856599480.79882,1574199360089.0,2.38023599053135,3.68332944412233,0.88520550826938,58.3428011851719,0.015172488983857,89.77,106.88,,,,1,0,0,0,0,0,2.382135371752055,0.8263660243461681,2.157356875856326,22.30360433485483,28.08476791615614,4.508328834538536,4.681019498271529,,0.015058537941177346
136,2017,9,Russian Federation,Morocco,RUS,MAR,Morocco,MAR,export,49.811,155.683,0.3199514397846907,-50.907,118540573367.844,1574199360089.0,0.754663249323624,3.68332944412233,9.6919978888289,58.3428011851719,0.1661215727038517,107.5,106.88,4156.454,0,0,0,0,0,0,0,0,3.928112866577094,5.054224655920935,0.2775949478796819,25.498521130217334,28.08476791615614,4.686750172980514,4.681019498271529,8.33265814666432,0.15368334724769864
137,2017,9,Russian Federation,Nepal,RUS,NPL,Nepal,NPL,export,674.949,1868.458,0.3612331666004801,-187.14100000000008,28971588940.364,1574199360089.0,3.62709610696607,3.68332944412233,104.511885242862,58.3428011851719,1.7913415729072704,122.35,106.88,4889.868,0,0,0,0,0,0,0,0,6.5161176294099565,7.5334038282648335,0.30839102905485655,24.089581495044225,28.08476791615614,4.815025842975365,4.681019498271529,8.495125071829223,1.0265223307661153
138,2017,9,Russian Federation,Netherlands,RUS,NLD,Netherlands,NLD,export,182.941,394.103,0.4641959081762889,-10991.966,848233537845.884,1574199360089.0,1.38145871407207,3.68332944412233,0.885205508269372,58.3428011851719,0.0151724889838568,106.36,106.88,2155.229,0,0,1,1,1,0,0,0,5.214615054015172,5.979146490402945,0.38130622364672234,27.46642183322748,28.08476791615614,4.676187673223372,4.681019498271529,7.67611614160181,0.015058537941177128
139,2017,9,Russian Federation,New Zealand,RUS,NZL,New Zealand,NZL,export,2.601,0.389,6.686375321336761,2.51,206745969246.073,1574199360089.0,1.85078767452534,3.68332944412233,1.40740833333333,58.3428011851719,0.0241230846778579,105.01,106.88,16774.49,0,0,1,0,0,0,0,0,1.2812115846667382,0.3285840637722067,2.039449322766286,26.054756674878174,28.08476791615614,4.663533429285006,4.681019498271529,9.727674171547402,0.02383671927460987
140,2017,9,Russian Federation,Norway,RUS,NOR,Norway,NOR,export,14.946,3.4690000000000003,4.3084462381089645,12.281,401745275035.261,1574199360089.0,1.87510059552554,3.68332944412233,8.27166666666666,58.3428011851719,0.1417769887395969,95.61,106.88,1649.799,1,0,1,1,0,0,0,0,2.7692080140803035,1.4971646699513146,1.6692991819094158,26.719084080539705,28.08476791615614,4.570682255529419,4.681019498271529,7.4090146921113424,0.132585810850102
141,2017,9,Russian Federation,Pakistan,RUS,PAK,Pakistan,PAK,export,2166.113,6039.012000000001,0.3586866527173649,2166.113,339205534861.1,1574199360089.0,4.08537368032612,3.68332944412233,105.455162087938,58.3428011851719,1.807509408971264,110.42,106.88,3658.638,0,0,0,0,0,0,0,0,7.681151146000532,8.706161277681854,0.30651853663130524,26.54987205813109,28.08476791615614,4.71330684459267,4.681019498271529,8.205119514399957,1.0322977589948414
142,2017,9,Russian Federation,Peru,RUS,PER,Peru,PER,export,0.694,0.048,14.458333333333332,-5210.991999999999,211007984080.911,1574199360089.0,2.99490045809443,3.68332944412233,3.2604884908321,58.3428011851719,0.0558850179387815,98.43,106.88,12666.63,0,0,0,0,0,0,0,0,0.5270925962298626,0.04688358589885046,2.7381482322594892,26.075161808957354,28.08476791615614,4.599453878991982,4.681019498271529,9.446805199780137,0.054379294828050206
143,2017,9,Russian Federation,Poland,RUS,POL,Poland,POL,export,1033.828,1800.871,0.5740711022610726,-13126.844,528356723263.073,1574199360089.0,2.07593553673849,3.68332944412233,3.77933333333333,58.3428011851719,0.0647780575591194,111.87,106.88,1156.427,1,0,1,1,1,0,0,0,6.94199050831457,7.496580848480386,0.4536653219489412,26.993037504772026,28.08476791615614,4.726236713967535,4.681019498271529,7.053954717016941,0.06276638078568379
144,2017,9,Russian Federation,Portugal,RUS,PRT,Portugal,PRT,export,0.05,0.001,50.0,-3104.391,220862990767.229,1574199360089.0,1.36861411643479,3.68332944412233,0.885205508269372,58.3428011851719,0.0151724889838568,102.44,106.88,3913.34,0,0,1,1,1,0,0,0,0.04879016416943204,0.0009995003330834232,3.9318256327243257,26.120808394939928,28.08476791615614,4.638991734463602,4.681019498271529,8.27240201183782,0.015058537941177128
145,2017,9,Russian Federation,Qatar,RUS,QAT,Qatar,QAT,export,571.759,140.10399999999998,4.0809612859019015,571.759,161099122225.275,1574199360089.0,0.394878914082963,3.68332944412233,3.64,58.3428011851719,0.0623898737471851,100.83,106.88,3575.788,0,0,0,0,0,0,0,0,6.350465034872303,4.949497207145825,1.6255004731969938,25.805285678488023,28.08476791615614,4.623304756183574,4.681019498271529,8.182220469959994,0.06052096820664158
146,2017,9,Russian Federation,Romania,RUS,ROU,Romania,ROU,export,52.563,158.811,0.330978332735138,36.2,210147385855.419,1574199360089.0,1.33902121104398,3.68332944412233,4.05249166666666,58.3428011851719,0.0694600119353991,113.62,106.88,,,,1,1,1,0,0,0,3.980858531203577,5.0739918670081385,0.28591426034368544,26.0710749589027,28.08476791615614,4.741622309123591,4.681019498271529,,0.06715385934660077
147,2017,9,Russian Federation,Serbia,RUS,SRB,Serbia,SRB,export,4.562,6.152,0.7415474642392718,-135.552,45972834713.8077,1574199360089.0,3.13106248590118,3.68332944412233,107.75885,58.3428011851719,1.8469947930334791,112.65,106.88,,,,0,0,0,0,0,0,1.7159577558117731,1.967392037871213,0.5547740652554257,24.55131650931427,28.08476791615614,4.7331235502985525,4.681019498271529,,1.0462639793632407
148,2017,9,Russian Federation,India,RUS,IND,India,IND,export,7330.767999999999,18210.814,0.402550264914023,-131708.76499999998,2651474262755.45,1574199360089.0,3.328173374613,3.68332944412233,65.1215686450659,58.3428011851719,1.1161885840616248,108.52,106.88,4341.881,0,0,0,0,0,0,1,0,8.899971966342225,9.809825783356176,0.33829219728338417,28.60613692680345,28.08476791615614,4.696107180980193,4.681019498271529,8.376293231744963,0.7496166329273123
149,2017,9,Russian Federation,Singapore,RUS,SGP,Singapore,SGP,export,51.887,24.01,2.161057892544773,11.192,343673334902.33,1574199360089.0,0.576763191180009,3.68332944412233,1.380925,58.3428011851719,0.0236691583528383,114.49,106.88,8431.775,0,0,1,0,0,0,0,0,3.968157561971716,3.219275744889528,1.1509067476955621,26.562957435317486,28.08476791615614,4.749183946126996,4.681019498271529,9.039881178322222,0.023393386867233905
150,2017,9,Russian Federation,Slovakia,RUS,SVK,Slovakia,SVK,export,44.873,51.724,0.8675469801252803,44.424,95978130734.9766,1574199360089.0,1.31194588223234,3.68332944412233,0.885205508269372,58.3428011851719,0.0151724889838568,103.62,106.88,1632.621,0,0,1,1,1,0,0,0,3.825876708694124,3.965070759850219,0.6246257944020016,25.287386197629207,28.08476791615614,4.650334737942465,4.681019498271529,7.39855430237185,0.015058537941177128
151,2017,9,Russian Federation,Viet Nam,RUS,VNM,Viet Nam,VNM,export,78.139,211.405,0.3696175587143161,-192408.073,281353605986.903,1574199360089.0,3.52025688811621,3.68332944412233,22370.0866666667,58.3428011851719,383.4249678150895,138.71,106.88,6737.911,0,0,0,0,0,0,0,0,4.371205800042216,5.358494829580353,0.31453154664611366,26.362878099476827,28.08476791615614,4.939568845662396,4.681019498271529,8.815653618151782,5.951748627679543
152,2017,9,Russian Federation,Slovenia,RUS,SVN,Slovenia,SVN,export,0.7040000000000001,0.065,10.830769230769231,0.7040000000000001,48153200134.6613,1574199360089.0,1.42910743319303,3.68332944412233,0.885205508269372,58.3428011851719,0.0151724889838568,116.37,106.88,1937.979,0,0,1,1,1,0,0,0,0.5329784284071241,0.06297479916138839,2.470703699610007,24.59765343478188,28.08476791615614,4.765331338112032,4.681019498271529,7.569916824859094,0.015058537941177128
153,2017,9,Russian Federation,South Africa,RUS,ZAF,South Africa,ZAF,export,218.98,317.788,0.6890757360252746,168.94,381448814653.456,1574199360089.0,5.18618655524146,3.68332944412233,13.3238014244992,58.3428011851719,0.2283709584360085,100.03,106.88,10147.89,0,0,0,0,0,0,1,0,5.393536633128971,5.764526305053285,0.5241814775694732,26.667242510004904,28.08476791615614,4.615417502439641,4.681019498271529,9.225119618883824,0.2056888675238871
154,2017,9,Russian Federation,Spain,RUS,ESP,Spain,ESP,export,2.3,0.161,14.285714285714285,-5543.958,1321754088818.83,1574199360089.0,1.95607633363965,3.68332944412233,0.885205508269372,58.3428011851719,0.0151724889838568,105.46,106.88,3449.3,0,0,1,1,1,0,0,0,1.1939224684724346,0.14928170271575447,2.7269186854065928,27.90998082554675,28.08476791615614,4.667769327744611,4.681019498271529,8.146216462766645,0.015058537941177128
155,2017,9,Russian Federation,Sweden,RUS,SWE,Sweden,SWE,export,0.353,0.044,8.022727272727273,-3208.013,536083940228.684,1574199360089.0,1.79449904665588,3.68332944412233,8.54886083333333,58.3428011851719,0.146528117602726,106.98,106.88,1232.383,0,0,1,1,1,0,0,0,0.302324349188651,0.04305948946044701,2.1997466467689293,27.007556590662073,28.08476791615614,4.6819460247901405,4.681019498271529,7.117516079423651,0.1367383477449048
156,2017,9,Russian Federation,Switzerland,RUS,CHE,Switzerland,CHE,export,15.305,8.993,1.7018792394084288,-28468.581,695200834102.045,1574199360089.0,0.533787839825897,3.68332944412233,0.984691666666667,58.3428011851719,0.0168776892206699,106.48,106.88,2296.397,0,0,1,0,0,0,0,0,2.7914718092412825,2.3018848478796525,0.9939475455001721,27.267466610699874,28.08476791615614,4.6773047837472905,4.681019498271529,7.739532021886476,0.01673684358082858
157,2017,9,Russian Federation,Tajikistan,RUS,TJK,Tajikistan,TJK,export,913.151,305.153,2.9924365809937967,897.291,7536402852.85802,1574199360089.0,,3.68332944412233,8.54974166666667,58.3428011851719,0.1465432151523027,,106.88,2986.597,0,0,0,0,0,0,0,1,6.817995765686293,5.724084976994032,1.3844017164458158,22.743010830044607,28.08476791615614,,4.681019498271529,8.00222466433192,0.13675151571692667
158,2017,9,Russian Federation,Thailand,RUS,THA,Thailand,THA,export,119.211,314.77,0.3787241477904501,5.159999999999997,456356813536.764,1574199360089.0,0.66563189313511,3.68332944412233,33.9398110566858,58.3428011851719,0.5817309139642709,103.12,106.88,7067.929,0,0,0,0,0,0,0,0,4.789248532057038,5.755014100475618,0.32115854094048113,26.8465408263068,28.08476791615614,4.645544080126364,4.681019498271529,8.863464262267069,0.45851976256729693
159,2017,9,Russian Federation,United Arab Emirates,RUS,ARE,United Arab Emirates,ARE,export,456.59,689.5,0.6622044960116026,-23601.457,390516804029.952,1574199360089.0,1.96682557818841,3.68332944412233,3.6725,58.3428011851719,0.0629469261913564,111.88,106.88,3739.195,0,0,0,0,0,0,0,0,6.125973586679952,6.537415972849347,0.5081447309891063,26.690736837389803,28.08476791615614,4.726325307544559,4.681019498271529,8.226893028086819,0.061045169789132776
160,2017,9,Russian Federation,Tunisia,RUS,TUN,Tunisia,TUN,export,4.646,20.2,0.23,4.646,42163530590.9462,1574199360089.0,5.30884839565845,3.68332944412233,2.419425,58.3428011851719,0.0414691264535119,101.55,106.88,2946.28,0,0,0,0,0,0,0,0,1.7309473298312976,3.054001181677967,0.20701416938432612,24.464821480366517,28.08476791615614,4.63035048451839,4.681019498271529,7.988637990100837,0.0406323379319527
161,2017,9,Russian Federation,TÃ¼rkiye,RUS,TUR,TÃ¼rkiye,TUR,export,230.262,494.08699999999993,0.4660353338582072,-649.2729999999999,858988492853.742,1574199360089.0,11.1443110840765,3.68332944412233,3.64813263536867,58.3428011851719,0.0625292677290212,112.77,106.88,1757.71,0,0,0,0,0,0,0,0,5.443551266938089,6.2047335047008945,0.38256170539652107,27.479021362862756,28.08476791615614,4.734178866551625,4.681019498271529,7.472335864744235,0.06065216753495039
162,2017,9,Russian Federation,Turkmenistan,RUS,TKM,Turkmenistan,TKM,export,753.528,301.964,2.495423295492178,753.528,37926285714.2857,1574199360089.0,,3.68332944412233,,58.3428011851719,,,106.88,2510.13,0,0,0,0,0,0,0,1,6.6260923881886375,5.713613986569491,1.2514544829420304,24.358910263130046,28.08476791615614,,4.681019498271529,7.82848813001976,
163,2017,9,Russian Federation,Ukraine,RUS,UKR,Ukraine,UKR,export,20177.075,3439.911,5.865580533914977,19801.392,112090505081.739,1574199360089.0,14.4383227488749,3.68332944412233,26.5966063,58.3428011851719,0.4558678321869752,109.82,106.88,763.4056,1,0,1,0,0,0,0,0,9.912351897880834,8.143491540888736,1.9265205999439168,25.442572463015644,28.08476791615614,4.707907263439203,4.681019498271529,6.639098538346609,0.3756021710573734
164,2017,9,Russian Federation,Egypt,RUS,EGY,Egypt,EGY,export,279.998,944.292,0.2965163318126173,-980.967,248362771739.13,1574199360089.0,29.5066083940039,3.68332944412233,17.7825335150636,58.3428011851719,0.304793961788436,108.28,106.88,2905.404,0,0,0,0,0,0,0,0,5.6383475518706945,6.851493874473704,0.2596809227646141,26.23815630355207,28.08476791615614,4.69391339582248,4.681019498271529,7.974671857179097,0.26604514462269324
165,2017,9,Russian Federation,United Kingdom,RUS,GBR,United Kingdom,GBR,export,134.329,409.485,0.3280437622867748,-5628.215,2680148052335.3,1574199360089.0,2.55775577557753,3.68332944412233,0.776976682344123,58.3428011851719,0.0133174387681199,100.63,106.88,2510.88,0,0,1,1,1,0,0,0,4.907708850716547,6.017339387420954,0.28370700404048427,28.61689315233452,28.08476791615614,4.621338767149675,4.681019498271529,7.828786755746396,0.013229541200805548
166,2017,9,Russian Federation,USA,RUS,USA,USA,USA,export,699.5450000000001,110.696,6.319514706945148,-1334.047,19612102000000.0,1574199360089.0,2.13011000365961,3.68332944412233,1.0,58.3428011851719,0.0171400752052706,99.95,106.88,7517.972,0,0,1,1,0,0,0,0,6.551858603542466,4.715780895228046,1.9905440289100689,30.60716794060147,28.08476791615614,4.614625344758847,4.681019498271529,8.925184705471638,0.01699484131383284
168,2017,9,Russian Federation,Uzbekistan,RUS,UZB,Uzbekistan,UZB,export,692.05,704.333,0.9825608057552322,-1370.717,69703222282.7278,1574199360089.0,13.8757425441635,3.68332944412233,5113.87894595717,58.3428011851719,87.65226972435609,111.18,106.88,2789.856,0,0,0,0,0,0,0,1,6.541102146659362,6.558670031720177,0.6843893453075757,24.967512384400777,28.08476791615614,4.7201047240801906,4.681019498271529,7.93410363779468,4.484721635400087
169,2017,9,Russian Federation,Yemen,RUS,YEM,Yemen,YEM,export,402.24,1098.275,0.3662470692677153,377.758,26842229044.5848,1574199360089.0,,3.68332944412233,282.195,58.3428011851719,4.836843522551351,,106.88,4525.518,0,0,0,0,0,0,0,0,5.999531918185741,7.002406150581474,0.3120676154140619,24.01324219498989,28.08476791615614,,4.681019498271529,8.417708269489937,1.764190158007486
170,2017,9,Rwanda,Russian Federation,RWA,RUS,Rwanda,RWA,import,2248.908,605.646,3.713238426407505,,9252833894.1905,1574199360089.0,8.27953672260832,3.68332944412233,831.55433975,58.3428011851719,14.252903920584185,111.86,106.88,6457.65,0,0,0,0,0,0,0,0,7.718644605473603,6.407945424888408,1.5503752357575964,22.948195708597567,28.08476791615614,4.726148112540994,4.681019498271529,8.77317559660946,2.7247699059475528
171,2017,9,Saudi Arabia,Russian Federation,SAU,RUS,Saudi Arabia,SAU,import,2.382,0.191,12.471204188481677,,741266133333.333,1574199360089.0,-0.836410331520586,3.68332944412233,3.75,58.3428011851719,0.0642752820197649,105.77,106.88,3539.516,0,0,0,0,0,0,0,0,1.2184672504763885,0.1747932903731631,2.600554384235114,27.33162555205938,28.08476791615614,4.670676988190211,4.681019498271529,8.172027758217332,0.06229408115903375
172,2017,9,Serbia,Russian Federation,SRB,RUS,Serbia,SRB,import,140.114,23.411,5.984964333005852,,45972834713.8077,1574199360089.0,3.13106248590118,3.68332944412233,107.75885,58.3428011851719,1.8469947930334791,112.65,106.88,,,,0,0,0,0,0,0,4.9495680743478045,3.19503385038263,1.9437598864690955,24.55131650931427,28.08476791615614,4.7331235502985525,4.681019498271529,,1.0462639793632407
173,2017,9,India,Russian Federation,IND,RUS,India,IND,import,139039.533,59728.01500000001,2.327878015031974,,2651474262755.45,1574199360089.0,3.328173374613,3.68332944412233,65.1215686450659,58.3428011851719,1.1161885840616248,108.52,106.88,4341.881,0,0,0,0,0,0,1,0,11.8425207739211,10.99757319471477,1.2023348681501558,28.60613692680345,28.08476791615614,4.696107180980193,4.681019498271529,8.376293231744963,0.7496166329273123
174,2017,9,Singapore,Russian Federation,SGP,RUS,Singapore,SGP,import,40.695,3.357,12.122430741733693,,343673334902.33,1574199360089.0,0.576763191180009,3.68332944412233,1.380925,58.3428011851719,0.0236691583528383,114.49,106.88,8431.775,0,0,1,0,0,0,0,0,3.7303812175389486,1.471783747135305,2.5743230363047997,26.562957435317486,28.08476791615614,4.749183946126996,4.681019498271529,9.039881178322222,0.023393386867233905
175,2017,9,Slovakia,Russian Federation,SVK,RUS,Slovakia,SVK,import,0.449,0.08,5.6125,,95978130734.9766,1574199360089.0,1.31194588223234,3.68332944412233,0.885205508269372,58.3428011851719,0.0151724889838568,103.62,106.88,1632.621,0,0,1,1,1,0,0,0,0.3708736633385454,0.0769610411361284,1.8889617971844177,25.287386197629207,28.08476791615614,4.650334737942465,4.681019498271529,7.39855430237185,0.015058537941177128
176,2017,9,Viet Nam,Russian Federation,VNM,RUS,Viet Nam,VNM,import,192486.212,81556.176,2.3601672054854554,,281353605986.903,1574199360089.0,3.52025688811621,3.68332944412233,22370.0866666667,58.3428011851719,383.4249678150895,138.71,106.88,6737.911,0,0,0,0,0,0,0,0,12.167784999334497,11.309059599272853,1.211990736274287,26.362878099476827,28.08476791615614,4.939568845662396,4.681019498271529,8.815653618151782,5.951748627679543
177,2017,9,South Africa,Russian Federation,ZAF,RUS,South Africa,ZAF,import,50.04,8.181000000000001,6.116611661166115,,381448814653.456,1574199360089.0,5.18618655524146,3.68332944412233,13.3238014244992,58.3428011851719,0.2283709584360085,100.03,106.88,10147.89,0,0,0,0,0,0,1,0,3.9326096390365346,2.217136131161563,1.9624317218665064,26.667242510004904,28.08476791615614,4.615417502439641,4.681019498271529,9.225119618883824,0.2056888675238871
178,2017,9,Zimbabwe,Russian Federation,ZWE,RUS,Zimbabwe,ZWE,import,3473.976,1623.66,2.1395957281696907,,51074726484.0037,1574199360089.0,0.893962316050075,3.68332944412233,,58.3428011851719,,101.86,106.88,8213.716,0,0,0,0,0,0,0,0,8.153342851500222,7.3930538421027965,1.1440940426407549,24.656555622471856,28.08476791615614,4.63336884034677,4.681019498271529,9.013682458966903,
179,2017,9,Spain,Russian Federation,ESP,RUS,Spain,ESP,import,5546.258,1093.418,5.072404149190886,,1321754088818.83,1574199360089.0,1.95607633363965,3.68332944412233,0.885205508269372,58.3428011851719,0.0151724889838568,105.46,106.88,3449.3,0,0,1,1,1,0,0,0,8.62105903060151,6.997977994101451,1.8037545973630096,27.90998082554675,28.08476791615614,4.667769327744611,4.681019498271529,8.146216462766645,0.015058537941177128
180,2017,9,Sweden,Russian Federation,SWE,RUS,Sweden,SWE,import,3208.366,372.247,8.618917009405045,,536083940228.684,1574199360089.0,1.79449904665588,3.68332944412233,8.54886083333333,58.3428011851719,0.146528117602726,106.98,106.88,1232.383,0,0,1,1,1,0,0,0,8.073828688828668,5.9222403988786265,2.263731681355428,27.007556590662073,28.08476791615614,4.6819460247901405,4.681019498271529,7.117516079423651,0.1367383477449048
181,2017,9,Switzerland,Russian Federation,CHE,RUS,Switzerland,CHE,import,28483.886,944.703,30.15115438397041,,695200834102.045,1574199360089.0,0.533787839825897,3.68332944412233,0.984691666666667,58.3428011851719,0.0168776892206699,106.48,106.88,2296.397,0,0,1,0,0,0,0,0,10.257128909800116,6.851928566269792,3.4388513034222536,27.267466610699874,28.08476791615614,4.6773047837472905,4.681019498271529,7.739532021886476,0.01673684358082858
182,2017,9,Syria,Russian Federation,SYR,RUS,Syria,SYR,import,203.694,63.473,3.2091440454996616,,16369843352.3453,1574199360089.0,18.0752696281771,3.68332944412233,492.610833333333,58.3428011851719,8.443386730264374,,106.88,2478.709,0,0,0,0,0,0,0,0,5.321516181050559,4.166246531511178,1.4372593124149167,23.518706659153878,28.08476791615614,,4.681019498271529,7.815896493564625,2.245314679616258
183,2017,9,Tajikistan,Russian Federation,TJK,RUS,Tajikistan,TJK,import,15.86,3.21,4.940809968847352,,7536402852.85802,1574199360089.0,,3.68332944412233,8.54974166666667,58.3428011851719,0.1465432151523027,,106.88,2986.597,0,0,0,0,0,0,0,1,2.8249439525737094,1.43746264769429,1.7818454824704033,22.743010830044607,28.08476791615614,,4.681019498271529,8.00222466433192,0.13675151571692667
184,2017,9,Thailand,Russian Federation,THA,RUS,Thailand,THA,import,114.051,44.588,2.557885529738944,,456356813536.764,1574199360089.0,0.66563189313511,3.68332944412233,33.9398110566858,58.3428011851719,0.5817309139642709,103.12,106.88,7067.929,0,0,0,0,0,0,0,0,4.745375508316699,3.819644523993489,1.2691664160838625,26.8465408263068,28.08476791615614,4.645544080126364,4.681019498271529,8.863464262267069,0.45851976256729693
185,2017,9,United Arab Emirates,Russian Federation,ARE,RUS,United Arab Emirates,ARE,import,24058.047,5126.052,4.693289689609079,,390516804029.952,1574199360089.0,1.96682557818841,3.68332944412233,3.6725,58.3428011851719,0.0629469261913564,111.88,106.88,3739.195,0,0,0,0,0,0,0,0,10.088266379434142,8.542286114115727,1.7392882339034026,26.690736837389803,28.08476791615614,4.726325307544559,4.681019498271529,8.226893028086819,0.061045169789132776
186,2017,9,TÃ¼rkiye,Russian Federation,TUR,RUS,TÃ¼rkiye,TUR,import,879.535,304.035,2.8928741756705643,,858988492853.742,1574199360089.0,11.1443110840765,3.68332944412233,3.64813263536867,58.3428011851719,0.0625292677290212,112.77,106.88,1757.71,0,0,0,0,0,0,0,0,6.78052967728821,5.720426524122025,1.3591477474459805,27.479021362862756,28.08476791615614,4.734178866551625,4.681019498271529,7.472335864744235,0.06065216753495039
187,2017,9,Uganda,Russian Federation,UGA,RUS,Uganda,UGA,import,6764.379,2695.409,2.5095927927820973,,30744473841.424,1574199360089.0,5.20971705914208,3.68332944412233,3611.22445804461,58.3428011851719,61.89665879399736,102.49,106.88,6185.184,0,0,0,0,0,0,0,0,8.819573562686768,7.899676166757425,1.2555000172952995,24.148976102607225,28.08476791615614,4.639474989680082,4.681019498271529,8.7300736973872,4.141493042963198
188,2017,9,Ukraine,Russian Federation,UKR,RUS,Ukraine,UKR,import,375.683,73.945,5.080573399148016,,112090505081.739,1574199360089.0,14.4383227488749,3.68332944412233,26.5966063,58.3428011851719,0.4558678321869752,109.82,106.88,763.4056,1,0,1,0,0,0,0,0,5.931403984929995,4.316754511182559,1.8050990006016523,25.442572463015644,28.08476791615614,4.707907263439203,4.681019498271529,6.639098538346609,0.3756021710573734
189,2017,9,North Macedonia,Russian Federation,MKD,RUS,North Macedonia,MKD,import,172.704,51.254,3.369571155422016,,11307067069.6658,1574199360089.0,1.35161889677442,3.68332944412233,54.6654583333333,58.3428011851719,0.936970066963922,105.12,106.88,1927.484,0,0,0,0,0,0,0,0,5.157352701191471,3.9561164429386575,1.4746648705213594,23.148693771664522,28.08476791615614,4.664570529269539,4.681019498271529,7.564489481010288,0.6611249310085644
190,2017,9,Egypt,Russian Federation,EGY,RUS,Egypt,EGY,import,1260.965,654.268,1.9272912629075545,,248362771739.13,1574199360089.0,29.5066083940039,3.68332944412233,17.7825335150636,58.3428011851719,0.304793961788436,108.28,106.88,2905.404,0,0,0,0,0,0,0,0,7.140425308960627,6.485044312257344,1.0740775117811094,26.23815630355207,28.08476791615614,4.69391339582248,4.681019498271529,7.974671857179097,0.26604514462269324
191,2017,9,United Kingdom,Russian Federation,GBR,RUS,United Kingdom,GBR,import,5762.544,520.908,11.062498560206407,,2680148052335.3,1574199360089.0,2.55775577557753,3.68332944412233,0.776976682344123,58.3428011851719,0.0133174387681199,100.63,106.88,2510.88,0,0,1,1,1,0,0,0,8.659307842261947,6.257491327138898,2.49010134730397,28.61689315233452,28.08476791615614,4.621338767149675,4.681019498271529,7.828786755746396,0.013229541200805548
192,2017,9,United Rep. of Tanzania,Russian Federation,TZA,RUS,United Rep. of Tanzania,TZA,import,9109.816,4505.046,2.022136066979116,,53274884532.7886,1574199360089.0,5.31871605228926,3.68332944412233,2228.85666666667,58.3428011851719,38.20277088843559,119.94,106.88,6968.894,0,0,0,0,0,0,0,0,9.117217558141693,8.413175329550823,1.1059638883098357,24.698730847566726,28.08476791615614,4.795294554845067,4.681019498271529,8.849355295604493,3.6687474302277634
193,2017,9,USA,Russian Federation,USA,RUS,USA,USA,import,2033.592,27.811,73.12185825752401,,19612102000000.0,1574199360089.0,2.13011000365961,3.68332944412233,1.0,58.3428011851719,0.0171400752052706,99.95,106.88,7517.972,0,0,1,1,0,0,0,0,7.618050586375117,3.3607572586641328,4.305710472035484,30.60716794060147,28.08476791615614,4.614625344758847,4.681019498271529,8.925184705471638,0.01699484131383284
194,2017,9,Uzbekistan,Russian Federation,UZB,RUS,Uzbekistan,UZB,import,2062.767,672.092,3.0691735655237675,,69703222282.7278,1574199360089.0,13.8757425441635,3.68332944412233,5113.87894595717,58.3428011851719,87.65226972435609,111.18,106.88,2789.856,0,0,0,0,0,0,0,1,7.63228823263227,6.511882021639247,1.4034399236821493,24.967512384400777,28.08476791615614,4.7201047240801906,4.681019498271529,7.93410363779468,4.484721635400087
195,2017,9,Yemen,Russian Federation,YEM,RUS,Yemen,YEM,import,24.482,1.248,19.61698717948718,,26842229044.5848,1574199360089.0,,3.68332944412233,282.195,58.3428011851719,4.836843522551351,,106.88,4525.518,0,0,0,0,0,0,0,0,3.237972320559189,0.8100409320314448,3.0261153563464167,24.01324219498989,28.08476791615614,,4.681019498271529,8.417708269489937,1.764190158007486
196,2017,9,Zambia,Russian Federation,ZMB,RUS,Zambia,ZMB,import,7.165,1.195,5.99581589958159,,25873601260.8353,1574199360089.0,6.57731154205644,3.68332944412233,9.5175,58.3428011851719,0.1631306657661634,,106.88,7975.7,0,0,0,0,0,0,0,0,2.0998567264224284,0.7861820465271347,1.9453122417131363,23.97648902955717,28.08476791615614,,4.681019498271529,8.98428007108057,0.1511152195609565
197,2018,9,Afghanistan,Russian Federation,AFG,RUS,Afghanistan,AFG,import,1.271,0.002,635.4999999999999,,18053222687.4126,1657328773461.31,0.626149149168802,2.87829723647885,72.083247177304,62.6681333333334,1.1502376621606292,,110.8,3367.526,0,0,0,0,0,0,0,0,0.8202202631234213,0.001998002662673058,6.455984417997461,23.61659004808285,28.136228249575055,,4.716711560720999,8.122230538940023,0.7655783765702436
198,2018,9,Angola,Russian Federation,AGO,RUS,Angola,AGO,import,13.662,6.6,2.0700000000000003,,79450688259.3664,1657328773461.31,19.6289379701521,2.87829723647885,252.855747731297,62.6681333333334,4.034837712276363,108.33,110.8,7535.854,0,0,0,0,0,0,0,0,2.6852591128013947,2.028148247292285,1.121677561599106,25.098402392703022,28.136228249575055,4.694370831446394,4.716711560720999,8.927560132553287,1.6163812937297877
199,2018,9,Azerbaijan,Russian Federation,AZE,RUS,Azerbaijan,AZE,import,3595.557,602.511,5.967620508173296,,47112470051.7701,1657328773461.31,2.26854690373999,2.87829723647885,1.70001666666667,62.6681333333334,0.0271272906378787,107.05,110.8,1930.747,1,0,0,0,0,0,0,1,8.187732277923653,6.40276426738059,1.9412737759794443,24.57580355988587,28.136228249575055,4.682594082952895,4.716711560720999,7.566180053816499,0.026765867411918585
200,2018,9,Argentina,Russian Federation,ARG,RUS,Argentina,ARG,import,2438.7470000000003,1959.226,1.244750222792062,,524819892360.176,1657328773461.31,34.2772237131003,2.87829723647885,28.0949916666667,62.6681333333334,0.4483138426547464,92.89,110.8,13505.36,0,0,0,0,0,0,0,0,7.799649624386631,7.580815051699772,0.8085942556690542,26.986320978509557,28.136228249575055,4.542123884270456,4.716711560720999,9.510915964599635,0.37040001264321515
201,2018,9,Australia,Russian Federation,AUS,RUS,Australia,AUS,import,0.195,0.06,3.2500000000000004,,1427809041019.44,1657328773461.31,1.91140094445694,2.87829723647885,1.33841214646451,62.6681333333334,0.021357140787096,100.28,110.8,14503.07,0,0,1,1,0,0,0,0,0.17814618538347404,0.058268908123975824,1.4469189829363254,27.987162246128385,28.136228249575055,4.617888958395866,4.716711560720999,9.582184578677866,0.02113227310869059
202,2018,9,Austria,Russian Federation,AUT,RUS,Austria,AUT,import,20259.591,794.519,25.49919007600825,,452582294972.775,1657328773461.31,1.99837981429547,2.87829723647885,0.846772667108111,62.6681333333334,0.0135120135556632,112.12,110.8,1675.699,0,0,1,1,1,0,0,0,9.916432948157077,6.678994731842081,3.277114169355613,26.83823545089589,28.136228249575055,4.728449202148263,4.716711560720999,7.42458225853397,0.013421540372633265
203,2018,9,Armenia,Russian Federation,ARM,RUS,Armenia,ARM,import,3250.0740000000005,725.628,4.478980965453373,,12457940694.7395,1657328773461.31,2.52023382001632,2.87829723647885,482.987946590235,62.6681333333334,7.707074088535712,153.12,110.8,1803.035,0,0,0,0,0,1,0,1,8.086740682271857,6.588414654690094,1.700919128458872,23.245624063431467,28.136228249575055,5.037731519757957,4.716711560720999,7.497781101764742,2.1641358088875378
204,2018,9,Belgium,Russian Federation,BEL,RUS,Belgium,BEL,import,3971.086,564.177,7.038723662963928,,542638913427.921,1657328773461.31,2.05316499865184,2.87829723647885,0.846772667108111,62.6681333333334,0.0135120135556632,108.34,110.8,2261.25,0,0,1,1,1,0,0,0,8.287046676491597,6.3371389564225655,2.0842703222014447,27.019709951202977,28.136228249575055,4.694462293466853,4.716711560720999,7.724115172231243,0.013421540372633265
205,2018,9,Bosnia Herzegovina,Russian Federation,BIH,RUS,Bosnia Herzegovina,BIH,import,0.19,0.011,17.272727272727273,,20484053868.9246,1657328773461.31,1.41710814018034,2.87829723647885,1.65698544113543,62.6681333333334,0.0264406382159475,107.29,110.8,1902.116,0,0,0,0,0,0,0,0,0.17395330712343798,0.010939940038334263,2.905409635260705,23.742912560397027,28.136228249575055,4.6848128136402885,4.716711560720999,7.551247821823041,0.026097126497266053
206,2018,9,Brazil,Russian Federation,BRA,RUS,Brazil,BRA,import,68966.20599999999,31010.104000000003,2.223991444852941,,1916933898010.99,1657328773461.31,3.66485028376727,2.87829723647885,3.65382536145755,62.6681333333334,0.058304359282935,97.19,110.8,11820.15,0,0,0,0,0,0,1,0,11.141386395237944,10.342100612879676,1.1706201710592672,28.281748097400662,28.136228249575055,4.586904377181199,4.716711560720999,9.377645578951656,0.05666796624629245
207,2018,9,Bulgaria,Russian Federation,BGR,RUS,Bulgaria,BGR,import,279.993,61.676,4.539739931253648,,66251582035.9412,1657328773461.31,2.8145447382483,2.87829723647885,1.65704166666667,62.6681333333334,0.0264415354108733,112.25,110.8,1785.898,0,0,1,1,1,0,0,0,5.638329757991432,4.137978599242162,1.711947555840266,24.91672518133051,28.136228249575055,4.7295977643631435,4.716711560720999,7.488236434627176,0.026098000580481773
208,2018,9,Myanmar,Russian Federation,MMR,RUS,Myanmar,MMR,import,59.141000000000005,27.26,2.16951577402788,,67860515989.517,1657328773461.31,6.87232865662918,2.87829723647885,1429.80797520107,62.6681333333334,22.815550729680822,167.59,110.8,6526.041,0,0,0,0,0,0,0,0,4.096691805290449,3.3414473772563813,1.1535788235487185,24.940720200024206,28.136228249575055,5.12746973182771,4.716711560720999,8.783708980214998,3.1703387593132066
209,2018,9,Burundi,Russian Federation,BDI,RUS,Burundi,BDI,import,735.3900000000001,167.42399999999998,4.392381020642203,,2667182199.51333,1657328773461.31,-2.81469807668464,2.87829723647885,1782.876875,62.6681333333334,28.449497059643253,100.65,110.8,6624.152,0,0,0,0,0,0,0,0,6.601759869690403,5.126484609468254,1.684987035179109,21.704288396465728,28.136228249575055,4.621535540074356,4.716711560720999,8.798628593987454,3.3826768321807417
210,2018,9,Belarus,Russian Federation,BLR,RUS,Belarus,BLR,import,2496.25,2520.3880000000004,0.99042290314031,,60031026576.26,1657328773461.31,4.8723022055069,2.87829723647885,2.03760833333333,62.6681333333334,0.0325142656235704,109.25,110.8,686.9657,1,0,0,0,0,1,0,1,7.822945405412259,7.832564822525116,0.688347130299329,24.818127375134406,28.136228249575055,4.702750514326955,4.716711560720999,6.533738982039396,0.03199686234217446
211,2018,9,Cambodia,Russian Federation,KHM,RUS,Cambodia,KHM,import,99.286,13.881,7.152654707874072,,33145892168.8958,1657328773461.31,2.45908515380142,2.87829723647885,4051.16690028162,62.6681333333334,64.64476736100244,134.94,110.8,7534.794,0,0,0,0,0,0,0,0,4.608026103969288,2.7000852314479133,2.098343605241431,24.224184629456442,28.136228249575055,4.912213611918492,4.716711560720999,8.927419480426103,4.184257892484637
212,2018,9,Cameroon,Russian Federation,CMR,RUS,Cameroon,CMR,import,929.984,340.561,2.730741335619757,,39955552189.795,1657328773461.31,1.0688581131292,2.87829723647885,555.446458398226,62.6681333333334,8.863299875932032,93.78,110.8,6231.046,0,0,0,0,0,0,0,0,6.8362420913076924,5.833526286778415,1.316606963403573,24.41103347799507,28.136228249575055,4.551558416539442,4.716711560720999,8.737459968781366,2.2888207856394414
213,2018,9,Canada,Russian Federation,CAN,RUS,Canada,CAN,import,15.013,2.008,7.476593625498008,,1725329192783.02,1657328773461.31,2.26822567248104,2.87829723647885,1.29581792813534,62.6681333333334,0.0206774617211406,104.64,110.8,7495.521,0,0,1,1,0,0,0,0,2.7734008923403395,1.1012754060875933,2.1373086739963534,28.176438984601457,28.136228249575055,4.660037087428932,4.716711560720999,8.92219432523831,0.020466584985462742
214,2018,9,Sri Lanka,Russian Federation,LKA,RUS,Sri Lanka,LKA,import,149926.471,33051.639,4.536128178091258,,94450015982.8405,1657328773461.31,2.13503773713198,2.87829723647885,162.464858736778,62.6681333333334,2.5924636668627623,106.69,110.8,6576.936,0,0,0,0,0,0,0,0,11.917906929475011,10.405856690806162,1.7112953716042758,25.271336600124624,28.136228249575055,4.679256729340789,4.716711560720999,8.791476297300637,1.2788382253117616
215,2018,9,China,Russian Federation,CHN,RUS,China,CHN,import,72154.578,29290.038,2.463451157011131,,14147765772963.8,1657328773461.31,2.07479039965575,2.87829723647885,6.61595717735439,62.6681333333334,0.1055713139270312,123.05,110.8,5795.045,1,0,0,0,0,0,1,0,11.186579872370974,10.285036877910128,1.242265536175551,30.280577831647378,28.136228249575055,4.82068471013781,4.716711560720999,8.664931067385588,0.10036222753604226
216,2018,9,Colombia,Russian Federation,COL,RUS,Colombia,COL,import,12403.29,4484.058,2.766085987290976,,334198218098.276,1657328773461.31,3.2405693293057,2.87829723647885,2955.70396997842,62.6681333333334,47.164385035324976,106.55,110.8,10979.1,0,0,0,0,0,0,0,0,9.425797659502024,8.40850670640482,1.3260362624997875,26.5350001212541,28.136228249575055,4.677955855713739,4.716711560720999,9.303839822490172,3.8746198482535825
217,2018,9,Comoros,Russian Federation,COM,RUS,Comoros,COM,import,266.22,36.025,7.389868147120056,,1188797449.96029,1657328773461.31,,2.87829723647885,416.584843798676,62.6681333333334,6.647474906949128,,110.8,7521.362,0,0,0,0,0,0,0,0,5.588072289160748,3.6115933601538623,2.127024804875298,20.896208087713063,28.136228249575055,,4.716711560720999,8.925635463370824,2.034375515827879
218,2018,9,Congo,Russian Federation,COG,RUS,Congo,COG,import,149.961,61.316,2.445707482549416,,14773900288.5135,1657328773461.31,1.15277896375524,2.87829723647885,555.446458398226,62.6681333333334,8.863299875932032,108.4,110.8,6985.611,0,0,0,0,0,0,0,0,5.017021525309684,4.132218214650182,1.2371292484172245,23.416127966978706,28.136228249575055,4.695010889987881,4.716711560720999,8.851750882177877,2.2888207856394414
220,2018,9,Costa Rica,Russian Federation,CRI,RUS,Costa Rica,CRI,import,611.409,175.187,3.4900363611455183,,62420164991.5444,1657328773461.31,2.22111461526584,2.87829723647885,576.97250124808,62.6681333333334,9.206792520516744,108.69,110.8,10967.48,0,0,0,0,0,0,0,0,6.417400359952483,5.1715459309845295,1.5018607999720446,24.85715421704964,28.136228249575055,4.6976582054232425,4.716711560720999,9.302780983960698,2.3230534320389746
221,2018,9,Croatia,Russian Federation,HRV,RUS,Croatia,HRV,import,68.399,10.15,6.738817733990148,,61668130122.5878,1657328773461.31,1.50012501041755,2.87829723647885,6.27902525,62.6681333333334,0.100194866449934,106.7,110.8,1875.36,0,0,1,1,1,0,0,0,4.239872458187043,2.411439497906128,2.0462489283880485,24.845033104808888,28.136228249575055,4.679349584162343,4.716711560720999,7.537089008810755,0.09548731543300476
223,2018,9,Cyprus,Russian Federation,CYP,RUS,Cyprus,CYP,import,21.086,4.214,5.003796867584243,,25754001367.5448,1657328773461.31,1.43549119531763,2.87829723647885,0.846772667108111,62.6681333333334,0.0135120135556632,132.52,110.8,2316.67,0,0,1,0,1,0,0,0,3.094943923624939,1.65134731551131,1.7923920803514772,23.971855844937117,28.136228249575055,4.89425127935358,4.716711560720999,7.748317649657977,0.013421540372633265
224,2018,9,Czechia,Russian Federation,CZE,RUS,Czechia,CZE,import,278.083,19.496,14.263592531801397,,251992360762.236,1657328773461.31,2.14949494949498,2.87829723647885,21.7299166666667,62.6681333333334,0.3467458740327355,114.93,110.8,1673.0,0,0,1,1,1,0,0,0,5.631509228619107,3.0202297451543783,2.7254704196301103,26.25266460956674,28.136228249575055,4.75298656068231,4.716711560720999,7.422971251049421,0.29769121892631756
225,2018,9,Denmark,Russian Federation,DNK,RUS,Denmark,DNK,import,96.177,13.757,6.991131787453661,,355293374912.393,1657328773461.31,0.813609467455621,2.87829723647885,6.31461878666667,62.6681333333334,0.1007628351251353,111.0,110.8,1566.362,0,0,1,1,1,0,0,0,4.576534057951756,2.6917175464813123,2.0783324002415253,26.596209693341322,28.136228249575055,4.718498871295094,4.716711560720999,7.357149230353968,0.09600342593108693
226,2018,9,Dominican Rep.,Russian Federation,DOM,RUS,Dominican Rep.,DOM,import,354.204,41.832,8.467297762478486,,84994732049.3461,1657328773461.31,3.5644342601351,2.87829723647885,49.5099928571429,62.6681333333334,0.7900345873364056,111.48,110.8,9365.754,0,0,0,0,0,0,0,0,5.872692272315868,3.7572854867779966,2.247843519327579,25.16585511563786,28.136228249575055,4.722775428062355,4.716711560720999,9.144921890453677,0.5822349422002907
227,2018,9,Ecuador,Russian Federation,ECU,RUS,Ecuador,ECU,import,110.731,6.981,15.861767655063746,,107478961000.0,1657328773461.31,-0.224103246005501,2.87829723647885,1.0,62.6681333333334,0.0159570733450919,105.75,110.8,11640.42,0,0,0,0,0,0,0,0,4.716094196666871,2.0770637168938717,2.8250487902016443,25.400560953741508,28.136228249575055,4.670489652108734,4.716711560720999,9.36232470697202,0.015831097619112035
228,2018,9,El Salvador,Russian Federation,SLV,RUS,El Salvador,SLV,import,25.024,6.653,3.7613106869081614,,26020850000.0,1657328773461.31,1.09033000581892,2.87829723647885,1.0,62.6681333333334,0.0159570733450919,103.09,110.8,10866.28,0,0,0,0,0,0,0,0,3.2590191891710503,2.035097727827784,1.5605229847327364,23.982163976714734,28.136228249575055,4.645255909527377,4.716711560720999,9.293511718811708,0.015831097619112035
229,2018,9,Ethiopia,Russian Federation,ETH,RUS,Ethiopia,ETH,import,12444.523,3148.327,3.952741567187906,,84269180856.9147,1657328773461.31,13.8330356586661,2.87829723647885,27.4293865941667,62.6681333333334,0.4376927336939987,,110.8,5198.625,0,0,0,0,0,0,0,0,9.429116238828273,8.054944058199446,1.5999412752183646,25.157282046236233,28.136228249575055,,4.716711560720999,8.556341786584463,0.3630395603152532
230,2018,9,Estonia,Russian Federation,EST,RUS,Estonia,EST,import,4309.732,638.356,6.751298648403085,,31222632740.7247,1657328773461.31,3.43632688420446,2.87829723647885,0.846772667108111,62.6681333333334,0.0135120135556632,111.72,110.8,871.7853,1,0,1,1,1,0,0,0,8.36886300626403,6.460461419744307,2.0478603968632663,24.164409077168965,28.136228249575055,4.724906867590425,4.716711560720999,6.771689592030556,0.013421540372633265
231,2018,9,Finland,Russian Federation,FIN,RUS,Finland,FIN,import,5404.348,925.113,5.8418247284385805,,273869255596.078,1657328773461.31,1.08382098409304,2.87829723647885,0.846772667108111,62.6681333333334,0.0135120135556632,112.0,110.8,892.6777,1,0,1,1,1,0,0,0,8.595144112829557,6.8309962574386764,1.923054469220361,26.335916660099226,28.136228249575055,4.727387818712341,4.716711560720999,6.795345195631136,0.013421540372633265
232,2018,9,France,Russian Federation,FRA,RUS,France,FRA,import,3136.483,346.424,9.053884834768954,,2781576320884.39,1657328773461.31,1.85081508315501,2.87829723647885,0.846772667108111,62.6681333333334,0.0135120135556632,103.61,110.8,2494.316,0,0,1,1,1,0,0,0,8.051176165098667,5.850545936049442,2.3079591105368804,28.65403890483614,28.136228249575055,4.650239149355669,4.716711560720999,7.822170653472379,0.013421540372633265
233,2018,9,Georgia,Russian Federation,GEO,RUS,Georgia,GEO,import,3579.815,1825.983,1.9604864886474849,,17902544880.6471,1657328773461.31,2.6152447139767,2.87829723647885,2.53411083333333,62.6681333333334,0.0404369924320919,115.71,110.8,1644.856,1,0,0,0,0,0,0,0,8.183345707116874,7.510421251463343,1.085353609104084,23.60820871184667,28.136228249575055,4.759692225424263,4.716711560720999,7.406015892598331,0.039640809931129756
235,2018,9,Germany,Russian Federation,DEU,RUS,Germany,DEU,import,51130.741,7051.002,7.251556729100347,,4052008447223.53,1657328773461.31,1.73216879766948,2.87829723647885,0.846772667108111,62.6681333333334,0.0135120135556632,104.95,110.8,2065.183,0,0,1,1,1,0,0,0,10.842160737953954,8.861066827125208,2.1104018769824395,29.03023378701778,28.136228249575055,4.662967284714308,4.716711560720999,7.633458222717186,0.013421540372633265
236,2018,9,Greece,Russian Federation,GRC,RUS,Greece,GRC,import,339.345,49.747,6.82141636681609,,213298873494.394,1657328773461.31,0.625621413453609,2.87829723647885,0.846772667108111,62.6681333333334,0.0135120135556632,109.11,110.8,2233.583,0,0,1,1,1,0,0,0,5.829959809026538,3.926852502874144,2.0568656592330044,26.085960181094222,28.136228249575055,4.7014798661255,4.716711560720999,7.711809912458774,0.013421540372633265
237,2018,9,Grenada,Russian Federation,GRD,RUS,Grenada,GRD,import,9.073,0.433,20.953810623556585,,1166514814.81481,1657328773461.31,0.804102313277022,2.87829723647885,2.7,62.6681333333334,0.0430840980317481,,110.8,9489.634,0,0,0,0,0,0,0,0,2.309858576960544,0.3597701488460348,3.088940729171465,20.87728635042938,28.136228249575055,,4.716711560720999,9.15806069653791,0.04218180367106138
238,2018,9,Guatemala,Russian Federation,GTM,RUS,Guatemala,GTM,import,2519.846,826.6700000000001,3.048188515368889,,73328365862.4329,1657328773461.31,3.75186186704505,2.87829723647885,7.51916458333333,62.6681333333334,0.1199838607500673,109.53,110.8,10835.78,0,0,0,0,0,0,0,0,7.832349838451751,6.718614524218173,1.3982695009030113,25.01821335411041,28.136228249575055,4.705286977322864,4.716711560720999,9.29070118289567,0.1133142751585948
239,2018,9,Honduras,Russian Federation,HND,RUS,Honduras,HND,import,12757.78,5281.652,2.4154904563950828,,24067750760.499,1657328773461.31,4.34734937777525,2.87829723647885,23.9027282925432,62.6681333333334,0.3814175885119152,111.54,110.8,10729.13,0,0,0,0,0,0,0,0,9.453974941042464,8.572183523330855,1.228321100981525,23.904138638654214,28.136228249575055,4.723308714005133,4.716711560720999,9.28081095111519,0.32311020997325973
240,2018,9,"China, Hong Kong SAR",Russian Federation,HKG,RUS,"China, Hong Kong SAR",HKG,import,2.579,0.387,6.664082687338501,,361731070995.726,1657328773461.31,2.40613432046534,2.87829723647885,7.8385,62.6681333333334,0.1250795194155029,101.28,110.8,7145.355,0,0,0,0,0,0,0,0,1.2750834317838888,0.32714314133269456,2.0365448296680957,26.61416687488777,28.136228249575055,4.627714150422986,4.716711560720999,8.874357715491055,0.1178537170832841
241,2018,9,Hungary,Russian Federation,HUN,RUS,Hungary,HUN,import,12.493,2.725,4.584587155963304,,161184691013.835,1657328773461.31,2.8502479259464,2.87829723647885,270.211666666667,62.6681333333334,4.311787383699531,109.89,110.8,1574.19,0,0,1,0,1,0,0,0,2.6021710324486502,1.315066851831523,1.7200105096391238,25.805816693618507,28.136228249575055,4.708538718965125,4.716711560720999,7.362131178904561,1.6699283857141107
242,2018,9,Indonesia,Russian Federation,IDN,RUS,Indonesia,IDN,import,27998.194,12246.576,2.2862058750135548,,1042271532988.63,1657328773461.31,3.19834755924998,2.87829723647885,14236.9387734818,62.6681333333334,227.17987621803184,113.35,110.8,9302.706,0,0,0,0,0,0,0,0,10.239931003028738,9.413083318841506,1.1897336698173182,27.67242361359429,28.136228249575055,4.73926392046879,4.716711560720999,9.138168094387108,5.430134248692977
243,2018,9,Iran,Russian Federation,IRN,RUS,Iran,IRN,import,3896.343,1641.3849999999998,2.373814187408805,,398880231367.268,1657328773461.31,18.0141183371874,2.87829723647885,40864.329009777,62.6681333333334,652.0750952069785,,110.8,2466.589,0,0,0,0,0,0,0,0,8.268050317888381,7.403904732686885,1.2160439107070873,26.711927036766287,28.136228249575055,,4.716711560720999,7.810996839552813,6.481692122981367
244,2018,9,Ireland,Russian Federation,IRL,RUS,Ireland,IRL,import,19.708,1.586,12.42622950819672,,395461216460.418,1657328773461.31,0.471130713712891,2.87829723647885,0.846772667108111,62.6681333333334,0.0135120135556632,106.63,110.8,2802.315,0,0,1,1,1,0,0,0,3.030520099039655,0.9501122803496659,2.597210219679758,26.70331855730127,28.136228249575055,4.678699419276207,4.716711560720999,7.938557924443968,0.013421540372633265
245,2018,9,Israel,Russian Federation,ISR,RUS,Israel,ISR,import,931.588,142.15300000000002,6.55341779631805,,376299083108.497,1657328773461.31,0.805060379528465,2.87829723647885,3.59055812689938,62.6681333333334,0.0572947993807492,104.01,110.8,2643.989,0,0,0,0,0,0,0,0,6.837963517038595,4.9639139883626004,2.0220001490825643,26.653650097948354,28.136228249575055,4.654055583717902,4.716711560720999,7.880422185493582,0.05571356997071883
246,2018,9,Italy,Russian Federation,ITA,RUS,Italy,ITA,import,73637.894,12723.467,5.787565134565917,,2099435266458.67,1657328773461.31,1.13748763600396,2.87829723647885,0.846772667108111,62.6681333333334,0.0135120135556632,106.98,110.8,2383.171,0,0,1,1,1,0,0,0,11.206928616222822,9.451281954490398,1.9150922814668156,28.37268950375877,28.136228249575055,4.6819460247901405,4.716711560720999,7.776606753800817,0.013421540372633265
247,2018,9,CÃ´te d'Ivoire,Russian Federation,CIV,RUS,CÃ´te d'Ivoire,CIV,import,2.912,0.1,29.12,,58522477786.6889,1657328773461.31,0.3594090313807,2.87829723647885,555.446458398226,62.6681333333334,8.863299875932032,127.05,110.8,6715.534,0,0,0,0,0,0,0,0,1.3640487521725708,0.09531017980432493,3.405189402931693,24.792676753071582,28.136228249575055,4.852420812645534,4.716711560720999,8.812327526650607,2.2888207856394414
248,2018,9,Jamaica,Russian Federation,JAM,RUS,Jamaica,JAM,import,36.794,0.59,62.362711864406776,,15730792876.2656,1657328773461.31,3.73663882152162,2.87829723647885,128.87151906466,62.6681333333334,2.0564122818081896,110.24,110.8,9806.688,0,0,0,0,0,0,0,0,3.632150359867847,0.46373401623214006,4.148875547480497,23.47888595816686,28.136228249575055,4.711690029365764,4.716711560720999,9.190921846903299,1.1172417711735259
249,2018,9,Japan,Russian Federation,JPN,RUS,Japan,JPN,import,1157.815,128.204,9.031036473120963,,5040880939324.86,1657328773461.31,0.989094598021811,2.87829723647885,110.42317934106,62.6681333333334,1.762030771743532,103.69,110.8,7486.303,0,0,1,1,0,0,0,0,7.055153210236685,4.861392550621581,2.305683933935109,29.248601972286693,28.136228249575055,4.651003602331263,4.716711560720999,8.920963931560047,1.0159661960342103
250,2018,9,Kazakhstan,Russian Federation,KAZ,RUS,Kazakhstan,KAZ,import,11715.367,2313.047,5.064906592905375,,179339977690.485,1657328773461.31,6.16366247577756,2.87829723647885,344.705833333333,62.6681333333334,5.50049626498102,99.13,110.8,3104.607,1,1,0,0,0,1,0,1,9.36874203214121,7.7467532186968775,1.802519141272532,25.912549158078004,28.136228249575055,4.606469341719712,4.716711560720999,8.040964466404994,1.8718785224458148
251,2018,9,Jordan,Russian Federation,JOR,RUS,Jordan,JOR,import,6.081,1.506,4.037848605577689,,43370860704.2254,1657328773461.31,4.46231108475482,2.87829723647885,0.71,62.6681333333334,0.0113295220750152,85.93,110.8,2652.505,0,0,0,0,0,0,0,0,1.957415140669637,0.9186878564738766,1.6169791269782359,24.49305364023258,28.136228249575055,4.465103197090973,4.716711560720999,7.883636686569925,0.011265823703023498
252,2018,9,Kenya,Russian Federation,KEN,RUS,Kenya,KEN,import,66758.336,22374.934,2.9836215829731607,,92202979985.2863,1657328773461.31,4.68980646776328,2.87829723647885,101.301574049018,62.6681333333334,1.616476647073439,107.51,110.8,6348.253,0,0,0,0,0,0,0,0,11.108849431650814,10.0157412852886,1.3821913510175838,25.247258287879127,28.136228249575055,4.686842334632116,4.716711560720999,8.756092447171593,0.9618286215364976
253,2018,9,Rep. of Korea,Russian Federation,KOR,RUS,Rep. of Korea,KOR,import,370.426,152.912,2.4224782881657423,,1725373496825.43,1657328773461.31,1.47583935002644,2.87829723647885,1100.16333333333,62.6681333333334,17.55538700158074,,110.8,6614.064,0,0,1,0,0,0,0,0,5.917349651853373,5.036381010514671,1.2303649343081144,28.1764646628742,28.136228249575055,,4.716711560720999,8.797104751483356,2.9207601512921326
254,2018,9,Kyrgyzstan,Russian Federation,KGZ,RUS,Kyrgyzstan,KGZ,import,606.432,302.596,2.0040978730716863,,8271106235.41552,1657328773461.31,1.5426614523843,2.87829723647885,68.840320327701,62.6681333333334,1.098490040568746,120.2,110.8,2985.871,0,1,0,0,0,1,0,1,6.40924023479323,5.715697870204115,1.0999773142871492,22.83603410202001,28.136228249575055,4.797442073635214,4.716711560720999,8.001981630139227,0.7412180578039519
255,2018,9,Lao People's Dem. Rep.,Russian Federation,LAO,RUS,Lao People's Dem. Rep.,LAO,import,19.966,7.738,2.5802532954251745,,18141641089.7963,1657328773461.31,2.04039266890203,2.87829723647885,8401.33476613966,62.6681333333334,134.06071505996113,114.43,110.8,6809.734,0,0,0,0,0,0,0,0,3.042902078030381,2.167681330529244,1.2754335508217995,23.62147574561177,28.136228249575055,4.748664285626821,4.716711560720999,8.826255176007963,4.905724418520072
256,2018,9,Lebanon,Russian Federation,LBN,RUS,Lebanon,LBN,import,28.907,5.598999999999999,5.162886229683873,,54901519155.5556,1657328773461.31,6.07698907889611,2.87829723647885,1507.5,62.6681333333334,24.05528806772605,,110.8,2441.484,0,0,0,0,0,0,0,0,3.3980925667086765,1.8869181224012845,1.8185452115929162,24.728806856418863,28.136228249575055,,4.716711560720999,7.80077083323018,3.2210849057603226
257,2018,9,Latvia,Russian Federation,LVA,RUS,Latvia,LVA,import,1956.952,388.421,5.03822398891924,,33247935477.3576,1657328773461.31,2.53445424186594,2.87829723647885,0.846772667108111,62.6681333333334,0.0135120135556632,117.22,110.8,847.8519,1,0,1,1,1,0,0,0,7.579654307978931,5.9646610206057025,1.798109927138363,24.22725851124409,28.136228249575055,4.772547295396223,4.716711560720999,6.743884730576574,0.013421540372633265
258,2018,9,Lithuania,Russian Federation,LTU,RUS,Lithuania,LTU,import,9877.552,427.53,23.1037634785863,,54261795148.5372,1657328773461.31,2.69792779208392,2.87829723647885,0.846772667108111,62.6681333333334,0.0135120135556632,115.96,110.8,794.0689,1,0,1,1,1,0,0,0,9.198121221296685,6.060360747255744,3.1823679892419503,24.717086227845503,28.136228249575055,4.761831996001468,4.716711560720999,6.67842877756566,0.013421540372633265
259,2018,9,Madagascar,Russian Federation,MDG,RUS,Madagascar,MDG,import,1980.773,138.11200000000002,14.34178782437442,,13760033282.2925,1657328773461.31,8.59422958870479,2.87829723647885,3334.75225490196,62.6681333333334,53.2128863191812,,110.8,8356.116,0,0,0,0,0,0,0,0,7.59174717755379,4.935279364079768,2.730580335717475,23.345034088292614,28.136228249575055,,4.716711560720999,9.030868670484256,3.9929186351528103
260,2018,9,Malawi,Russian Federation,MWI,RUS,Malawi,MWI,import,1654.476,741.153,2.232300213316279,,9879231591.52434,1657328773461.31,12.420178108921,2.87829723647885,732.333333333333,62.6681333333334,11.685896713055634,110.32,110.8,7767.932,0,0,0,0,0,0,0,0,7.41184385975144,6.60955542137211,1.1731940241285481,23.013700571645632,28.136228249575055,4.71240893665769,4.716711560720999,8.957887982176885,2.540490881373077
261,2018,9,Malaysia,Russian Federation,MYS,RUS,Malaysia,MYS,import,376.331,48.526,7.755244611136296,,358788845712.53,1657328773461.31,0.884709160571202,2.87829723647885,4.03513013706806,62.6681333333334,0.0643888675541857,116.01,110.8,8130.454,0,0,0,0,0,0,0,0,5.933122786330316,3.9024977842030744,2.169652904940464,26.605999878892884,28.136228249575055,4.7622594012308666,4.716711560720999,9.00349503033965,0.062400801173603734
262,2018,9,Mexico,Russian Federation,MEX,RUS,Mexico,MEX,import,4379.667,1405.525,3.1160363565215845,,1256300182775.8,1657328773461.31,4.89935015356547,2.87829723647885,19.2443416666667,62.6681333333334,0.3070833714530087,104.9,110.8,10736.3,0,0,0,0,0,0,0,0,8.38495627488162,7.248877402389791,1.4148906509069388,27.85919215444495,28.136228249575055,4.662495252607361,4.716711560720999,9.281478939809377,0.26779822101856204
264,2018,9,Mongolia,Russian Federation,MNG,RUS,Mongolia,MNG,import,13.569,5.602,2.4221706533380933,,13178094720.4986,1657328773461.31,6.82424790145522,2.87829723647885,2472.48405114235,62.6681333333334,39.45360934864844,121.29,110.8,4632.875,1,0,0,0,0,0,0,0,2.678895983671859,1.8873726334310013,1.2302750436999956,23.301821797263063,28.136228249575055,4.806395273201279,4.716711560720999,8.441148730092465,3.700155869403812
265,2018,9,Rep. of Moldova,Russian Federation,MDA,RUS,Rep. of Moldova,MDA,import,7.354,2.673,2.7512158623269736,,11252353420.8798,1657328773461.31,3.04505397337069,2.87829723647885,16.8020517223502,62.6681333333334,0.2681115716815699,109.48,110.8,1150.314,0,0,0,0,0,0,0,1,2.1227404660749833,1.3010087668375303,1.3220800173850065,23.143843136775008,28.136228249575055,4.704834509101037,4.716711560720999,7.0486591777724525,0.23752884242926584
266,2018,9,Morocco,Russian Federation,MAR,RUS,Morocco,MAR,import,159.30800000000002,7.87,20.242439644218557,,127341147581.818,1657328773461.31,1.80391671141895,2.87829723647885,9.38610242091972,62.6681333333334,0.1497747247551606,110.62,110.8,4156.454,0,0,0,0,0,0,0,0,5.077096964795675,2.1826747963214883,3.056001050616652,25.57013552345336,28.136228249575055,4.715100245360287,4.716711560720999,8.33265814666432,0.13956603166865775
267,2018,9,Namibia,Russian Federation,NAM,RUS,Namibia,NAM,import,0.011,0.003,3.6666666666666665,,13682019076.4022,1657328773461.31,4.2915910533787,2.87829723647885,13.2339416666667,62.6681333333334,0.2111749778196683,107.77,110.8,8932.264,0,0,0,0,0,0,0,0,0.010939940038334263,0.002995508979798371,1.5404450409471488,23.33934833162734,28.136228249575055,4.689235561105759,4.716711560720999,9.09753711660669,0.19159094448803388
268,2018,9,Nepal,Russian Federation,NPL,RUS,Nepal,NPL,import,840.469,302.65600000000006,2.7769778230069777,,33111525237.149,1657328773461.31,4.0611633875107,2.87829723647885,108.930134109273,62.6681333333334,1.738206139472367,130.12,110.8,4889.868,0,0,0,0,0,0,0,0,6.735149173974274,5.715895481740001,1.3289241721237195,24.2231472532298,28.136228249575055,4.876112934435574,4.716711560720999,8.495125071829223,1.0073030123712998
269,2018,9,Netherlands,Russian Federation,NLD,RUS,Netherlands,NLD,import,13927.493,3736.487,3.727429802378544,,929733599796.862,1657328773461.31,1.70349794744475,2.87829723647885,0.846772667108111,62.6681333333334,0.0135120135556632,110.11,110.8,2155.229,0,0,1,1,1,0,0,0,9.541691877145542,8.226168739432023,1.5533816726572685,27.558163930228297,28.136228249575055,4.710520701595917,4.716711560720999,7.67611614160181,0.013421540372633265
270,2018,9,Nicaragua,Russian Federation,NIC,RUS,Nicaragua,NIC,import,5477.793,1796.184,3.049683662698253,,13025221974.232,1657328773461.31,4.94723728039881,2.87829723647885,31.5532123338754,62.6681333333334,0.5034969234849084,107.74,110.8,10876.95,0,0,0,0,0,0,0,0,8.60864010020781,7.493976274418784,1.398638770092121,23.290153466684924,28.136228249575055,4.688959711717774,4.716711560720999,9.294493083539175,0.4077936772088415
271,2018,9,Nigeria,Russian Federation,NGA,RUS,Nigeria,NGA,import,364.834,259.84,1.4040717364532018,,421739251509.08,1657328773461.31,12.0951065173432,2.87829723647885,306.083688245234,62.6681333333334,4.884199863065444,97.38,110.8,6263.33,0,0,0,0,0,0,0,0,5.9021796786030185,5.563907192525002,0.8771638566824864,26.767653072594452,28.136228249575055,4.588837531367194,4.716711560720999,8.74262691827533,1.772270769372625
272,2018,9,Norway,Russian Federation,NOR,RUS,Norway,NOR,import,7.558,0.2789999999999999,27.089605734767023,,439788625883.8,1657328773461.31,2.76483134528787,2.87829723647885,8.1325,62.6681333333334,0.1297708989789599,96.71,110.8,1649.799,1,0,1,1,0,0,0,0,2.146866517994625,0.24607852259670557,3.335399605231499,26.809560052715362,28.136228249575055,4.582003907956252,4.716711560720999,7.4090146921113424,0.12201486790244487
273,2018,9,Pakistan,Russian Federation,PAK,RUS,Pakistan,PAK,import,0.749,0.202,3.707920792079208,,356128166704.921,1657328773461.31,5.07805725868913,2.87829723647885,121.824068875756,62.6681333333334,1.9439556022479665,111.87,110.8,3658.638,0,0,0,0,0,0,0,0,0.559044196036465,0.1839868361130158,1.5492463651441857,26.598556521844067,28.136228249575055,4.726236713967535,4.716711560720999,8.205119514399957,1.0797541199947505
274,2018,9,Panama,Russian Federation,PAN,RUS,Panama,PAN,import,189.227,7.086,26.70434659892746,,67316471200.0,1657328773461.31,0.761578359399968,2.87829723647885,1.0,62.6681333333334,0.0159570733450919,105.13,110.8,10819.55,0,0,0,0,0,0,0,0,5.248218095872476,2.0901341712185793,3.3215893178119087,24.932670786609332,28.136228249575055,4.664664757773731,4.716711560720999,9.289202382901557,0.015831097619112035
275,2018,9,Papua New Guinea,Russian Federation,PNG,RUS,Papua New Guinea,PNG,import,3066.357,1136.321,2.6984954075476915,,24109780708.0268,1657328773461.31,4.37448921453165,2.87829723647885,3.2934630812508,62.6681333333334,0.0525540319468713,100.33,110.8,12100.54,0,0,0,0,0,0,0,0,8.028571557731514,7.036430775804944,1.3079260903382932,23.90588343366166,28.136228249575055,4.618382517460226,4.716711560720999,9.401087996213619,0.051219622023336346
276,2018,9,Paraguay,Russian Federation,PRY,RUS,Paraguay,PRY,import,40.447,8.635,4.684076433121019,,40225448340.6322,1657328773461.31,3.97561015740694,2.87829723647885,5732.10455572912,62.6681333333334,91.46761281750504,113.69,110.8,12642.6,0,0,0,0,0,0,0,0,3.7244155026049524,2.2654023018663296,1.7376686572100695,24.41776567560817,28.136228249575055,4.742232836376431,4.716711560720999,9.444906437276726,4.526858451505315
277,2018,9,Peru,Russian Federation,PER,RUS,Peru,PER,import,3276.38,1559.2910000000002,2.101198557549553,,222597009739.235,1657328773461.31,1.50915423024742,2.87829723647885,3.28660269803296,62.6681333333334,0.0524445603086888,104.26,110.8,12666.63,0,0,0,0,0,0,0,0,8.09479960169526,7.352627621308986,1.1317886682360119,26.12862884236535,28.136228249575055,4.656433479925633,4.716711560720999,9.446805199780137,0.051115610896028146
278,2018,9,Poland,Russian Federation,POL,RUS,Poland,POL,import,16038.582,1606.709,9.98225689904021,,594616632477.019,1657328773461.31,1.81295156542687,2.87829723647885,3.61171666666667,62.6681333333334,0.0576324277516909,118.16,110.8,1156.427,1,0,1,1,1,0,0,0,9.682814821230568,7.382565463212584,2.3962809613203007,27.11118271966883,28.136228249575055,4.780467127845082,4.716711560720999,7.053954717016941,0.05603285128638632
279,2018,9,Portugal,Russian Federation,PRT,RUS,Portugal,PRT,import,4087.98,907.033,4.5069804516483964,,242092894542.888,1657328773461.31,0.99371568346828,2.87829723647885,0.846772667108111,62.6681333333334,0.0135120135556632,102.54,110.8,3913.34,0,0,1,1,1,0,0,0,8.316050829181245,6.811280721553215,1.7060164605461337,26.21258735119863,28.136228249575055,4.639958011473755,4.716711560720999,8.27240201183782,0.013421540372633265
280,2018,9,Romania,Russian Federation,ROU,RUS,Romania,ROU,import,15.223,5.1530000000000005,2.9542014360566657,,243468683030.34,1657328773461.31,4.62548443137774,2.87829723647885,3.94161666666667,62.6681333333334,0.0628966662482367,118.42,110.8,,,,1,1,1,0,0,0,2.786429988428262,1.8169397677583534,1.3747786683310685,26.218254159416908,28.136228249575055,4.782646691118846,4.716711560720999,,0.0609978850845497
281,2018,9,Russian Federation,Afghanistan,RUS,AFG,Afghanistan,AFG,export,3.272,0.363,9.013774104683195,2.0010000000000003,18053222687.4126,1657328773461.31,0.626149149168802,2.87829723647885,72.083247177304,62.6681333333334,1.1502376621606292,,110.8,3367.526,0,0,0,0,0,0,0,0,1.4520821016578938,0.30968815271439554,2.303961555702769,23.61659004808285,28.136228249575055,,4.716711560720999,8.122230538940023,0.7655783765702436
282,2018,9,Russian Federation,Azerbaijan,RUS,AZE,Azerbaijan,AZE,export,3798.634000000001,762.551,4.981481894325757,203.07700000000025,47112470051.7701,1657328773461.31,2.26854690373999,2.87829723647885,1.70001666666667,62.6681333333334,0.0271272906378787,107.05,110.8,1930.747,1,0,0,0,0,0,0,1,8.242660025286341,6.6379799200702605,1.788668345678785,24.57580355988587,28.136228249575055,4.682594082952895,4.716711560720999,7.566180053816499,0.026765867411918585
283,2018,9,Russian Federation,Australia,RUS,AUS,Australia,AUS,export,564.163,91.191,6.186608327576186,563.968,1427809041019.44,1657328773461.31,1.91140094445694,2.87829723647885,1.33841214646451,62.6681333333334,0.021357140787096,100.28,110.8,14503.07,0,0,1,1,0,0,0,0,6.337114185114816,4.52386251191514,1.972219339655534,27.987162246128385,28.136228249575055,4.617888958395866,4.716711560720999,9.582184578677866,0.02113227310869059
284,2018,9,Russian Federation,Austria,RUS,AUT,Austria,AUT,export,139.043,166.3,0.8360974143114852,-20120.548,452582294972.775,1657328773461.31,1.99837981429547,2.87829723647885,0.846772667108111,62.6681333333334,0.0135120135556632,112.12,110.8,1675.699,0,0,1,1,1,0,0,0,4.9419495183077355,5.119788607992779,0.607642348694637,26.83823545089589,28.136228249575055,4.728449202148263,4.716711560720999,7.42458225853397,0.013421540372633265
286,2018,9,Russian Federation,Armenia,RUS,ARM,Armenia,ARM,export,2607.204,418.516,6.229639965975018,-642.8700000000003,12457940694.7395,1657328773461.31,2.52023382001632,2.87829723647885,482.987946590235,62.6681333333334,7.707074088535712,153.12,110.8,1803.035,0,0,0,0,0,1,0,1,7.866417140846347,6.039101665823549,1.9781892376935462,23.245624063431467,28.136228249575055,5.037731519757957,4.716711560720999,7.497781101764742,2.1641358088875378
287,2018,9,Russian Federation,Belgium,RUS,BEL,Belgium,BEL,export,0.933,0.027,34.55555555555556,-3970.153,542638913427.921,1657328773461.31,2.05316499865184,2.87829723647885,0.846772667108111,62.6681333333334,0.0135120135556632,108.34,110.8,2261.25,0,0,1,1,1,0,0,0,0.6590732002261939,0.026641930946421092,3.571096418457553,27.019709951202977,28.136228249575055,4.694462293466853,4.716711560720999,7.724115172231243,0.013421540372633265
288,2018,9,Russian Federation,Bosnia Herzegovina,RUS,BIH,Bosnia Herzegovina,BIH,export,0.705,0.602,1.17109634551495,0.5149999999999999,20484053868.9246,1657328773461.31,1.41710814018034,2.87829723647885,1.65698544113543,62.6681333333334,0.0264406382159475,107.29,110.8,1902.116,0,0,0,0,0,0,0,0,0.5335651107354802,0.4712528486461674,0.7752322683154008,23.742912560397027,28.136228249575055,4.6848128136402885,4.716711560720999,7.551247821823041,0.026097126497266053
290,2018,9,Russian Federation,Bulgaria,RUS,BGR,Bulgaria,BGR,export,73.697,54.447,1.3535548331404854,-206.296,66251582035.9412,1657328773461.31,2.8145447382483,2.87829723647885,1.65704166666667,62.6681333333334,0.0264415354108733,112.25,110.8,1785.898,0,0,1,1,1,0,0,0,4.313439930689741,4.015427609537456,0.8559268801389532,24.91672518133051,28.136228249575055,4.7295977643631435,4.716711560720999,7.488236434627176,0.026098000580481773
291,2018,9,Russian Federation,Myanmar,RUS,MMR,Myanmar,MMR,export,55.94,123.9,0.4514931396287328,-3.201000000000008,67860515989.517,1657328773461.31,6.87232865662918,2.87829723647885,1429.80797520107,62.6681333333334,22.815550729680822,167.59,110.8,6526.041,0,0,0,0,0,0,0,0,4.041998081849892,4.827513417131532,0.3725927780702294,24.940720200024206,28.136228249575055,5.12746973182771,4.716711560720999,8.783708980214998,3.1703387593132066
292,2018,9,Russian Federation,Belarus,RUS,BLR,Belarus,BLR,export,41774.238000000005,8414.653,4.964463537593292,39277.988000000005,60031026576.26,1657328773461.31,4.8723022055069,2.87829723647885,2.03760833333333,62.6681333333334,0.0325142656235704,109.25,110.8,686.9657,1,0,0,0,0,1,0,1,10.64005905063468,9.037848703138877,1.7858191164834027,24.818127375134406,28.136228249575055,4.702750514326955,4.716711560720999,6.533738982039396,0.03199686234217446
293,2018,9,Russian Federation,Canada,RUS,CAN,Canada,CAN,export,148.407,13.273,11.181119566036314,133.394,1725329192783.02,1657328773461.31,2.26822567248104,2.87829723647885,1.29581792813534,62.6681333333334,0.0206774617211406,104.64,110.8,7495.521,0,0,1,1,0,0,0,0,5.006674125684097,2.6583696406476314,2.4998871764513004,28.176438984601457,28.136228249575055,4.660037087428932,4.716711560720999,8.92219432523831,0.020466584985462742
295,2018,9,Russian Federation,Sri Lanka,RUS,LKA,Sri Lanka,LKA,export,3128.548,6788.45,0.4608633782380366,-146797.92299999998,94450015982.8405,1657328773461.31,2.13503773713198,2.87829723647885,162.464858736778,62.6681333333334,2.5924636668627623,106.69,110.8,6576.936,0,0,0,0,0,0,0,0,8.048643864160535,8.823125215799191,0.3790276158963634,25.271336600124624,28.136228249575055,4.679256729340789,4.716711560720999,8.791476297300637,1.2788382253117616
296,2018,9,Russian Federation,China,RUS,CHN,China,CHN,export,551.725,68.557,8.047682949954053,-71602.85299999999,14147765772963.8,1657328773461.31,2.07479039965575,2.87829723647885,6.61595717735439,62.6681333333334,0.1055713139270312,123.05,110.8,5795.045,1,0,0,0,0,0,1,0,6.314860590311283,4.242146560321416,2.20250869730178,30.280577831647378,28.136228249575055,4.82068471013781,4.716711560720999,8.664931067385588,0.10036222753604226
297,2018,9,Russian Federation,Croatia,RUS,HRV,Croatia,HRV,export,0.02,0.001,20.0,-68.379,61668130122.5878,1657328773461.31,1.50012501041755,2.87829723647885,6.27902525,62.6681333333334,0.100194866449934,106.7,110.8,1875.36,0,0,1,1,1,0,0,0,0.01980262729617973,0.0009995003330834232,3.044522437723423,24.845033104808888,28.136228249575055,4.679349584162343,4.716711560720999,7.537089008810755,0.09548731543300476
299,2018,9,Russian Federation,Cyprus,RUS,CYP,Cyprus,CYP,export,57.124,0.35,163.2114285714286,36.038,25754001367.5448,1657328773461.31,1.43549119531763,2.87829723647885,0.846772667108111,62.6681333333334,0.0135120135556632,132.52,110.8,2316.67,0,0,1,0,1,0,0,0,4.06257865945845,0.30010459245033816,5.101154796127488,23.971855844937117,28.136228249575055,4.89425127935358,4.716711560720999,7.748317649657977,0.013421540372633265
300,2018,9,Russian Federation,Czechia,RUS,CZE,Czechia,CZE,export,196.837,41.999,4.686706826353008,-81.24600000000004,251992360762.236,1657328773461.31,2.14949494949498,2.87829723647885,21.7299166666667,62.6681333333334,0.3467458740327355,114.93,110.8,1673.0,0,0,1,1,1,0,0,0,5.287443459329488,3.7611768596091886,1.7381313154489761,26.25266460956674,28.136228249575055,4.75298656068231,4.716711560720999,7.422971251049421,0.29769121892631756
301,2018,9,Russian Federation,Denmark,RUS,DNK,Denmark,DNK,export,1.392,0.02,69.60000000000001,-94.785,355293374912.393,1657328773461.31,0.813609467455621,2.87829723647885,6.31461878666667,62.6681333333334,0.1007628351251353,111.0,110.8,1566.362,0,0,1,1,1,0,0,0,0.8721298360883852,0.01980262729617973,4.257030144499197,26.596209693341322,28.136228249575055,4.718498871295094,4.716711560720999,7.357149230353968,0.09600342593108693
302,2018,9,Russian Federation,Dominican Rep.,RUS,DOM,Dominican Rep.,DOM,export,47.478,15.52,3.0591494845360825,-306.726,84994732049.3461,1657328773461.31,3.5644342601351,2.87829723647885,49.5099928571429,62.6681333333334,0.7900345873364056,111.48,110.8,9365.754,0,0,0,0,0,0,0,0,3.8811100867846715,2.804571768092832,1.400973465100798,25.16585511563786,28.136228249575055,4.722775428062355,4.716711560720999,9.144921890453677,0.5822349422002907
303,2018,9,Russian Federation,Estonia,RUS,EST,Estonia,EST,export,1005.275,142.164,7.071234630426831,-3304.457,31222632740.7247,1657328773461.31,3.43632688420446,2.87829723647885,0.846772667108111,62.6681333333334,0.0135120135556632,111.72,110.8,871.7853,1,0,1,1,1,0,0,0,6.914010673144645,4.963990826273066,2.0883064607196915,24.164409077168965,28.136228249575055,4.724906867590425,4.716711560720999,6.771689592030556,0.013421540372633265
304,2018,9,Russian Federation,Finland,RUS,FIN,Finland,FIN,export,23.183,7.094,3.2679729348745417,-5381.165,273869255596.078,1657328773461.31,1.08382098409304,2.87829723647885,0.846772667108111,62.6681333333334,0.0135120135556632,112.0,110.8,892.6777,1,0,1,1,1,0,0,0,3.1856499069695734,2.091123046453674,1.4511389920123106,26.335916660099226,28.136228249575055,4.727387818712341,4.716711560720999,6.795345195631136,0.013421540372633265
305,2018,9,Russian Federation,France,RUS,FRA,France,FRA,export,748.886,98.229,7.623878895234603,-2387.597,2781576320884.39,1657328773461.31,1.85081508315501,2.87829723647885,0.846772667108111,62.6681333333334,0.0135120135556632,103.61,110.8,2494.316,0,0,1,1,1,0,0,0,6.619921194977185,4.59743031027787,2.154534971307675,28.65403890483614,28.136228249575055,4.650239149355669,4.716711560720999,7.822170653472379,0.013421540372633265
306,2018,9,Russian Federation,Georgia,RUS,GEO,Georgia,GEO,export,3498.19,1158.371,3.01992194210663,-81.62500000000045,17902544880.6471,1657328773461.31,2.6152447139767,2.87829723647885,2.53411083333333,62.6681333333334,0.0404369924320919,115.71,110.8,1644.856,1,0,0,0,0,0,0,0,8.160286792122353,7.055632895655077,1.3912624850559994,23.60820871184667,28.136228249575055,4.759692225424263,4.716711560720999,7.406015892598331,0.039640809931129756
307,2018,9,Russian Federation,Germany,RUS,DEU,Germany,DEU,export,2999.886,1562.447,1.9199921661342751,-48130.855,4052008447223.53,1657328773461.31,1.73216879766948,2.87829723647885,0.846772667108111,62.6681333333334,0.0135120135556632,104.95,110.8,2065.183,0,0,1,1,1,0,0,0,8.006662857381276,7.35464827801825,1.071580933445864,29.03023378701778,28.136228249575055,4.662967284714308,4.716711560720999,7.633458222717186,0.013421540372633265
308,2018,9,Russian Federation,Greece,RUS,GRC,Greece,GRC,export,6.7,1.605,4.174454828660436,-332.64500000000004,213298873494.394,1657328773461.31,0.625621413453609,2.87829723647885,0.846772667108111,62.6681333333334,0.0135120135556632,109.11,110.8,2233.583,0,0,1,1,1,0,0,0,2.0412203288596382,0.9574326752053303,1.643733986483279,26.085960181094222,28.136228249575055,4.7014798661255,4.716711560720999,7.711809912458774,0.013421540372633265
309,2018,9,Russian Federation,"China, Hong Kong SAR",RUS,HKG,"China, Hong Kong SAR",HKG,export,0.417,0.085,4.905882352941176,-2.1620000000000004,361731070995.726,1657328773461.31,2.40613432046534,2.87829723647885,7.8385,62.6681333333334,0.1250795194155029,101.28,110.8,7145.355,0,0,0,0,0,0,0,0,0.34854196070854343,0.08157998699242285,1.7759488632014127,26.61416687488777,28.136228249575055,4.627714150422986,4.716711560720999,8.874357715491055,0.1178537170832841
310,2018,9,Russian Federation,Hungary,RUS,HUN,Hungary,HUN,export,266.611,35.694,7.469350591135765,254.118,161184691013.835,1657328773461.31,2.8502479259464,2.87829723647885,270.211666666667,62.6681333333334,4.311787383699531,109.89,110.8,1574.19,0,0,1,0,1,0,0,0,5.58953443353779,3.602613253956528,2.136453834075872,25.805816693618507,28.136228249575055,4.708538718965125,4.716711560720999,7.362131178904561,1.6699283857141107
311,2018,9,Russian Federation,Iceland,RUS,ISL,Iceland,ISL,export,0.09,0.024,3.75,0.09,26260850582.0687,1657328773461.31,2.68291768267385,2.87829723647885,108.300176306626,62.6681333333334,1.7281538566112158,104.9,110.8,3316.138,0,0,1,1,0,0,0,0,0.08617769624105241,0.023716526617316065,1.55814461804655,23.99134509612165,28.136228249575055,4.662495252607361,4.716711560720999,8.106857641940545,1.003625137441881
312,2018,9,Russian Federation,Indonesia,RUS,IDN,Indonesia,IDN,export,2581.358,6721.865999999999,0.38402401952077,-25416.836,1042271532988.63,1657328773461.31,3.19834755924998,2.87829723647885,14236.9387734818,62.6681333333334,227.17987621803184,113.35,110.8,9302.706,0,0,0,0,0,0,0,0,7.85645821400285,8.813269830692235,0.3249952121899441,27.67242361359429,28.136228249575055,4.73926392046879,4.716711560720999,9.138168094387108,5.430134248692977
313,2018,9,Russian Federation,Iraq,RUS,IRQ,Iraq,IRQ,export,9.042,22.0,0.411,9.042,227367469034.031,1657328773461.31,0.36744148893688,2.87829723647885,1182.75,62.6681333333334,18.87322849890745,102.01,110.8,2548.646,0,0,0,0,0,0,0,0,2.306776297612514,3.1354942159291497,0.34429867287067695,26.149833351894912,28.136228249575055,4.634826070895602,4.716711560720999,7.843709804986182,2.9893735244374486
314,2018,9,Russian Federation,Israel,RUS,ISR,Israel,ISR,export,2890.993,382.986,7.54856052179453,1959.405,376299083108.497,1657328773461.31,0.805060379528465,2.87829723647885,3.59055812689938,62.6681333333334,0.0572947993807492,104.01,110.8,2643.989,0,0,0,0,0,0,0,0,7.969701162805463,5.950606093589772,2.1457629087504975,26.653650097948354,28.136228249575055,4.654055583717902,4.716711560720999,7.880422185493582,0.05571356997071883
315,2018,9,Russian Federation,Italy,RUS,ITA,Italy,ITA,export,361.15,104.348,3.461015064974892,-73276.744,2099435266458.67,1657328773461.31,1.13748763600396,2.87829723647885,0.846772667108111,62.6681333333334,0.0135120135556632,106.98,110.8,2383.171,0,0,1,1,1,0,0,0,5.892058490641335,4.657269155732072,1.4953763331803027,28.37268950375877,28.136228249575055,4.6819460247901405,4.716711560720999,7.776606753800817,0.013421540372633265
316,2018,9,Russian Federation,Japan,RUS,JPN,Japan,JPN,export,33.715,4.099,8.225176872407904,-1124.1,5040880939324.86,1657328773461.31,0.989094598021811,2.87829723647885,110.42317934106,62.6681333333334,1.762030771743532,103.69,110.8,7486.303,0,0,1,1,0,0,0,0,3.547171870205237,1.6290444420730188,2.2219363629035365,29.248601972286693,28.136228249575055,4.651003602331263,4.716711560720999,8.920963931560047,1.0159661960342103
317,2018,9,Russian Federation,Kazakhstan,RUS,KAZ,Kazakhstan,KAZ,export,29665.507,5995.983,4.947563560470401,17950.14,179339977690.485,1657328773461.31,6.16366247577756,2.87829723647885,344.705833333333,62.6681333333334,5.50049626498102,99.13,110.8,3104.607,1,1,0,0,0,1,0,1,10.297773978009213,8.699011788413783,1.7829816500601747,25.912549158078004,28.136228249575055,4.606469341719712,4.716711560720999,8.040964466404994,1.8718785224458148
318,2018,9,Russian Federation,Jordan,RUS,JOR,Jordan,JOR,export,0.092,0.015,6.133333333333334,-5.989,43370860704.2254,1657328773461.31,4.46231108475482,2.87829723647885,0.71,62.6681333333334,0.0113295220750152,85.93,110.8,2652.505,0,0,0,0,0,0,0,0,0.08801087732271337,0.014888612493750559,1.9647786333596962,24.49305364023258,28.136228249575055,4.465103197090973,4.716711560720999,7.883636686569925,0.011265823703023498
319,2018,9,Russian Federation,Kenya,RUS,KEN,Kenya,KEN,export,18.015,2.127,8.469675599435826,-66740.321,92202979985.2863,1657328773461.31,4.68980646776328,2.87829723647885,101.301574049018,62.6681333333334,1.616476647073439,107.51,110.8,6348.253,0,0,0,0,0,0,0,0,2.945228141380223,1.1400740784757042,2.248094651007853,25.247258287879127,28.136228249575055,4.686842334632116,4.716711560720999,8.756092447171593,0.9618286215364976
320,2018,9,Russian Federation,Dem. People's Rep. of Korea,RUS,PRK,Dem. People's Rep. of Korea,PRK,export,0.004,0.001,4.0,0.004,,1657328773461.31,,2.87829723647885,,62.6681333333334,,106.13,110.8,6418.446,1,0,0,0,0,0,0,0,0.003992021269537457,0.0009995003330834232,1.6094379124341003,,28.136228249575055,4.6740430502744665,4.716711560720999,8.767087100125675,
321,2018,9,Russian Federation,Rep. of Korea,RUS,KOR,Rep. of Korea,KOR,export,314.039,32.823,9.56765073271791,-56.387,1725373496825.43,1657328773461.31,1.47583935002644,2.87829723647885,1100.16333333333,62.6681333333334,17.55538700158074,,110.8,6614.064,0,0,1,0,0,0,0,0,5.752696440685676,3.521141044444725,2.3577975171581604,28.1764646628742,28.136228249575055,,4.716711560720999,8.797104751483356,2.9207601512921326
322,2018,9,Russian Federation,Kuwait,RUS,KWT,Kuwait,KWT,export,42.503,60.094,0.707275268745632,42.503,138646316321.596,1657328773461.31,0.543133148199583,2.87829723647885,0.301956493524177,62.6681333333334,0.004818341914192,131.08,110.8,3051.533,0,0,0,0,0,0,0,0,3.7728299012338677,4.112413661682979,0.5348986895962907,25.65519204048069,28.136228249575055,4.883407799611873,4.716711560720999,8.023727016737235,0.00480677085877245
323,2018,9,Russian Federation,Kyrgyzstan,RUS,KGZ,Kyrgyzstan,KGZ,export,7056.167,1694.764,4.163510081639686,6449.735000000001,8271106235.41552,1657328773461.31,1.5426614523843,2.87829723647885,68.840320327701,62.6681333333334,1.098490040568746,120.2,110.8,2985.871,0,1,0,0,0,1,0,1,8.861798975167481,7.435888655726061,1.6416165966091985,22.83603410202001,28.136228249575055,4.797442073635214,4.716711560720999,8.001981630139227,0.7412180578039519
324,2018,9,Russian Federation,Latvia,RUS,LVA,Latvia,LVA,export,2458.641,434.556,5.657823157429652,501.6890000000001,33247935477.3576,1657328773461.31,2.53445424186594,2.87829723647885,0.846772667108111,62.6681333333334,0.0135120135556632,117.22,110.8,847.8519,1,0,1,1,1,0,0,0,7.807770683317517,6.076623375855932,1.8957925778853444,24.22725851124409,28.136228249575055,4.772547295396223,4.716711560720999,6.743884730576574,0.013421540372633265
325,2018,9,Russian Federation,Libya,RUS,LBY,Libya,LBY,export,71.701,0.112,640.1874999999999,71.701,76686029772.1483,1657328773461.31,13.1702038536721,2.87829723647885,1.36496666666667,62.6681333333334,0.0217808732136056,,110.8,3189.875,0,0,0,0,0,0,0,0,4.286355139603057,0.10616019582839073,6.463321925847931,25.062985387571477,28.136228249575055,,4.716711560720999,8.06805045283783,0.021547059021028405
326,2018,9,Russian Federation,Lithuania,RUS,LTU,Lithuania,LTU,export,1862.457,167.59,11.11317501044215,-8015.094999999999,54261795148.5372,1657328773461.31,2.69792779208392,2.87829723647885,0.846772667108111,62.6681333333334,0.0135120135556632,115.96,110.8,794.0689,1,0,1,1,1,0,0,0,7.530188643793949,5.12746973182771,2.4942937040803908,24.717086227845503,28.136228249575055,4.761831996001468,4.716711560720999,6.67842877756566,0.013421540372633265
327,2018,9,Russian Federation,Luxembourg,RUS,LUX,Luxembourg,LUX,export,1.26,0.041,30.73170731707317,1.26,71085623495.1145,1657328773461.31,1.52819524307374,2.87829723647885,0.846772667108111,62.6681333333334,0.0135120135556632,108.37,110.8,2214.132,0,0,1,1,1,0,0,0,0.8153648132841944,0.04018178963283176,3.4573164118081974,24.987150952130367,28.136228249575055,4.694736629347134,4.716711560720999,7.703067274383062,0.013421540372633265
328,2018,9,Russian Federation,Malaysia,RUS,MYS,Malaysia,MYS,export,309.086,600.837,0.5144257094686246,-67.24499999999995,358788845712.53,1657328773461.31,0.884709160571202,2.87829723647885,4.03513013706806,62.6681333333334,0.0643888675541857,116.01,110.8,8130.454,0,0,0,0,0,0,0,0,5.736849678360397,6.399986644525997,0.41503629743859444,26.605999878892884,28.136228249575055,4.7622594012308666,4.716711560720999,9.00349503033965,0.062400801173603734
329,2018,9,Russian Federation,Maldives,RUS,MDV,Maldives,MDV,export,5.3870000000000005,0.185,29.11891891891892,5.3870000000000005,5404344162.69888,1657328773461.31,-0.13337338611759,2.87829723647885,15.3908372695852,62.6681333333334,0.2455927191531451,141.47,110.8,6563.114,0,0,0,0,0,0,0,0,1.8542646745794522,0.16974277458709455,3.4051535098213717,22.410468941859314,28.136228249575055,4.9591314512291405,4.716711560720999,8.789372819518036,0.21961149626779425
330,2018,9,Russian Federation,Mali,RUS,MLI,Mali,MLI,export,2085.7250000000004,447.049,4.6655400191030525,2085.7250000000004,20368015381.2413,1657328773461.31,0.299546507387863,2.87829723647885,555.446458398226,62.6681333333334,8.863299875932032,111.07,110.8,6188.962,0,0,0,0,0,0,0,0,7.643351130306859,6.104902601433976,1.7344022154624736,23.737231633977267,28.136228249575055,4.719123676063936,4.716711560720999,8.730684226726034,2.2888207856394414
331,2018,9,Russian Federation,Mauritius,RUS,MUS,Mauritius,MUS,export,11.225,19.85,0.5654911838790931,11.225,14735695930.9727,1657328773461.31,3.21605383144576,2.87829723647885,33.93445,62.6681333333334,0.541494507575354,102.48,110.8,8654.018,0,0,0,0,0,0,0,0,2.5034830353609356,3.0373539482448106,0.4481996302635753,23.413538681879796,28.136228249575055,4.639378357317828,4.716711560720999,9.065894547330851,0.43275240529870246
332,2018,9,Russian Federation,Mexico,RUS,MEX,Mexico,MEX,export,33.76,23.408,1.442241968557758,-4345.907,1256300182775.8,1657328773461.31,4.89935015356547,2.87829723647885,19.2443416666667,62.6681333333334,0.3070833714530087,104.9,110.8,10736.3,0,0,0,0,0,0,0,0,3.548467300397191,3.1949109474143684,0.8929164570032855,27.85919215444495,28.136228249575055,4.662495252607361,4.716711560720999,9.281478939809377,0.26779822101856204
334,2018,9,Russian Federation,Mongolia,RUS,MNG,Mongolia,MNG,export,865.556,184.02,4.703597435061407,851.9870000000001,13178094720.4986,1657328773461.31,6.82424790145522,2.87829723647885,2472.48405114235,62.6681333333334,39.45360934864844,121.29,110.8,4632.875,1,0,0,0,0,0,0,0,6.764526734880414,5.2204639273431725,1.7410971047205233,23.301821797263063,28.136228249575055,4.806395273201279,4.716711560720999,8.441148730092465,3.700155869403812
335,2018,9,Russian Federation,Rep. of Moldova,RUS,MDA,Rep. of Moldova,MDA,export,6000.569,1028.9779999999998,5.831581433227922,5993.214999999999,11252353420.8798,1657328773461.31,3.04505397337069,2.87829723647885,16.8020517223502,62.6681333333334,0.2681115716815699,109.48,110.8,1150.314,0,0,0,0,0,0,0,1,8.699776214025027,6.937292721772269,1.9215561889812218,23.143843136775008,28.136228249575055,4.704834509101037,4.716711560720999,7.0486591777724525,0.23752884242926584
336,2018,9,Russian Federation,Montenegro,RUS,MNE,Montenegro,MNE,export,6.697,0.581,11.526678141135973,6.697,5506942238.35668,1657328773461.31,2.61122378263799,2.87829723647885,0.846772667108096,62.6681333333334,0.0135120135556629,100.69,110.8,,,,1,0,0,0,0,0,2.0408306425521805,0.45805755822733496,2.527860621320194,22.42927535858571,28.136228249575055,4.621928969803046,4.716711560720999,,0.013421540372633045
337,2018,9,Russian Federation,Morocco,RUS,MAR,Morocco,MAR,export,17.501,42.95,0.4074738067520372,-141.80700000000002,127341147581.818,1657328773461.31,1.80391671141895,2.87829723647885,9.38610242091972,62.6681333333334,0.1497747247551606,110.62,110.8,4156.454,0,0,0,0,0,0,0,0,2.9178247846774656,3.783052624131186,0.3417964710908977,25.57013552345336,28.136228249575055,4.715100245360287,4.716711560720999,8.33265814666432,0.13956603166865775
338,2018,9,Russian Federation,Nepal,RUS,NPL,Nepal,NPL,export,317.65,941.23,0.337483930601447,-522.8190000000001,33111525237.149,1657328773461.31,4.0611633875107,2.87829723647885,108.930134109273,62.6681333333334,1.738206139472367,130.12,110.8,4889.868,0,0,0,0,0,0,0,0,5.764093321760303,6.84824940613264,0.2907901852122588,24.2231472532298,28.136228249575055,4.876112934435574,4.716711560720999,8.495125071829223,1.0073030123712998
339,2018,9,Russian Federation,Netherlands,RUS,NLD,Netherlands,NLD,export,612.562,887.78,0.6899930162878191,-13314.931,929733599796.862,1657328773461.31,1.70349794744475,2.87829723647885,0.846772667108111,62.6681333333334,0.0135120135556632,110.11,110.8,2155.229,0,0,1,1,1,0,0,0,6.419281318539502,6.789849735822016,0.5247243965523722,27.558163930228297,28.136228249575055,4.710520701595917,4.716711560720999,7.67611614160181,0.013421540372633265
340,2018,9,Russian Federation,New Zealand,RUS,NZL,New Zealand,NZL,export,0.191,0.051,3.745098039215686,0.191,211985631173.205,1657328773461.31,1.59829703801696,2.87829723647885,1.44525833333333,62.6681333333334,0.0230620932276052,106.99,110.8,16774.49,0,0,1,0,0,0,0,0,0.1747932903731631,0.04974209189481401,1.5571120934323603,26.07978433184126,28.136228249575055,4.682038630244668,4.716711560720999,9.727674171547402,0.02280018231967425
341,2018,9,Russian Federation,Norway,RUS,NOR,Norway,NOR,export,9.134,2.55,3.581960784313726,1.5760000000000003,439788625883.8,1657328773461.31,2.76483134528787,2.87829723647885,8.1325,62.6681333333334,0.1297708989789599,96.71,110.8,1649.799,1,0,1,1,0,0,0,0,2.315896107053718,1.2669476034873244,1.5221270253551598,26.809560052715362,28.136228249575055,4.582003907956252,4.716711560720999,7.4090146921113424,0.12201486790244487
342,2018,9,Russian Federation,Pakistan,RUS,PAK,Pakistan,PAK,export,600.4350000000001,1795.985,0.3343207209414333,599.686,356128166704.921,1657328773461.31,5.07805725868913,2.87829723647885,121.824068875756,62.6681333333334,1.9439556022479665,111.87,110.8,3658.638,0,0,0,0,0,0,0,0,6.399318466400093,7.493865539503312,0.28842233909288295,26.598556521844067,28.136228249575055,4.726236713967535,4.716711560720999,8.205119514399957,1.0797541199947505
343,2018,9,Russian Federation,Poland,RUS,POL,Poland,POL,export,2322.339,3951.746,0.5876741571953258,-13716.243,594616632477.019,1657328773461.31,1.81295156542687,2.87829723647885,3.61171666666667,62.6681333333334,0.0576324277516909,118.16,110.8,1156.427,1,0,1,1,1,0,0,0,7.750760654107876,8.282165806236039,0.4622701510874115,27.11118271966883,28.136228249575055,4.780467127845082,4.716711560720999,7.053954717016941,0.05603285128638632
344,2018,9,Russian Federation,Portugal,RUS,PRT,Portugal,PRT,export,0.192,0.015,12.8,-4087.788,242092894542.888,1657328773461.31,0.99371568346828,2.87829723647885,0.846772667108111,62.6681333333334,0.0135120135556632,102.54,110.8,3913.34,0,0,1,1,1,0,0,0,0.17563256864315796,0.014888612493750559,2.624668592163159,26.21258735119863,28.136228249575055,4.639958011473755,4.716711560720999,8.27240201183782,0.013421540372633265
345,2018,9,Russian Federation,Qatar,RUS,QAT,Qatar,QAT,export,3699.846,881.427,4.197563723371306,3699.846,183334953818.681,1657328773461.31,0.255815382724384,2.87829723647885,3.64,62.6681333333334,0.0580837469761345,107.63,110.8,3575.788,0,0,0,0,0,0,0,0,8.216316721144846,6.782676065839259,1.6481900010637727,25.934580665482198,28.136228249575055,4.68794761244566,4.716711560720999,8.182220469959994,0.05645948623551646
346,2018,9,Russian Federation,Romania,RUS,ROU,Romania,ROU,export,224.885,420.168,0.5352263856362217,209.66200000000003,243468683030.34,1657328773461.31,4.62548443137774,2.87829723647885,3.94161666666667,62.6681333333334,0.0628966662482367,118.42,110.8,,,,1,1,1,0,0,0,5.420026020206892,6.043031803964388,0.42867785266385317,26.218254159416908,28.136228249575055,4.782646691118846,4.716711560720999,,0.0609978850845497
347,2018,9,Russian Federation,Saudi Arabia,RUS,SAU,Saudi Arabia,SAU,export,82.67,73.075,1.1313034553540882,81.407,886564800000.0,1657328773461.31,2.45719835917882,2.87829723647885,3.75,62.6681333333334,0.0598390250440946,106.36,110.8,3539.516,0,0,0,0,0,0,0,0,4.426880490307507,4.305078093459629,0.7567337434262172,27.510620056237087,28.136228249575055,4.676187673223372,4.716711560720999,8.172027758217332,0.05811703342564908
348,2018,9,Russian Federation,Serbia,RUS,SRB,Serbia,SRB,export,14.071000000000002,5.896,2.386533242876527,-32.79599999999999,52787520248.9242,1657328773461.31,1.95984076293799,2.87829723647885,100.175075,62.6681333333334,1.5985010191250826,114.58,110.8,,,,0,0,0,0,0,0,2.7127723674375392,1.930941533361392,1.2198067559177252,24.689540640818507,28.136228249575055,4.749962930889632,4.716711560720999,,0.954934747663736
349,2018,9,Russian Federation,India,RUS,IND,India,IND,export,4320.57,11900.84,0.3630474823625895,-128783.677,2702929641648.74,1657328773461.31,3.93882646691633,2.87829723647885,68.3894670935422,62.6681333333334,1.0912957424434022,114.4,110.8,4341.881,0,0,0,0,0,0,1,0,8.371374041140877,9.384448288995634,0.309722988763952,28.625357353157753,28.136228249575055,4.748404354073999,4.716711560720999,8.376293231744963,0.7377838463341467
350,2018,9,Russian Federation,Singapore,RUS,SGP,Singapore,SGP,export,163.35000000000002,282.437,0.5783590676858911,-829.4069999999999,377123710560.614,1657328773461.31,0.438784215129628,2.87829723647885,1.34884166666667,62.6681333333334,0.021523565405916,122.54,110.8,8431.775,0,0,1,0,0,0,0,0,5.101998300110228,5.646989876250568,0.4563857426010387,26.655839115292483,28.136228249575055,4.816564990267753,4.716711560720999,9.039881178322222,0.021295204422970122
351,2018,9,Russian Federation,Slovakia,RUS,SVK,Slovakia,SVK,export,24.833,16.459,1.508779391214533,24.476,106611673364.837,1657328773461.31,2.5140371288381,2.87829723647885,0.846772667108111,62.6681333333334,0.0135120135556632,103.53,110.8,1632.621,0,0,1,1,1,0,0,0,3.2516527443821377,2.859855275002637,0.9197963365414128,25.39245884892891,28.136228249575055,4.649474111544616,4.716711560720999,7.39855430237185,0.013421540372633265
352,2018,9,Russian Federation,Viet Nam,RUS,VNM,Viet Nam,VNM,export,121.545,88.12200000000001,1.3792809967998907,-196721.012,310106478394.659,1657328773461.31,3.53962805942638,2.87829723647885,22602.05,62.6681333333334,360.6625695994345,136.47,110.8,6737.911,0,0,0,0,0,0,0,0,4.80847830946819,4.49000621757887,0.8667983398564058,26.460181554145976,28.136228249575055,4.923405711483329,4.716711560720999,8.815653618151782,5.89071164894579
353,2018,9,Russian Federation,Slovenia,RUS,SVN,Slovenia,SVN,export,8.622,0.504,17.107142857142858,8.622,53689067639.9176,1657328773461.31,1.73860861988179,2.87829723647885,0.846772667108111,62.6681333333334,0.0135120135556632,123.0,110.8,1937.979,0,0,1,1,1,0,0,0,2.264052143277262,0.4081282255276481,2.8963064934159792,24.706475235629764,28.136228249575055,4.820281565605037,4.716711560720999,7.569916824859094,0.013421540372633265
354,2018,9,Russian Federation,South Africa,RUS,ZAF,South Africa,ZAF,export,536.98,1019.569,0.5266735257741262,244.89500000000004,405260723892.517,1657328773461.31,4.50987264867393,2.87829723647885,13.2339264715833,62.6681333333334,0.211174735350608,101.0,110.8,10147.89,0,0,0,0,0,0,1,0,6.287821384749598,6.928115593878929,0.42309120231303915,26.727796459626674,28.136228249575055,4.624972813284271,4.716711560720999,9.225119618883824,0.19159074429475947
355,2018,9,Russian Federation,Spain,RUS,ESP,Spain,ESP,export,2.683,0.1639999999999999,16.359756097560975,-4870.608,1431642809327.06,1657328773461.31,1.67498136863794,2.87829723647885,0.846772667108111,62.6681333333334,0.0135120135556632,107.03,110.8,3449.3,0,0,1,1,1,0,0,0,1.3037276374629283,0.15186234930924603,2.854154659453839,27.98984371852619,28.136228249575055,4.682408966328894,4.716711560720999,8.146216462766645,0.013421540372633265
356,2018,9,Russian Federation,Sweden,RUS,SWE,Sweden,SWE,export,0.895,0.086,10.406976744186048,-2535.871,551312498430.164,1657328773461.31,1.95353530127028,2.87829723647885,8.69251833333333,62.6681333333334,0.138707152598556,110.35,110.8,1232.383,0,0,1,1,1,0,0,0,0.6392188385343897,0.08250122151174377,2.4342251633118557,27.035567633119758,28.136228249575055,4.712678393703377,4.716711560720999,7.117516079423651,0.12989354218692245
357,2018,9,Russian Federation,Switzerland,RUS,CHE,Switzerland,CHE,export,25.212000000000003,4.554,5.536231884057972,-24567.297,725568717468.001,1657328773461.31,0.936335464113563,2.87829723647885,0.977891666666667,62.6681333333334,0.0156042890485541,111.5,110.8,2296.397,0,0,1,0,0,0,0,0,3.2662173211772507,1.7145183888846078,1.8773608349054192,27.31022162217877,28.136228249575055,4.722953221644475,4.716711560720999,7.739532021886476,0.01548379400661544
358,2018,9,Russian Federation,Tajikistan,RUS,TJK,Tajikistan,TJK,export,1463.504,397.455,3.682187920645105,1463.504,7764999999.45362,1657328773461.31,,2.87829723647885,9.15121666666667,62.6681333333334,0.1460266355468275,,110.8,2986.597,0,0,0,0,0,0,0,1,7.2892718975716715,5.987594568390949,1.5437655050947627,22.77289229360548,28.136228249575055,,4.716711560720999,8.00222466433192,0.136300860209911
359,2018,9,Russian Federation,Thailand,RUS,THA,Thailand,THA,export,179.714,203.832,0.88167706738883,-12.957999999999998,506754208404.485,1657328773461.31,1.06389754183025,2.87829723647885,32.3102257431458,62.6681333333334,0.5155766419798542,107.04,110.8,7067.929,0,0,0,0,0,0,0,0,5.19691567107739,5.3221901309595925,0.6321634363170864,26.95129192694159,28.136228249575055,4.682501528924415,4.716711560720999,8.863464262267069,0.415795988312123
361,2018,9,Russian Federation,United Arab Emirates,RUS,ARE,United Arab Emirates,ARE,export,471.763,976.088,0.4833201514617534,-29358.088,427049432157.931,1657328773461.31,3.06863379251993,2.87829723647885,3.6725,62.6681333333334,0.05860235185985,114.13,110.8,3739.195,0,0,0,0,0,0,0,0,6.158594205838433,6.884576719634477,0.3942829208155548,26.780165609654816,28.136228249575055,4.746061924685573,4.716711560720999,8.226893028086819,0.056949502109270855
362,2018,9,Russian Federation,Tunisia,RUS,TUN,Tunisia,TUN,export,4.175,20.2,0.2066831683168316,4.135,42686504459.801,1657328773461.31,7.30759176031653,2.87829723647885,2.64686666666667,62.6681333333334,0.0422362455346789,102.21,110.8,2946.28,0,0,0,0,0,0,0,0,1.6438393391514328,3.054001181677967,0.18787541247675169,24.477148652442974,28.136228249575055,4.636765747577842,4.716711560720999,7.988637990100837,0.041368640795243244
363,2018,9,Russian Federation,TÃ¼rkiye,RUS,TUR,TÃ¼rkiye,TUR,export,209.771,367.238,0.5712126740696769,-499.045,778972108040.602,1657328773461.31,16.3324638988928,2.87829723647885,4.82837014720942,62.6681333333334,0.0770466565762729,113.86,110.8,1757.71,0,0,0,0,0,0,0,0,5.350772236045932,5.908729468253742,0.4518477250759053,27.381241077351508,28.136228249575055,4.74371399543615,4.716711560720999,7.472335864744235,0.07422271810526387
364,2018,9,Russian Federation,Turkmenistan,RUS,TKM,Turkmenistan,TKM,export,998.19,210.427,4.743640312317336,998.19,40765428571.4286,1657328773461.31,,2.87829723647885,,62.6681333333334,,,110.8,2510.13,0,0,0,0,0,0,0,1,6.906944950754882,5.353879785242794,1.7480932100633142,24.43110022025093,28.136228249575055,,4.716711560720999,7.82848813001976,
365,2018,9,Russian Federation,Ukraine,RUS,UKR,Ukraine,UKR,export,20232.767,3832.495,5.279267683323788,19760.024,130891088293.55,1657328773461.31,10.9518559353178,2.87829723647885,27.2004923333333,62.6681333333334,0.4340402511856095,115.59,110.8,763.4056,1,0,1,0,0,0,0,0,9.91510812142821,8.25153219870698,1.8372533627448209,25.597631427289162,28.136228249575055,4.7586635069452,4.716711560720999,6.639098538346609,0.3604958109505887
366,2018,9,Russian Federation,Egypt,RUS,EGY,Egypt,EGY,export,99.711,338.612,0.2944697766174855,-825.486,262588632526.73,1657328773461.31,14.4014657807422,2.87829723647885,17.7672904218107,62.6681333333334,0.2835139564043822,109.89,110.8,2905.404,0,0,0,0,0,0,0,0,4.612255029111302,5.827803789501948,0.25810117240308933,26.29385450971261,28.136228249575055,4.708538718965125,4.716711560720999,7.974671857179097,0.2496015949780677
367,2018,9,Russian Federation,United Kingdom,RUS,GBR,United Kingdom,GBR,export,354.343,641.3100000000001,0.5525299777018914,-4511.587,2871340347581.79,1657328773461.31,2.29283990345937,2.87829723647885,0.749531540259847,62.6681333333334,0.011960329762386,105.47,110.8,2510.88,0,0,1,1,1,0,0,0,5.873083520190459,6.465071053191282,0.4398858439478611,28.68580005674384,28.136228249575055,4.667863255326515,4.716711560720999,7.828786755746396,0.01188937025740052
368,2018,9,Russian Federation,USA,RUS,USA,USA,USA,export,664.883,82.781,8.031830975706987,-1420.182,20656516000000.0,1657328773461.31,2.44258329692817,2.87829723647885,1.0,62.6681333333334,0.0159570733450919,101.38,110.8,7517.972,0,0,1,1,0,0,0,0,6.501113979431935,4.428206251470573,2.2007551127336997,30.65905193035604,28.136228249575055,4.628691381029437,4.716711560720999,8.925184705471638,0.015831097619112035
370,2018,9,Russian Federation,Uzbekistan,RUS,UZB,Uzbekistan,UZB,export,1514.896,820.8149999999999,1.8455998001985832,-38.61599999999999,58695899092.1083,1657328773461.31,17.5241796514055,2.87829723647885,8069.60623655914,62.6681333333334,128.76729858278526,119.96,110.8,2789.856,0,0,0,0,0,0,0,1,7.3237619622660075,6.7115153088989405,1.0457738714379448,24.79563569921236,28.136228249575055,4.795459912431223,4.716711560720999,7.93410363779468,4.865742835570032
371,2018,9,Russian Federation,Yemen,RUS,YEM,Yemen,YEM,export,231.603,532.293,0.4351043504235449,105.56,21606160663.0131,1657328773461.31,,2.87829723647885,214.89,62.6681333333334,3.4290154911268,,110.8,4525.518,0,0,0,0,0,0,0,0,5.449333137679807,6.279070991700048,0.3612375646329421,23.796244326896733,28.136228249575055,,4.716711560720999,8.417708269489937,1.4881773225928354
372,2018,9,Rwanda,Russian Federation,RWA,RUS,Rwanda,RWA,import,2524.964,815.817,3.09501272957048,,9637904518.99702,1657328773461.31,-0.311210160390699,2.87829723647885,861.093412166667,62.6681333333334,13.74053073491896,143.99,110.8,6457.65,0,0,0,0,0,0,0,0,7.834378051027406,6.705415079562371,1.409769825864421,22.988969548495543,28.136228249575055,4.976664774525102,4.716711560720999,8.77317559660946,2.6906008925525238
373,2018,9,Saudi Arabia,Russian Federation,SAU,RUS,Saudi Arabia,SAU,import,1.263,0.203,6.22167487684729,,886564800000.0,1657328773461.31,2.45719835917882,2.87829723647885,3.75,62.6681333333334,0.0598390250440946,106.36,110.8,3539.516,0,0,0,0,0,0,0,0,0.8166913666514003,0.18481843699254188,1.9770869034048093,27.510620056237087,28.136228249575055,4.676187673223372,4.716711560720999,8.172027758217332,0.05811703342564908
374,2018,9,Serbia,Russian Federation,SRB,RUS,Serbia,SRB,import,46.867,9.34,5.017880085653105,,52787520248.9242,1657328773461.31,1.95984076293799,2.87829723647885,100.175075,62.6681333333334,1.5985010191250826,114.58,110.8,,,,0,0,0,0,0,0,3.868426331710068,2.336019869080283,1.7947350520626866,24.689540640818507,28.136228249575055,4.749962930889632,4.716711560720999,,0.954934747663736
376,2018,9,India,Russian Federation,IND,RUS,India,IND,import,133104.247,61449.487,2.1660758046686377,,2702929641648.74,1657328773461.31,3.93882646691633,2.87829723647885,68.3894670935422,62.6681333333334,1.0912957424434022,114.4,110.8,4341.881,0,0,0,0,0,0,1,0,11.7988954250938,11.02598704010517,1.1524929045293015,28.625357353157753,28.136228249575055,4.748404354073999,4.716711560720999,8.376293231744963,0.7377838463341467
377,2018,9,Singapore,Russian Federation,SGP,RUS,Singapore,SGP,import,992.757,33.885,29.297830898627712,,377123710560.614,1657328773461.31,0.438784215129628,2.87829723647885,1.34884166666667,62.6681333333334,0.021523565405916,122.54,110.8,8431.775,0,0,1,0,0,0,0,0,6.90149270996889,3.5520569373911997,3.41107612244878,26.655839115292483,28.136228249575055,4.816564990267753,4.716711560720999,9.039881178322222,0.021295204422970122
378,2018,9,Slovakia,Russian Federation,SVK,RUS,Slovakia,SVK,import,0.357,0.078,4.576923076923077,,106611673364.837,1657328773461.31,2.5140371288381,2.87829723647885,0.846772667108111,62.6681333333334,0.0135120135556632,103.53,110.8,1632.621,0,0,1,1,1,0,0,0,0.30527638085273207,0.07510747248680548,1.7186372043990923,25.39245884892891,28.136228249575055,4.649474111544616,4.716711560720999,7.39855430237185,0.013421540372633265
379,2018,9,Viet Nam,Russian Federation,VNM,RUS,Viet Nam,VNM,import,196842.557,61474.713,3.2020085559407168,,310106478394.659,1657328773461.31,3.53962805942638,2.87829723647885,22602.05,62.6681333333334,360.6625695994345,136.47,110.8,6737.911,0,0,0,0,0,0,0,0,12.190164565330768,11.02639746522779,1.435562638579878,26.460181554145976,28.136228249575055,4.923405711483329,4.716711560720999,8.815653618151782,5.89071164894579
380,2018,9,South Africa,Russian Federation,ZAF,RUS,South Africa,ZAF,import,292.085,115.088,2.5379274989573197,,405260723892.517,1657328773461.31,4.50987264867393,2.87829723647885,13.2339264715833,62.6681333333334,0.211174735350608,101.0,110.8,10147.89,0,0,0,0,0,0,1,0,5.6804626693345845,4.754348524188791,1.26354110342964,26.727796459626674,28.136228249575055,4.624972813284271,4.716711560720999,9.225119618883824,0.19159074429475947
381,2018,9,Zimbabwe,Russian Federation,ZWE,RUS,Zimbabwe,ZWE,import,4236.856,1958.42,2.1634051939829044,,34156057417.3285,1657328773461.31,10.6188658669575,2.87829723647885,,62.6681333333334,,103.28,110.8,8213.716,0,0,0,0,0,0,0,0,8.351812759959323,7.580403790064737,1.1516490404447794,24.25420578405162,28.136228249575055,4.647079589065301,4.716711560720999,9.013682458966903,
382,2018,9,Spain,Russian Federation,ESP,RUS,Spain,ESP,import,4873.291,1196.882,4.071655351154082,,1431642809327.06,1657328773461.31,1.67498136863794,2.87829723647885,0.846772667108111,62.6681333333334,0.0135120135556632,107.03,110.8,3449.3,0,0,1,1,1,0,0,0,8.491729936957686,7.088310276328372,1.6236672635552496,27.98984371852619,28.136228249575055,4.682408966328894,4.716711560720999,8.146216462766645,0.013421540372633265
383,2018,9,Sweden,Russian Federation,SWE,RUS,Sweden,SWE,import,2536.766,323.619,7.838742471857338,,551312498430.164,1657328773461.31,1.95353530127028,2.87829723647885,8.69251833333333,62.6681333333334,0.138707152598556,110.35,110.8,1232.383,0,0,1,1,1,0,0,0,7.839039445442222,5.782652186947258,2.1791446122156666,27.035567633119758,28.136228249575055,4.712678393703377,4.716711560720999,7.117516079423651,0.12989354218692245
384,2018,9,Switzerland,Russian Federation,CHE,RUS,Switzerland,CHE,import,24592.509,1107.283,22.20977744623552,,725568717468.001,1657328773461.31,0.936335464113563,2.87829723647885,0.977891666666667,62.6681333333334,0.0156042890485541,111.5,110.8,2296.397,0,0,1,0,0,0,0,0,10.11023782531419,7.010567249856784,3.144573631538759,27.31022162217877,28.136228249575055,4.722953221644475,4.716711560720999,7.739532021886476,0.01548379400661544
385,2018,9,Syria,Russian Federation,SYR,RUS,Syria,SYR,import,283.01,77.586,3.647694171628902,,21497782867.6426,1657328773461.31,0.940983843906781,2.87829723647885,436.5,62.6681333333334,6.965262515132617,,110.8,2478.709,0,0,0,0,0,0,0,0,5.6490094488089095,4.364193566522089,1.5363712195425183,23.791215644373832,28.136228249575055,,4.716711560720999,7.815896493564625,2.0750899014042776
386,2018,9,Thailand,Russian Federation,THA,RUS,Thailand,THA,import,192.672,51.694,3.72716369404573,,506754208404.485,1657328773461.31,1.06389754183025,2.87829723647885,32.3102257431458,62.6681333333334,0.5155766419798542,107.04,110.8,7067.929,0,0,0,0,0,0,0,0,5.266166006530952,3.964501597073277,1.5533253807959666,26.95129192694159,28.136228249575055,4.682501528924415,4.716711560720999,8.863464262267069,0.415795988312123
387,2018,9,United Arab Emirates,Russian Federation,ARE,RUS,United Arab Emirates,ARE,import,29829.851,6274.357,4.75424828392774,,427049432157.931,1657328773461.31,3.06863379251993,2.87829723647885,3.6725,62.6681333333334,0.05860235185985,114.13,110.8,3739.195,0,0,0,0,0,0,0,0,10.303298405429057,8.74438565481195,1.7499384139947007,26.780165609654816,28.136228249575055,4.746061924685573,4.716711560720999,8.226893028086819,0.056949502109270855
388,2018,9,Tunisia,Russian Federation,TUN,RUS,Tunisia,TUN,import,0.04,0.007,5.714285714285714,,42686504459.801,1657328773461.31,7.30759176031653,2.87829723647885,2.64686666666667,62.6681333333334,0.0422362455346789,102.21,110.8,2946.28,0,0,0,0,0,0,0,0,0.03922071315328133,0.006975613736425138,1.9042374526547452,24.477148652442974,28.136228249575055,4.636765747577842,4.716711560720999,7.988637990100837,0.041368640795243244
389,2018,9,TÃ¼rkiye,Russian Federation,TUR,RUS,TÃ¼rkiye,TUR,import,708.816,283.228,2.502633920375104,,778972108040.602,1657328773461.31,16.3324638988928,2.87829723647885,4.82837014720942,62.6681333333334,0.0770466565762729,113.86,110.8,1757.71,0,0,0,0,0,0,0,0,6.565005781519342,5.649776732977498,1.2535152341511957,27.381241077351508,28.136228249575055,4.74371399543615,4.716711560720999,7.472335864744235,0.07422271810526387
390,2018,9,Uganda,Russian Federation,UGA,RUS,Uganda,UGA,import,7277.728,1956.067,3.720592392796361,,32927025619.6795,1657328773461.31,2.61601190952271,2.87829723647885,3727.06899484612,62.6681333333334,59.4731133129775,108.85,110.8,6185.184,0,0,0,0,0,0,0,0,8.892711400649768,7.579202202885661,1.5519342986705074,24.217559604951507,28.136228249575055,4.699115798830619,4.716711560720999,8.7300736973872,4.102198858208314
391,2018,9,Ukraine,Russian Federation,UKR,RUS,Ukraine,UKR,import,472.743,158.682,2.979184784663667,,130891088293.55,1657328773461.31,10.9518559353178,2.87829723647885,27.2004923333333,62.6681333333334,0.4340402511856095,115.59,110.8,763.4056,1,0,1,0,0,0,0,0,6.16066498056188,5.0731843375348165,1.381076970342279,25.597631427289162,28.136228249575055,4.7586635069452,4.716711560720999,6.639098538346609,0.3604958109505887
392,2018,9,North Macedonia,Russian Federation,MKD,RUS,North Macedonia,MKD,import,14.856,11.331,1.3110934604183215,,12683068114.2388,1657328773461.31,1.45831298507117,2.87829723647885,52.1071083333333,62.6681333333334,0.8314769494756492,111.91,110.8,1927.484,0,0,0,0,0,0,0,0,2.763547977587632,2.5121164168883934,0.8377207720228931,23.263533721610894,28.136228249575055,4.726591041192431,4.716711560720999,7.564489481010288,0.6051227175586515
393,2018,9,Egypt,Russian Federation,EGY,RUS,Egypt,EGY,import,925.197,592.308,1.5620200976518974,,262588632526.73,1657328773461.31,14.4014657807422,2.87829723647885,17.7672904218107,62.6681333333334,0.2835139564043822,109.89,110.8,2905.404,0,0,0,0,0,0,0,0,6.8310869550001625,6.385713657077281,0.9407960479605183,26.29385450971261,28.136228249575055,4.708538718965125,4.716711560720999,7.974671857179097,0.2496015949780677
394,2018,9,United Kingdom,Russian Federation,GBR,RUS,United Kingdom,GBR,import,4865.929999999999,502.833,9.677029948312857,,2871340347581.79,1657328773461.31,2.29283990345937,2.87829723647885,0.749531540259847,62.6681333333334,0.011960329762386,105.47,110.8,2510.88,0,0,1,1,1,0,0,0,8.490218627153489,6.222244863956742,2.368094700129279,28.68580005674384,28.136228249575055,4.667863255326515,4.716711560720999,7.828786755746396,0.01188937025740052
395,2018,9,United Rep. of Tanzania,Russian Federation,TZA,RUS,United Rep. of Tanzania,TZA,import,3227.937,2221.224,1.453224438417737,,57003712892.0858,1657328773461.31,3.49445848856184,2.87829723647885,2263.78166666667,62.6681333333334,36.12333009227445,129.84,110.8,6968.894,0,0,0,0,0,0,0,0,8.079908259883517,7.706263775199589,0.8974032565730554,24.766382241134732,28.136228249575055,4.8739752026701835,4.716711560720999,8.849355295604493,3.6142456154317264
396,2018,9,USA,Russian Federation,USA,RUS,USA,USA,import,2085.065,147.578,14.128562522869265,,20656516000000.0,1657328773461.31,2.44258329692817,2.87829723647885,1.0,62.6681333333334,0.0159570733450919,101.38,110.8,7517.972,0,0,1,1,0,0,0,0,7.643034795190304,5.001110072871184,2.7165845148841203,30.65905193035604,28.136228249575055,4.628691381029437,4.716711560720999,8.925184705471638,0.015831097619112035
397,2018,9,Uzbekistan,Russian Federation,UZB,RUS,Uzbekistan,UZB,import,1553.512,970.988,1.5999291443354602,,58695899092.1083,1657328773461.31,17.5241796514055,2.87829723647885,8069.60623655914,62.6681333333334,128.76729858278526,119.96,110.8,2789.856,0,0,0,0,0,0,0,1,7.348916948992976,6.879343458705218,0.9554841924774199,24.79563569921236,28.136228249575055,4.795459912431223,4.716711560720999,7.93410363779468,4.865742835570032
398,2018,9,Yemen,Russian Federation,YEM,RUS,Yemen,YEM,import,126.043,9.003,14.000111074086416,,21606160663.0131,1657328773461.31,,2.87829723647885,214.89,62.6681333333334,3.4290154911268,,110.8,4525.518,0,0,0,0,0,0,0,0,4.844525611829577,2.3028850480030436,2.708057606013888,23.796244326896733,28.136228249575055,,4.716711560720999,8.417708269489937,1.4881773225928354
399,2018,9,Zambia,Russian Federation,ZMB,RUS,Zambia,ZMB,import,5.636,0.9,6.262222222222222,,26311507273.6735,1657328773461.31,7.49457192728517,2.87829723647885,10.4583333333333,62.6681333333334,0.1668843920674189,,110.8,7975.7,0,0,0,0,0,0,0,0,1.892509372328198,0.6418538861723947,1.9826858732155281,23.99327221939884,28.136228249575055,,4.716711560720999,8.98428007108057,0.15433728418765508
400,2019,9,Angola,Russian Federation,AGO,RUS,Angola,AGO,import,123.142,61.741,1.9944931245039763,,70897962732.0277,1693115002708.32,17.080954143438,4.47036660760176,364.825804980887,64.7376583333333,5.6354495107376925,115.44,114.76,7535.854,0,0,0,0,0,0,0,0,4.821426071698325,4.139015141430538,1.096774976678327,24.984507535699688,28.157591145130063,4.757376118877422,4.751519082323228,8.927560132553287,1.8924264139049787
401,2019,9,Azerbaijan,Russian Federation,AZE,RUS,Azerbaijan,AZE,import,2987.3280000000004,677.399,4.409997652786616,,48174235294.1176,1693115002708.32,2.61057182799215,4.47036660760176,1.7,64.7376583333333,0.0262598315071379,119.41,114.76,1930.747,1,0,0,0,0,0,0,1,8.002469312651183,6.519735610420003,1.6882486589926058,24.5980901776412,28.157591145130063,4.790902585904128,4.751519082323228,7.566180053816499,0.025920961769928523
402,2019,9,Argentina,Russian Federation,ARG,RUS,Argentina,ARG,import,2894.5,2892.967,1.0005299058025894,,447754683615.225,1693115002708.32,53.5483043492339,4.47036660760176,48.1478916666667,64.7376583333333,0.7437385427003534,87.06,114.76,13505.36,0,0,0,0,0,0,0,0,7.970913086665845,7.970383504223858,0.6934120983674188,26.827511338170268,28.157591145130063,4.478018400327608,4.751519082323228,9.510915964599635,0.5560313960715321
403,2019,9,Australia,Russian Federation,AUS,RUS,Australia,AUS,import,19.704,1.234,15.967585089141004,,1392723834562.64,1693115002708.32,1.6107678729038,4.47036660760176,1.43850654421382,64.7376583333333,0.0222205526311589,98.32,114.76,14503.07,0,0,1,1,0,0,0,0,3.03032691831849,0.803793700647009,2.831304764413967,27.962282538784226,28.157591145130063,4.598346960639966,4.751519082323228,9.582184578677866,0.02197727342183605
404,2019,9,Austria,Russian Federation,AUT,RUS,Austria,AUT,import,21857.028,992.702,22.01771327145508,,442983642371.842,1693115002708.32,1.53089564152644,4.47036660760176,0.893276257067409,64.7376583333333,0.0137984023528923,112.47,114.76,1675.699,0,0,1,1,1,0,0,0,9.992323547231315,6.901437362915176,3.1362640617589683,26.816798681643544,28.157591145130063,4.731538484802898,4.751519082323228,7.42458225853397,0.013704071155178264
405,2019,9,Armenia,Russian Federation,ARM,RUS,Armenia,ARM,import,3127.221,608.184,5.141899490943531,,13619290539.2116,1693115002708.32,1.44344660770699,4.47036660760176,480.44512876712,64.7376583333333,7.4214165469704625,163.27,114.76,1803.035,0,0,0,0,0,1,0,1,8.048219751343368,6.412120356723378,1.8151340576619301,23.33475304675245,28.157591145130063,5.101511415553109,4.751519082323228,7.497781101764742,2.1307780500863895
406,2019,9,Belgium,Russian Federation,BEL,RUS,Belgium,BEL,import,3280.805,360.476,9.10131326357372,,536726344405.489,1693115002708.32,1.4368195699643,4.47036660760176,0.893276257067409,64.7376583333333,0.0137984023528923,111.63,114.76,2261.25,0,0,1,1,1,0,0,0,8.096148854894036,5.89019564935341,2.3126654414909615,27.0087542008319,28.157591145130063,4.724108110059605,4.751519082323228,7.724115172231243,0.013704071155178264
407,2019,9,Bolivia (Plurinational State of),Russian Federation,BOL,RUS,Bolivia (Plurinational State of),BOL,import,5.298,0.36,14.716666666666669,,40895322850.9407,1693115002708.32,1.83954504969027,4.47036660760176,6.91,64.7376583333333,0.1067384915966608,119.42,114.76,12518.5,0,0,0,0,0,0,0,0,1.840232122678833,0.30748469974796055,2.7547217204113568,24.434281537757784,28.157591145130063,4.790985632036302,4.751519082323228,9.435042707754386,0.10141739419941621
408,2019,9,Bosnia Herzegovina,Russian Federation,BIH,RUS,Bosnia Herzegovina,BIH,import,0.185,0.011,16.81818181818182,,20482608755.379,1693115002708.32,0.562782154061217,4.47036660760176,1.74708646136073,64.7376583333333,0.0269871741786674,102.35,114.76,1902.116,0,0,0,0,0,0,0,0,0.16974277458709455,0.010939940038334263,2.8802193864321466,23.742842009688058,28.157591145130063,4.638121286127777,4.751519082323228,7.551247821823041,0.026629442240070873
409,2019,9,Brazil,Russian Federation,BRA,RUS,Brazil,BRA,import,88834.76800000001,45639.394,1.9464493327847432,,1873288205059.69,1693115002708.32,3.73297621216898,4.47036660760176,3.9444710972507,64.7376583333333,0.0609300861168112,97.37,114.76,11820.15,0,0,0,0,0,0,1,0,11.394544640673814,10.728548436717015,1.0806008294190648,28.25871640105062,28.157591145130063,4.588735879524666,4.751519082323228,9.377645578951656,0.05914596313160646
410,2019,9,Bulgaria,Russian Federation,BGR,RUS,Bulgaria,BGR,import,302.974,70.279,4.311017515900909,,68634004792.1,1693115002708.32,3.10372944796774,4.47036660760176,1.74704166666667,64.7376583333333,0.0269864822368331,114.24,114.76,1785.898,0,0,1,1,1,0,0,0,5.716942171432848,4.266601753883448,1.6697834394767948,24.95205394555365,28.157591145130063,4.7470169102163275,4.751519082323228,7.488236434627176,0.026628768480860657
411,2019,9,Myanmar,Russian Federation,MMR,RUS,Myanmar,MMR,import,9.302,1.056,8.808712121212121,,75065106227.6892,1693115002708.32,8.82506696804562,4.47036660760176,1518.25511666667,64.7376583333333,23.45242561677464,175.56,114.76,6526.041,0,0,0,0,0,0,0,0,2.3323380511433935,0.7207623475929187,2.28327098271763,25.04162165696573,28.157591145130063,5.173660761948481,4.751519082323228,8.783708980214998,3.1967294182302157
412,2019,9,Burundi,Russian Federation,BDI,RUS,Burundi,BDI,import,1168.78,342.105,3.416436474181903,,2576518879.82353,1693115002708.32,-0.686772170797372,4.47036660760176,1845.62289069697,64.7376583333333,28.50926243259964,102.88,114.76,6624.152,0,0,0,0,0,0,0,0,7.064570975923123,5.838036522769003,1.4853331433527226,21.669705053795564,28.157591145130063,4.643236386794547,4.751519082323228,8.798628593987454,3.3847041948302183
413,2019,9,Belarus,Russian Federation,BLR,RUS,Belarus,BLR,import,4304.946,3957.438000000001,1.0878113567414067,,64410170653.4569,1693115002708.32,5.59815595039853,4.47036660760176,2.09178333333333,64.7376583333333,0.0323116928722192,112.42,114.76,686.9657,1,0,0,0,0,1,0,1,8.367752137204707,8.283604781990409,0.7361163195506962,24.888537387004213,28.157591145130063,4.731097742585882,4.751519082323228,6.533738982039396,0.03180064943505976
414,2019,9,Cambodia,Russian Federation,KHM,RUS,Cambodia,KHM,import,154.866,11.359,13.633770578395984,,36685356407.7206,1693115002708.32,1.94257500833107,4.47036660760176,4061.14896313364,64.7376583333333,62.732404410163255,149.17,114.76,7534.794,0,0,0,0,0,0,0,0,5.048996663760691,2.5143845426075986,2.683331911039234,24.32564350444532,28.157591145130063,5.011767985692189,4.751519082323228,8.927419480426103,4.15469313668863
415,2019,9,Cameroon,Russian Federation,CMR,RUS,Cameroon,CMR,import,299.25,174.925,1.7107331713591538,,39667757527.6578,1693115002708.32,2.45280214062729,4.47036660760176,585.911013180369,64.7376583333333,9.050543814289997,91.44,114.76,6231.046,0,0,0,0,0,0,0,0,5.704615460960093,5.1700577678526125,0.9972191412384256,24.403804541734157,28.157591145130063,4.52655978540618,4.751519082323228,8.737459968781366,2.3076267439157707
416,2019,9,Canada,Russian Federation,CAN,RUS,Canada,CAN,import,24.106,1.77,13.61920903954802,,1743725183672.52,1693115002708.32,1.94926902411596,4.47036660760176,1.32679336266012,64.7376583333333,0.0204949236166139,104.43,114.76,7495.521,0,0,1,1,0,0,0,0,3.2231068613960168,1.0188473201992472,2.682336351596001,28.18704485082974,28.157591145130063,4.6580472255888585,4.751519082323228,8.92219432523831,0.020287728847368337
417,2019,9,Sri Lanka,Russian Federation,LKA,RUS,Sri Lanka,LKA,import,133388.14,32552.175,4.0976721217553065,,88998706296.5783,1693115002708.32,3.52839358231813,4.47036660760176,178.744925045848,64.7376583333333,2.7610656555646926,108.11,114.76,6576.936,0,0,0,0,0,0,0,0,11.801025999854392,10.390630185122484,1.6287839888121225,25.211887670590635,28.157591145130063,4.692356547667007,4.751519082323228,8.791476297300637,1.324702336279379
418,2019,9,Chile,Russian Federation,CHL,RUS,Chile,CHL,import,3.93,0.278,14.136690647482013,,278285058719.466,1693115002708.32,2.55754475703329,4.47036660760176,702.897422561529,64.7376583333333,10.857628166627835,102.69,114.76,14153.3,0,0,0,0,0,0,0,0,1.5953389880545987,0.24529635595534308,2.7171216407269085,26.351911816363526,28.157591145130063,4.6414056785701865,4.751519082323228,9.557773743832898,2.472971387619287
419,2019,9,China,Russian Federation,CHN,RUS,China,CHN,import,71099.083,27840.244,2.5538239894736554,,14560167101283.4,1693115002708.32,2.89923416358229,4.47036660760176,6.90838500992901,64.7376583333333,0.1067135449101021,130.06,114.76,5795.045,1,0,0,0,0,0,1,0,11.171843783160552,10.234273797358107,1.2680242038785157,30.309310635367797,28.157591145130063,4.875655233611351,4.751519082323228,8.664931067385588,0.1013948532216599
420,2019,9,Colombia,Russian Federation,COL,RUS,Colombia,COL,import,19448.235,7545.986,2.5772953991698366,,323031701192.84,1693115002708.32,3.5230193274144,4.47036660760176,3281.62219381788,64.7376583333333,50.69108581161297,108.16,114.76,10979.1,0,0,0,0,0,0,0,0,9.875563016653548,8.928903557241409,1.2746070398052682,26.501016301464013,28.157591145130063,4.692814695840138,4.751519082323228,9.303839822490172,3.9452853452092778
421,2019,9,Comoros,Russian Federation,COM,RUS,Comoros,COM,import,593.784,82.207,7.223034534771979,,1195019531.03664,1693115002708.32,,4.47036660760176,439.463110317875,64.7376583333333,6.788368959147172,,114.76,7521.362,0,0,0,0,0,0,0,0,6.388198314425942,4.421331478903429,2.1069393057576336,20.901428366996846,28.157591145130063,,4.751519082323228,8.925635463370824,2.0526314617276813
422,2019,9,Congo,Russian Federation,COG,RUS,Congo,COG,import,108.242,38.982,2.7767174593402086,,13976637779.9763,1693115002708.32,2.20607305781522,4.47036660760176,585.911013180369,64.7376583333333,9.050543814289997,122.79,114.76,6985.611,0,0,0,0,0,0,0,0,4.693565604749883,3.688429352833551,1.3288552353564447,23.360653042750727,28.157591145130063,4.818586581543719,4.751519082323228,8.851750882177877,2.3076267439157707
424,2019,9,Costa Rica,Russian Federation,CRI,RUS,Costa Rica,CRI,import,414.474,136.125,3.0448044077134986,,64417670521.3339,1693115002708.32,2.09604635327805,4.47036660760176,587.294595686124,64.7376583333333,9.071915957511967,110.99,114.76,10967.48,0,0,0,0,0,0,0,0,6.029420037127003,4.920892918595395,1.3974331952532246,24.888653819412255,28.157591145130063,4.718409581594602,4.751519082323228,9.302780983960698,2.3097509525364597
425,2019,9,Croatia,Russian Federation,HRV,RUS,Croatia,HRV,import,26.368,4.972,5.3032984714400655,,61467582193.6824,1693115002708.32,0.771820346498037,4.47036660760176,6.62254516666667,64.7376583333333,0.1022981883676928,106.41,114.76,1875.36,0,0,1,1,1,0,0,0,3.3093744476753035,1.787081879676944,1.8410730632794103,24.841775753997283,28.157591145130063,4.676653287609955,4.751519082323228,7.537089008810755,0.09739726248373443
427,2019,9,Cyprus,Russian Federation,CYP,RUS,Cyprus,CYP,import,33.845,5.234,6.466373710355368,,26196667099.5303,1693115002708.32,0.250370996758475,4.47036660760176,0.893276257067409,64.7376583333333,0.0137984023528923,138.84,114.76,2316.67,0,0,1,0,1,0,0,0,3.550909654890482,1.8300181813451453,2.0104094342029,23.98889802971817,28.157591145130063,4.940498911907225,4.751519082323228,7.748317649657977,0.013704071155178264
428,2019,9,Czechia,Russian Federation,CZE,RUS,Czechia,CZE,import,333.346,18.694,17.8317107093185,,256794209028.77,1693115002708.32,2.84787595918044,4.47036660760176,22.93225,64.7376583333333,0.3542335418115089,114.93,114.76,1673.0,0,0,1,1,1,0,0,0,5.812176384917134,2.9803140208256105,2.9355421887452193,26.271540858000826,28.157591145130063,4.75298656068231,4.751519082323228,7.422971251049421,0.3032356424907059
429,2019,9,Denmark,Russian Federation,DNK,RUS,Denmark,DNK,import,40.269,13.087,3.0770229999235883,,345401473012.615,1693115002708.32,0.758131572511616,4.47036660760176,6.669446615,64.7376583333333,0.1030226731504422,115.4,114.76,1566.362,0,0,1,1,1,0,0,0,3.720111612794887,2.6452523862781696,1.4053670652054542,26.567973267310045,28.157591145130063,4.757032535297338,4.751519082323228,7.357149230353968,0.0980542959535159
430,2019,9,Dominican Rep.,Russian Federation,DOM,RUS,Dominican Rep.,DOM,import,247.581,29.969,8.26123661116487,,89146130744.723,1693115002708.32,1.8106037704296,4.47036660760176,51.2948583333333,64.7376583333333,0.7923496100093209,115.15,114.76,9365.754,0,0,0,0,0,0,0,0,5.5157687481590605,3.432986704151563,2.2258375830643127,25.21354277869532,28.157591145130063,4.754882459216418,4.751519082323228,9.144921890453677,0.5835273903954821
431,2019,9,Ecuador,Russian Federation,ECU,RUS,Ecuador,ECU,import,63.372,24.401,2.5971066759559034,,107595830000.0,1693115002708.32,0.266012515466146,4.47036660760176,1.0,64.7376583333333,0.0154469597100811,103.42,114.76,11640.42,0,0,0,0,0,0,0,0,4.164678755956248,3.23478854332825,1.2801298211978056,25.401647729285568,28.157591145130063,4.648421227982406,4.751519082323228,9.36232470697202,0.015328869960376863
432,2019,9,El Salvador,Russian Federation,SLV,RUS,El Salvador,SLV,import,302.585,54.118,5.591208100816734,,26881140000.0,1693115002708.32,0.0753241350024998,4.47036660760176,1.0,64.7376583333333,0.0154469597100811,105.1,114.76,10866.28,0,0,0,0,0,0,0,0,5.715661637186279,4.0094763415768595,1.8857366550536763,24.014690762453537,28.157591145130063,4.664382045619937,4.751519082323228,9.293511718811708,0.015328869960376863
433,2019,9,Ethiopia,Russian Federation,ETH,RUS,Ethiopia,ETH,import,14123.122,4642.319,3.042255820851604,,95912620248.0592,1693115002708.32,15.8096321719344,4.47036660760176,29.06975,64.7376583333333,0.4490392570321321,,114.76,5198.625,0,0,0,0,0,0,0,0,9.555639394790637,8.443184691238091,1.396802907639621,25.286703408186504,28.157591145130063,,4.751519082323228,8.556341786584463,0.3709007554712962
434,2019,9,Estonia,Russian Federation,EST,RUS,Estonia,EST,import,4517.72,700.856,6.446003173262411,,31873748770.0313,1693115002708.32,2.27725931243518,4.47036660760176,0.893276257067409,64.7376583333333,0.0137984023528923,122.24,114.76,871.7853,1,0,1,1,1,0,0,0,8.415984046880887,6.553728254779015,2.007677401620514,24.18504858541238,28.157591145130063,4.814133673728467,4.751519082323228,6.771689592030556,0.013704071155178264
435,2019,9,Finland,Russian Federation,FIN,RUS,Finland,FIN,import,6605.029,1095.306,6.03030477327797,,267014821129.411,1693115002708.32,1.02409392963425,4.47036660760176,0.893276257067409,64.7376583333333,0.0137984023528923,114.65,114.76,892.6777,1,0,1,1,1,0,0,0,8.795737995889631,6.999701625620001,1.9502300581229586,26.310570003657773,28.157591145130063,4.750568388677448,4.751519082323228,6.795345195631136,0.013704071155178264
436,2019,9,France,Russian Federation,FRA,RUS,France,FRA,import,4153.176,500.99099999999993,8.289921375833101,,2722793515171.76,1693115002708.32,1.10825492288292,4.47036660760176,0.893276257067409,64.7376583333333,0.0137984023528923,104.2,114.76,2494.316,0,0,1,1,1,0,0,0,8.33186937233968,6.218582191244163,2.2289300894781032,28.632679496841433,28.157591145130063,4.65586330030361,4.751519082323228,7.822170653472379,0.013704071155178264
437,2019,9,Georgia,Russian Federation,GEO,RUS,Georgia,GEO,import,4157.561,2040.981,2.0370405212003444,,17638337116.9126,1693115002708.32,4.85289821696723,4.47036660760176,2.818145,64.7376583333333,0.0435317722721666,118.09,114.76,1644.856,1,0,0,0,0,0,0,0,8.332924379951908,7.621675694077993,1.1108835284837697,23.59334061538955,28.157591145130063,4.779879509779905,4.751519082323228,7.406015892598331,0.042610894864757755
439,2019,9,Germany,Russian Federation,DEU,RUS,Germany,DEU,import,45114.725,6778.773,6.655293664502411,,3957208055215.68,1693115002708.32,1.44565976888253,4.47036660760176,0.893276257067409,64.7376583333333,0.0137984023528923,101.65,114.76,2065.183,0,0,1,1,1,0,0,0,10.716986134342703,8.821698899547988,2.03539739081699,29.006559855978335,28.157591145130063,4.6313251434649425,4.751519082323228,7.633458222717186,0.013704071155178264
440,2019,9,Greece,Russian Federation,GRC,RUS,Greece,GRC,import,104.945,14.38,7.297983310152991,,207305649887.019,1693115002708.32,0.253007522038191,4.47036660760176,0.893276257067409,64.7376583333333,0.0137984023528923,110.06,114.76,2233.583,0,0,1,1,1,0,0,0,4.662920091528995,2.733067964077498,2.1160125105990595,26.057460110662277,28.157591145130063,4.710070595813461,4.751519082323228,7.711809912458774,0.013704071155178264
441,2019,9,Grenada,Russian Federation,GRD,RUS,Grenada,GRD,import,6.627,0.348,19.04310344827586,,1213485185.18519,1693115002708.32,0.598149764736098,4.47036660760176,2.7,64.7376583333333,0.0417067912172191,,114.76,9489.634,0,0,0,0,0,0,0,0,2.0316945831821016,0.2986220124901152,2.997885126915092,20.916762375545243,28.157591145130063,,4.751519082323228,9.15806069653791,0.040860513346925934
442,2019,9,Guatemala,Russian Federation,GTM,RUS,Guatemala,GTM,import,3171.367,903.101,3.5116415550420164,,77172317258.6478,1693115002708.32,3.69998398008605,4.47036660760176,7.69669833333333,64.7376583333333,0.1188905890556488,113.09,114.76,10835.78,0,0,0,0,0,0,0,0,8.06223327593592,6.806941079815046,1.5066610684518227,25.06930664495068,28.157591145130063,4.736987610608278,4.751519082323228,9.29070118289567,0.11233764890658664
444,2019,9,Honduras,Russian Federation,HND,RUS,Honduras,HND,import,13250.904,6356.909,2.0844885462415776,,24882225741.8119,1693115002708.32,4.36587159819271,4.47036660760176,24.5085389148926,64.7376583333333,0.3785824131713025,113.65,114.76,10729.13,0,0,0,0,0,0,0,0,9.49189651920399,8.757454828691378,1.1263858563332434,23.937419559932394,28.157591145130063,4.741884009303914,4.751519082323228,9.28081095111519,0.32105573436737156
445,2019,9,Hungary,Russian Federation,HUN,RUS,Hungary,HUN,import,2.79,0.488,5.717213114754099,,164936682033.992,1693115002708.32,3.33858635382014,4.47036660760176,290.66,64.7376583333333,4.4898133093321935,116.09,114.76,1574.19,0,0,1,0,1,0,0,0,1.332366019094335,0.3974329364109001,1.904673353450628,25.828827491955472,28.157591145130063,4.762942869860633,4.751519082323228,7.362131178904561,1.7028942493571149
446,2019,9,Indonesia,Russian Federation,IDN,RUS,Indonesia,IDN,import,34416.453,18417.079,1.8687248395904696,,1119099871350.2,1693115002708.32,3.03058460941658,4.47036660760176,14147.6713605454,64.7376583333333,218.5385094978141,117.89,114.76,9302.706,0,0,0,0,0,0,0,0,10.446319069351798,9.821088015554338,1.053867624275131,27.74354579181301,28.157591145130063,4.778198695870453,4.751519082323228,9.138168094387108,5.391527659030576
447,2019,9,Iran,Russian Federation,IRN,RUS,Iran,IRN,import,1280.824,387.617,3.304354556172717,,333519146339.191,1693115002708.32,39.9073455697784,4.47036660760176,42000.0,64.7376583333333,648.7723078234092,,114.76,2466.589,0,0,0,0,0,0,0,0,7.15603934256468,5.9625942827698015,1.4596271977594955,26.532966110969596,28.157591145130063,,4.751519082323228,7.810996839552813,6.476622005865534
448,2019,9,Ireland,Russian Federation,IRL,RUS,Ireland,IRL,import,0.283,0.012,23.58333333333333,,407124824064.995,1693115002708.32,0.937842961189285,4.47036660760176,0.893276257067409,64.7376583333333,0.0137984023528923,113.01,114.76,2802.315,0,0,1,1,1,0,0,0,0.24920108563349933,0.011928570865273812,3.2020687065518194,26.732385668405154,28.157591145130063,4.736286163845628,4.751519082323228,7.938557924443968,0.013704071155178264
449,2019,9,Israel,Russian Federation,ISR,RUS,Israel,ISR,import,618.499,140.244,4.4101637146687205,,400645216358.857,1693115002708.32,0.817645940292847,4.47036660760176,3.56452734661093,64.7376583333333,0.0550611103085815,108.09,114.76,2643.989,0,0,0,0,0,0,0,0,6.4289110868628905,4.950488891248233,1.688279353891966,26.716342125400864,28.157591145130063,4.692173229609665,4.751519082323228,7.880422185493582,0.053598689713583225
450,2019,9,Italy,Russian Federation,ITA,RUS,Italy,ITA,import,79771.889,14734.364,5.414002871111369,,2019606796583.53,1693115002708.32,0.611246943765281,4.47036660760176,0.893276257067409,64.7376583333333,0.0137984023528923,105.6,114.76,2383.171,0,0,1,1,1,0,0,0,11.28693898887216,9.598005597954565,1.8584835489028195,28.333923953237715,28.157591145130063,4.669083511731744,4.751519082323228,7.776606753800817,0.013704071155178264
451,2019,9,CÃ´te d'Ivoire,Russian Federation,CIV,RUS,CÃ´te d'Ivoire,CIV,import,55.934,38.432,1.455401748542881,,60382894697.3557,1693115002708.32,-1.10686343994195,4.47036660760176,585.911013180369,64.7376583333333,9.050543814289997,178.84,114.76,6715.534,0,0,0,0,0,0,0,0,4.041892702219676,3.6745776694030767,0.8982903928857472,24.823971701420035,28.157591145130063,5.192067566705326,4.751519082323228,8.812327526650607,2.3076267439157707
452,2019,9,Jamaica,Russian Federation,JAM,RUS,Jamaica,JAM,import,38.591,0.444,86.91666666666667,,15830766531.1474,1693115002708.32,3.90510000865874,4.47036660760176,133.31211833796,64.7376583333333,2.059266920832041,111.8,114.76,9806.688,0,0,0,0,0,0,0,0,3.678601819702802,0.36741704047063445,4.476389396122166,23.48522113241793,28.157591145130063,4.725616339063959,4.751519082323228,9.190921846903299,1.1181753189076646
453,2019,9,Japan,Russian Federation,JPN,RUS,Japan,JPN,import,1874.316,172.124,10.889335595268529,,5117993853016.51,1693115002708.32,0.468776159383928,4.47036660760176,109.009665900863,64.7376583333333,1.68386791718004,100.95,114.76,7486.303,0,0,1,1,0,0,0,0,7.536532457537698,5.154008100751636,2.4756418298536245,29.263783652613746,28.157591145130063,4.624482497020464,4.751519082323228,8.920963931560047,0.9872590067137412
454,2019,9,Kazakhstan,Russian Federation,KAZ,RUS,Kazakhstan,KAZ,import,10299.276000000002,2367.399,4.350460568750769,,181667184854.501,1693115002708.32,5.33356098916663,4.47036660760176,382.747310606061,64.7376583333333,5.912282286073747,128.15,114.76,3104.607,1,1,0,0,0,1,0,1,9.239925969975223,7.769969478431556,1.677182644819555,25.925442195353078,28.157591145130063,4.860974519541849,4.751519082323228,8.040964466404994,1.9332998706669198
455,2019,9,Jordan,Russian Federation,JOR,RUS,Jordan,JOR,import,1.821,0.596,3.0553691275167787,,44503006338.0282,1693115002708.32,0.76151404726555,4.47036660760176,0.71,64.7376583333333,0.0109673413941576,81.22,114.76,2652.505,0,0,0,0,0,0,0,0,1.0370914320198592,0.4675004990276171,1.4000417136381331,24.518822582017062,28.157591145130063,4.409398581469732,4.751519082323228,7.883636686569925,0.010907636246698677
456,2019,9,Kenya,Russian Federation,KEN,RUS,Kenya,KEN,import,34722.467000000004,15109.773,2.298013808678661,,100378436207.371,1693115002708.32,5.23963795764789,4.47036660760176,101.99129838935,64.7376583333333,1.575455476999156,110.34,114.76,6348.253,0,0,0,0,0,0,0,0,10.455171019779792,9.623163212131645,1.1933204111142879,25.332213242334685,28.157591145130063,4.7125885827553615,4.751519082323228,8.756092447171593,0.9460264027450381
457,2019,9,Rep. of Korea,Russian Federation,KOR,RUS,Rep. of Korea,KOR,import,367.078,52.505,6.991296067041234,,1651422932447.77,1693115002708.32,0.383000303608088,4.47036660760176,1165.3575,64.7376583333333,18.00123035034092,,114.76,6614.064,0,0,1,0,0,0,0,0,5.90829487223106,3.9797751074789645,2.0783529577674624,28.13265841550449,28.157591145130063,,4.751519082323228,8.797104751483356,2.944503732351009
458,2019,9,Kyrgyzstan,Russian Federation,KGZ,RUS,Kyrgyzstan,KGZ,import,215.904,156.556,1.3790848003270395,,9371275264.36735,1693115002708.32,1.13362257718806,4.47036660760176,69.7893491807476,64.7376583333333,1.0780332649877946,134.0,114.76,2985.871,0,1,0,0,0,1,0,1,5.379454859340976,5.059780950626346,0.8667158760520968,22.96091502482885,28.157591145130063,4.90527477843843,4.751519082323228,8.001981630139227,0.7314219007239758
459,2019,9,Lao People's Dem. Rep.,Russian Federation,LAO,RUS,Lao People's Dem. Rep.,LAO,import,51.6,16.898,3.053615812522192,,18740561512.5555,1693115002708.32,3.32255881256922,4.47036660760176,8679.40909309671,64.7376583333333,134.07048256837703,122.13,114.76,6809.734,0,0,0,0,0,0,0,0,3.9627161197436642,2.8846889747606665,1.3996092760309917,23.653956076677886,28.157591145130063,4.81324070780478,4.751519082323228,8.826255176007963,4.905796735294335
460,2019,9,Lebanon,Russian Federation,LBN,RUS,Lebanon,LBN,import,12.99,1.998,6.501501501501502,,51605959131.2741,1693115002708.32,3.00538949390382,4.47036660760176,1507.5,64.7376583333333,23.286291762947364,,114.76,2441.484,0,0,0,0,0,0,0,0,2.63834278867739,1.097945399680406,2.015103200705079,24.666902989825388,28.157591145130063,,4.751519082323228,7.80077083323018,3.1899120661865483
461,2019,9,Latvia,Russian Federation,LVA,RUS,Latvia,LVA,import,2812.408,361.257,7.785061604342615,,33099503950.847,1693115002708.32,2.81140920075619,4.47036660760176,0.893276257067409,64.7376583333333,0.0137984023528923,119.77,114.76,847.8519,1,0,1,1,1,0,0,0,7.942151838854066,5.8923539046855895,2.1730527340609864,24.2227841328681,28.157591145130063,4.793887910287284,4.751519082323228,6.743884730576574,0.013704071155178264
462,2019,9,Lithuania,Russian Federation,LTU,RUS,Lithuania,LTU,import,9778.268,462.333,21.14983788741016,,55122066225.796,1693115002708.32,2.33450937988028,4.47036660760176,0.893276257067409,64.7376583333333,0.0137984023528923,120.2,114.76,794.0689,1,0,1,1,1,0,0,0,9.188019913601948,6.1384460180319085,3.0978301776115473,24.732815948921584,28.157591145130063,4.797442073635214,4.751519082323228,6.67842877756566,0.013704071155178264
463,2019,9,Madagascar,Russian Federation,MDG,RUS,Madagascar,MDG,import,775.4620000000001,52.401,14.798610713536004,,14104664678.5063,1693115002708.32,5.61051441492363,4.47036660760176,3618.32185816072,64.7376583333333,55.892071961114674,,114.76,8356.116,0,0,0,0,0,0,0,0,6.654747703851017,3.977829472382569,2.759922006643856,23.369771407952687,28.157591145130063,,4.751519082323228,9.030868670484256,4.041155998579478
464,2019,9,Malawi,Russian Federation,MWI,RUS,Malawi,MWI,import,403.689,377.435,1.069558996913376,,11051865579.8121,1693115002708.32,9.3708360560567,4.47036660760176,745.540667877372,64.7376583333333,11.516336658928772,118.69,114.76,7767.932,0,0,0,0,0,0,0,0,6.003118870884794,5.936044327614939,0.7273355396105909,23.125865081502575,28.157591145130063,4.784905066885279,4.751519082323228,8.957887982176885,2.527034723729381
465,2019,9,Malaysia,Russian Federation,MYS,RUS,Malaysia,MYS,import,2.623,0.508,5.163385826771654,,365177721021.516,1693115002708.32,0.662891865764397,4.47036660760176,4.14246973569731,64.7376583333333,0.0639885631075469,120.13,114.76,8130.454,0,0,0,0,0,0,0,0,1.2873024119129401,0.41078426958576436,1.8186262737479237,26.6236499789392,28.157591145130063,4.796864349028711,4.751519082323228,9.00349503033965,0.06202464190260977
466,2019,9,Mali,Russian Federation,MLI,RUS,Mali,MLI,import,153.69,60.016,2.560817115435884,,20477421884.5414,1693115002708.32,-1.65826694846365,4.47036660760176,585.911013180369,64.7376583333333,9.050543814289997,116.1,114.76,6188.962,0,0,0,0,0,0,0,0,5.041423114248573,4.111136124861938,1.2699900453345239,23.74258874469855,28.157591145130063,4.763028270603671,4.751519082323228,8.730684226726034,2.3076267439157707
467,2019,9,Mexico,Russian Federation,MEX,RUS,Mexico,MEX,import,4262.43,1421.073,2.999444785735849,,1304106203902.45,1693115002708.32,3.63596142127045,4.47036660760176,19.2636333333333,64.7376583333333,0.2975645679697761,104.86,114.76,10736.3,0,0,0,0,0,0,0,0,8.357829279611762,7.259870945191804,1.3861555479197463,27.896539020827802,28.157591145130063,4.662117466429842,4.751519082323228,9.281478939809377,0.26048909818759414
469,2019,9,Mongolia,Russian Federation,MNG,RUS,Mongolia,MNG,import,1.784,1.664,1.0721153846153846,,14206359017.5143,1693115002708.32,7.30106953550727,4.47036660760176,2663.54139820163,64.7376583333333,41.14361666415384,135.29,114.76,4632.875,1,0,0,0,0,0,0,0,1.0238887424721732,0.9798287526781426,0.7285700104024297,23.376955519518212,28.157591145130063,4.914784968439421,4.751519082323228,8.441148730092465,3.741083229661346
470,2019,9,Morocco,Russian Federation,MAR,RUS,Morocco,MAR,import,61.054,4.291,14.228384991843395,,128920266409.458,1693115002708.32,0.303386036590358,4.47036660760176,9.61707609950743,64.7376583333333,0.1485545870378758,113.15,114.76,4156.454,0,0,0,0,0,0,0,0,4.128004973714714,1.6660072639219947,2.7231611200396117,25.5824599603704,28.157591145130063,4.737513372975805,4.751519082323228,8.33265814666432,0.13850427100133336
471,2019,9,Mozambique,Russian Federation,MOZ,RUS,Mozambique,MOZ,import,82.032,68.4,1.1992982456140349,,15512759046.672,1693115002708.32,2.80270307928108,4.47036660760176,62.5483333333333,64.7376583333333,0.9661815849327264,,114.76,9107.99,0,0,0,0,0,0,0,0,4.419226075662988,4.239886867512759,0.788138330213215,23.464928686623573,28.157591145130063,,4.751519082323228,9.11701711692886,0.6760933800909014
472,2019,9,Nepal,Russian Federation,NPL,RUS,Nepal,NPL,import,762.722,257.639,2.9604291275777346,,34186180699.0255,1693115002708.32,5.56868547784929,4.47036660760176,112.609482758621,64.7376583333333,1.7394741431454988,140.64,114.76,4889.868,0,0,0,0,0,0,0,0,6.638203848602637,5.555433267031726,1.3763523849452002,24.255087326256767,28.157591145130063,4.953288627243703,4.751519082323228,8.495125071829223,1.0077659834212183
473,2019,9,Netherlands,Russian Federation,NLD,RUS,Netherlands,NLD,import,17496.668999999998,4218.496,4.147608294520132,,928903005576.469,1693115002708.32,2.63369910249596,4.47036660760176,0.893276257067409,64.7376583333333,0.0137984023528923,108.98,114.76,2155.229,0,0,1,1,1,0,0,0,9.769822951039698,8.347470968617953,1.6385321979734224,27.557270162965473,28.157591145130063,4.700298531079668,4.751519082323228,7.67611614160181,0.013704071155178264
474,2019,9,Nicaragua,Russian Federation,NIC,RUS,Nicaragua,NIC,import,5161.864,2024.351,2.549885864654894,,12699023614.245,1693115002708.32,5.37628990844127,4.47036660760176,33.121745265284,64.7376583333333,0.5116302646404137,106.7,114.76,10876.95,0,0,0,0,0,0,0,0,8.549246743258259,7.613498297853487,1.266915452169038,23.264790946766116,28.157591145130063,4.679349584162343,4.751519082323228,9.294493083539175,0.4131887138860552
475,2019,9,Nigeria,Russian Federation,NGA,RUS,Nigeria,NGA,import,331.918,199.304,1.665385541685064,,474517490844.461,1693115002708.32,11.3964223378115,4.47036660760176,306.920951495222,64.7376583333333,4.740995571926471,98.0,114.76,6263.33,0,0,0,0,0,0,0,0,5.807896213410612,5.299836212517307,0.980348715704065,26.88556431595129,28.157591145130063,4.59511985013459,4.751519082323228,8.74262691827533,1.747632639878195
476,2019,9,Panama,Russian Federation,PAN,RUS,Panama,PAN,import,131.874,3.093,42.63627546071775,,69778991200.0,1693115002708.32,-0.355083821021219,4.47036660760176,1.0,64.7376583333333,0.0154469597100811,102.53,114.76,10819.55,0,0,0,0,0,0,0,0,4.889401310763613,1.409278197510266,3.7758888104096395,24.968598815750436,28.157591145130063,4.6398614257780215,4.751519082323228,9.289202382901557,0.015328869960376863
477,2019,9,Papua New Guinea,Russian Federation,PNG,RUS,Papua New Guinea,PNG,import,3820.777,1520.883,2.512209683453625,,24750626029.8777,1693115002708.32,3.92867290939596,4.47036660760176,3.38753768145423,64.7376583333333,0.0523271580818052,99.75,114.76,12100.54,0,0,0,0,0,0,0,0,8.248470776682511,7.32770366293065,1.256245378846422,23.932116619818096,28.157591145130063,4.612642200826793,4.751519082323228,9.401087996213619,0.051004052738932576
478,2019,9,Paraguay,Russian Federation,PRY,RUS,Paraguay,PRY,import,19.211,3.275,5.865954198473283,,37925338329.1494,1693115002708.32,2.75709727562778,4.47036660760176,6240.72207844257,64.7376583333333,96.4001825075164,112.48,114.76,12642.6,0,0,0,0,0,0,0,0,3.0062270106466324,1.4527841023887236,1.9265750242403525,24.3588852831735,28.157591145130063,4.73162660994065,4.751519082323228,9.444906437276726,4.578828084440537
479,2019,9,Peru,Russian Federation,PER,RUS,Peru,PER,import,6775.280000000001,3247.367,2.0863918368327328,,228346006003.648,1693115002708.32,2.25212191358024,4.47036660760176,3.3372655465368,64.7376583333333,0.0515506064391959,102.49,114.76,12666.63,0,0,0,0,0,0,0,0,8.821183557792196,8.085907687509222,1.127002718282708,26.1541278857507,28.157591145130063,4.639474989680082,4.751519082323228,9.446805199780137,0.05026584285718932
480,2019,9,Poland,Russian Federation,POL,RUS,Poland,POL,import,19440.775,2116.727,9.18435631992222,,602683770144.88,1693115002708.32,2.22747880938301,4.47036660760176,3.839375,64.7376583333333,0.0593066709368928,123.18,114.76,1156.427,1,0,1,1,1,0,0,0,9.8751793804306,7.658098622669518,2.3208528488522053,27.124658468494566,28.157591145130063,4.821732125936747,4.751519082323228,7.053954717016941,0.057614610095898924
481,2019,9,Portugal,Russian Federation,PRT,RUS,Portugal,PRT,import,5472.497,1249.455,4.379907239556447,,240115970063.019,1693115002708.32,0.338178410046057,4.47036660760176,0.893276257067409,64.7376583333333,0.0137984023528923,101.76,114.76,3913.34,0,0,1,1,1,0,0,0,8.607672996449093,7.131262764064418,1.6826711323069203,26.2043878521808,28.157591145130063,4.632396172241683,4.751519082323228,8.27240201183782,0.013704071155178264
482,2019,9,Qatar,Russian Federation,QAT,RUS,Qatar,QAT,import,0.456,0.036,12.666666666666668,,176371267692.308,1693115002708.32,-0.66664112486111,4.47036660760176,3.64,64.7376583333333,0.0562269333446954,105.78,114.76,3575.788,0,0,0,0,0,0,0,0,0.3756929497744942,0.035367143837291344,2.6149597780361984,25.89585708569525,28.157591145130063,4.67077064307204,4.751519082323228,8.182220469959994,0.05470306119724562
483,2019,9,Romania,Russian Federation,ROU,RUS,Romania,ROU,import,35.819,11.475,3.121481481481481,,251677082534.495,1693115002708.32,3.82785432599435,4.47036660760176,4.237925,64.7376583333333,0.0654630567293457,116.18,114.76,,,,1,1,1,0,0,0,3.606014016283481,2.5237266416375825,1.4162126816108584,26.251412684229145,28.157591145130063,4.7637112141166424,4.751519082323228,,0.063409499716439
484,2019,9,Russian Federation,Azerbaijan,RUS,AZE,Azerbaijan,AZE,export,4639.111,936.194,4.95528811336112,1651.7829999999994,48174235294.1176,1693115002708.32,2.61057182799215,4.47036660760176,1.7,64.7376583333333,0.0262598315071379,119.41,114.76,1930.747,1,0,0,0,0,0,0,1,8.442493567347958,6.8428903045644915,1.7842795833935992,24.5980901776412,28.157591145130063,4.790902585904128,4.751519082323228,7.566180053816499,0.025920961769928523
485,2019,9,Russian Federation,Australia,RUS,AUS,Australia,AUS,export,721.8520000000001,93.411,7.727698022716812,702.1480000000001,1392723834562.64,1693115002708.32,1.6107678729038,4.47036660760176,1.43850654421382,64.7376583333333,0.0222205526311589,98.32,114.76,14503.07,0,0,1,1,0,0,0,0,6.583204498576383,4.547657591786624,2.1665016492517464,27.962282538784226,28.157591145130063,4.598346960639966,4.751519082323228,9.582184578677866,0.02197727342183605
486,2019,9,Russian Federation,Austria,RUS,AUT,Austria,AUT,export,317.587,338.88500000000005,0.937152721424672,-21539.441,442983642371.842,1693115002708.32,1.53089564152644,4.47036660760176,0.893276257067409,64.7376583333333,0.0137984023528923,112.47,114.76,1675.699,0,0,1,1,1,0,0,0,5.763895593128082,5.828607325101631,0.6612192256248489,26.816798681643544,28.157591145130063,4.731538484802898,4.751519082323228,7.42458225853397,0.013704071155178264
487,2019,9,Russian Federation,Armenia,RUS,ARM,Armenia,ARM,export,2254.508,399.274,5.646518430952177,-872.7130000000002,13619290539.2116,1693115002708.32,1.44344660770699,4.47036660760176,480.44512876712,64.7376583333333,7.4214165469704625,163.27,114.76,1803.035,0,0,0,0,0,1,0,1,7.721130503727552,5.9921493126025664,1.894093173352918,23.33475304675245,28.157591145130063,5.101511415553109,4.751519082323228,7.497781101764742,2.1307780500863895
489,2019,9,Russian Federation,Belgium,RUS,BEL,Belgium,BEL,export,0.116,0.009,12.888888888888888,-3280.689,536726344405.489,1693115002708.32,1.4368195699643,4.47036660760176,0.893276257067409,64.7376583333333,0.0137984023528923,111.63,114.76,2261.25,0,0,1,1,1,0,0,0,0.10975086395911929,0.008959741371471801,2.6310891599660815,27.0087542008319,28.157591145130063,4.724108110059605,4.751519082323228,7.724115172231243,0.013704071155178264
490,2019,9,Russian Federation,Bosnia Herzegovina,RUS,BIH,Bosnia Herzegovina,BIH,export,1.347,1.094,1.2312614259597805,1.162,20482608755.379,1693115002708.32,0.562782154061217,4.47036660760176,1.74708646136073,64.7376583333333,0.0269871741786674,102.35,114.76,1902.116,0,0,0,0,0,0,0,0,0.8531379168688864,0.7390761124483453,0.8025670874110334,23.742842009688058,28.157591145130063,4.638121286127777,4.751519082323228,7.551247821823041,0.026629442240070873
491,2019,9,Russian Federation,Bulgaria,RUS,BGR,Bulgaria,BGR,export,109.951,76.525,1.436798431885005,-193.023,68634004792.1,1693115002708.32,3.10372944796774,4.47036660760176,1.74704166666667,64.7376583333333,0.0269864822368331,114.24,114.76,1785.898,0,0,1,1,1,0,0,0,4.709088662406935,4.350600464986512,0.8906850596445204,24.95205394555365,28.157591145130063,4.7470169102163275,4.751519082323228,7.488236434627176,0.026628768480860657
492,2019,9,Russian Federation,Belarus,RUS,BLR,Belarus,BLR,export,49424.442,10304.104,4.796578334224886,45119.496,64410170653.4569,1693115002708.32,5.59815595039853,4.47036660760176,2.09178333333333,64.7376583333333,0.0323116928722192,112.42,114.76,686.9657,1,0,0,0,0,1,0,1,10.808220590841522,9.240394585461893,1.7572678010928813,24.888537387004213,28.157591145130063,4.731097742585882,4.751519082323228,6.533738982039396,0.03180064943505976
493,2019,9,Russian Federation,Canada,RUS,CAN,Canada,CAN,export,128.38299999999998,11.974,10.72181393018206,104.277,1743725183672.52,1693115002708.32,1.94926902411596,4.47036660760176,1.32679336266012,64.7376583333333,0.0204949236166139,104.43,114.76,7495.521,0,0,1,1,0,0,0,0,4.862776997856675,2.5629473547908637,2.4614515443727196,28.18704485082974,28.157591145130063,4.6580472255888585,4.751519082323228,8.92219432523831,0.020287728847368337
494,2019,9,Russian Federation,Sri Lanka,RUS,LKA,Sri Lanka,LKA,export,1405.496,2229.759,0.6303353860215386,-131982.644,88998706296.5783,1693115002708.32,3.52839358231813,4.47036660760176,178.744925045848,64.7376583333333,2.7610656555646926,108.11,114.76,6576.936,0,0,0,0,0,0,0,0,7.248856783987012,7.710097165289661,0.4887857519487586,25.211887670590635,28.157591145130063,4.692356547667007,4.751519082323228,8.791476297300637,1.324702336279379
495,2019,9,Russian Federation,Chile,RUS,CHL,Chile,CHL,export,117.594,24.009,4.897913282519055,113.664,278285058719.466,1693115002708.32,2.55754475703329,4.47036660760176,702.897422561529,64.7376583333333,10.857628166627835,102.69,114.76,14153.3,0,0,0,0,0,0,0,0,4.7757058950646725,3.2192357600837487,1.774598607422849,26.351911816363526,28.157591145130063,4.6414056785701865,4.751519082323228,9.557773743832898,2.472971387619287
496,2019,9,Russian Federation,China,RUS,CHN,China,CHN,export,914.453,110.859,8.248793512479818,-70184.63,14560167101283.4,1693115002708.32,2.89923416358229,4.47036660760176,6.90838500992901,64.7376583333333,0.1067135449101021,130.06,114.76,5795.045,1,0,0,0,0,0,1,0,6.819419024730092,4.717239149607371,2.2244931119341973,30.309310635367797,28.157591145130063,4.875655233611351,4.751519082323228,8.664931067385588,0.1013948532216599
498,2019,9,Russian Federation,Cyprus,RUS,CYP,Cyprus,CYP,export,0.03,0.002,15.0,-33.815,26196667099.5303,1693115002708.32,0.250370996758475,4.47036660760176,0.893276257067409,64.7376583333333,0.0137984023528923,138.84,114.76,2316.67,0,0,1,0,1,0,0,0,0.02955880224154443,0.001998002662673058,2.772588722239781,23.98889802971817,28.157591145130063,4.940498911907225,4.751519082323228,7.748317649657977,0.013704071155178264
499,2019,9,Russian Federation,Czechia,RUS,CZE,Czechia,CZE,export,214.142,39.31,5.447519715085219,-119.204,256794209028.77,1693115002708.32,2.84787595918044,4.47036660760176,22.93225,64.7376583333333,0.3542335418115089,114.93,114.76,1673.0,0,0,1,1,1,0,0,0,5.371298275232844,3.6965995771290743,1.8636955165562363,26.271540858000826,28.157591145130063,4.75298656068231,4.751519082323228,7.422971251049421,0.3032356424907059
500,2019,9,Russian Federation,Denmark,RUS,DNK,Denmark,DNK,export,0.0559999999999999,0.012,4.666666666666666,-40.213,345401473012.615,1693115002708.32,0.758131572511616,4.47036660760176,6.669446615,64.7376583333333,0.1030226731504422,115.4,114.76,1566.362,0,0,1,1,1,0,0,0,0.05448818528406957,0.011928570865273812,1.7346010553881064,26.567973267310045,28.157591145130063,4.757032535297338,4.751519082323228,7.357149230353968,0.0980542959535159
501,2019,9,Russian Federation,Dominican Rep.,RUS,DOM,Dominican Rep.,DOM,export,56.775,21.14,2.685666982024598,-190.806,89146130744.723,1693115002708.32,1.8106037704296,4.47036660760176,51.2948583333333,64.7376583333333,0.7923496100093209,115.15,114.76,9365.754,0,0,0,0,0,0,0,0,4.056556156160444,3.0973859272804907,1.3044515084554862,25.21354277869532,28.157591145130063,4.754882459216418,4.751519082323228,9.144921890453677,0.5835273903954821
502,2019,9,Russian Federation,Estonia,RUS,EST,Estonia,EST,export,1223.482,341.112,3.586745702291329,-3294.2380000000003,31873748770.0313,1693115002708.32,2.27725931243518,4.47036660760176,0.893276257067409,64.7376583333333,0.0137984023528923,122.24,114.76,871.7853,1,0,1,1,1,0,0,0,7.110273176406677,5.835138168831089,1.5231707752928398,24.18504858541238,28.157591145130063,4.814133673728467,4.751519082323228,6.771689592030556,0.013704071155178264
503,2019,9,Russian Federation,Finland,RUS,FIN,Finland,FIN,export,98.657,29.054,3.395642596544366,-6506.372,267014821129.411,1693115002708.32,1.02409392963425,4.47036660760176,0.893276257067409,64.7376583333333,0.0137984023528923,114.65,114.76,892.6777,1,0,1,1,1,0,0,0,4.601734290052191,3.402995763603535,1.4806137312672112,26.310570003657773,28.157591145130063,4.750568388677448,4.751519082323228,6.795345195631136,0.013704071155178264
504,2019,9,Russian Federation,France,RUS,FRA,France,FRA,export,341.279,101.085,3.3761586783400106,-3811.897,2722793515171.76,1693115002708.32,1.10825492288292,4.47036660760176,0.893276257067409,64.7376583333333,0.0137984023528923,104.2,114.76,2494.316,0,0,1,1,1,0,0,0,5.835626193960919,4.6258057995881625,1.4761713255088844,28.632679496841433,28.157591145130063,4.65586330030361,4.751519082323228,7.822170653472379,0.013704071155178264
505,2019,9,Russian Federation,Georgia,RUS,GEO,Georgia,GEO,export,3691.103,934.307,3.950631858693128,-466.4579999999996,17638337116.9126,1693115002708.32,4.85289821696723,4.47036660760176,2.818145,64.7376583333333,0.0435317722721666,118.09,114.76,1644.856,1,0,0,0,0,0,0,0,8.213951493391777,6.840874817642158,1.599515216655092,23.59334061538955,28.157591145130063,4.779879509779905,4.751519082323228,7.406015892598331,0.042610894864757755
508,2019,9,Russian Federation,Germany,RUS,DEU,Germany,DEU,export,3427.495,1194.524,2.869339586312204,-41687.23,3957208055215.68,1693115002708.32,1.44565976888253,4.47036660760176,0.893276257067409,64.7376583333333,0.0137984023528923,101.65,114.76,2065.183,0,0,1,1,1,0,0,0,8.13987666835964,7.086339861979182,1.3530838429476721,29.006559855978335,28.157591145130063,4.6313251434649425,4.751519082323228,7.633458222717186,0.013704071155178264
509,2019,9,Russian Federation,Greece,RUS,GRC,Greece,GRC,export,11.355,0.306,37.1078431372549,-93.59,207305649887.019,1693115002708.32,0.253007522038191,4.47036660760176,0.893276257067409,64.7376583333333,0.0137984023528923,110.06,114.76,2233.583,0,0,1,1,1,0,0,0,2.5140608394405732,0.26696903085423934,3.640420117567952,26.057460110662277,28.157591145130063,4.710070595813461,4.751519082323228,7.711809912458774,0.013704071155178264
510,2019,9,Russian Federation,Guyana,RUS,GUY,Guyana,GUY,export,8.745,5.5,1.59,8.745,5173760191.84652,1693115002708.32,2.08723089162013,4.47036660760176,208.5,64.7376583333333,3.220691099551924,99.68,114.76,9760.068,0,0,0,0,0,0,0,0,2.276754332959524,1.8718021769015913,0.9516578757114463,22.366865571133324,28.157591145130063,4.611947170267115,4.751519082323228,9.186157099650034,1.439998882305793
511,2019,9,Russian Federation,"China, Hong Kong SAR",RUS,HKG,"China, Hong Kong SAR",HKG,export,6.078,0.394,15.426395939086294,6.078,363074545072.389,1693115002708.32,2.88320853773994,4.47036660760176,7.83591666666667,64.7376583333333,0.1210410890415536,101.73,114.76,7145.355,0,0,0,0,0,0,0,0,1.9569913819232716,0.33217731233833225,2.7988895494403936,26.617874008457022,28.157591145130063,4.6321041872281725,4.751519082323228,8.874357715491055,0.11425779733581667
512,2019,9,Russian Federation,Hungary,RUS,HUN,Hungary,HUN,export,345.249,44.266,7.799417159896987,342.459,164936682033.992,1693115002708.32,3.33858635382014,4.47036660760176,290.66,64.7376583333333,4.4898133093321935,116.09,114.76,1574.19,0,0,1,0,1,0,0,0,5.8471581694107355,3.812556198807534,2.1746854874608483,25.828827491955472,28.157591145130063,4.762942869860633,4.751519082323228,7.362131178904561,1.7028942493571149
513,2019,9,Russian Federation,Iceland,RUS,ISL,Iceland,ISL,export,0.242,0.074,3.27027027027027,0.242,24681343649.2952,1693115002708.32,3.01397179156058,4.47036660760176,122.606773601907,64.7376583333333,1.893901892011701,108.3,114.76,3316.138,0,0,1,1,0,0,0,0,0.21672298351128702,0.071389996086673,1.4516771203827423,23.92931347738232,28.157591145130063,4.694096395182493,4.751519082323228,8.106857641940545,1.0626057271549416
514,2019,9,Russian Federation,Indonesia,RUS,IDN,Indonesia,IDN,export,4201.683,5485.026000000001,0.7660279094392624,-30214.77,1119099871350.2,1693115002708.32,3.03058460941658,4.47036660760176,14147.6713605454,64.7376583333333,218.5385094978141,117.89,114.76,9302.706,0,0,0,0,0,0,0,0,8.343478409843318,8.60995941082281,0.5687329058163819,27.74354579181301,28.157591145130063,4.778198695870453,4.751519082323228,9.138168094387108,5.391527659030576
515,2019,9,Russian Federation,Iran,RUS,IRN,Iran,IRN,export,42.723,79.98,0.5341710427606902,-1238.101,333519146339.191,1693115002708.32,39.9073455697784,4.47036660760176,42000.0,64.7376583333333,648.7723078234092,,114.76,2466.589,0,0,0,0,0,0,0,0,3.7778742794354416,4.394202210604015,0.4279901978770507,26.532966110969596,28.157591145130063,,4.751519082323228,7.810996839552813,6.476622005865534
516,2019,9,Russian Federation,Ireland,RUS,IRL,Ireland,IRL,export,0.184,0.006,30.666666666666664,-0.0989999999999999,407124824064.995,1693115002708.32,0.937842961189285,4.47036660760176,0.893276257067409,64.7376583333333,0.0137984023528923,113.01,114.76,2802.315,0,0,1,1,1,0,0,0,0.16889853646181388,0.005982071677547469,3.455264602932431,26.732385668405154,28.157591145130063,4.736286163845628,4.751519082323228,7.938557924443968,0.013704071155178264
517,2019,9,Russian Federation,Israel,RUS,ISR,Israel,ISR,export,3409.952,383.245,8.89757726780519,2791.4530000000004,400645216358.857,1693115002708.32,0.817645940292847,4.47036660760176,3.56452734661093,64.7376583333333,0.0550611103085815,108.09,114.76,2643.989,0,0,0,0,0,0,0,0,8.13474671020002,5.9512803699723005,2.292290006767897,26.716342125400864,28.157591145130063,4.692173229609665,4.751519082323228,7.880422185493582,0.053598689713583225
518,2019,9,Russian Federation,Italy,RUS,ITA,Italy,ITA,export,428.888,196.12,2.186865184580869,-79343.00099999999,2019606796583.53,1693115002708.32,0.611246943765281,4.47036660760176,0.893276257067409,64.7376583333333,0.0137984023528923,105.6,114.76,2383.171,0,0,1,1,1,0,0,0,6.063524709644399,5.283812680345155,1.1590377328714496,28.333923953237715,28.157591145130063,4.669083511731744,4.751519082323228,7.776606753800817,0.013704071155178264
519,2019,9,Russian Federation,CÃ´te d'Ivoire,RUS,CIV,CÃ´te d'Ivoire,CIV,export,48.589,12.502,3.886498160294354,-7.344999999999999,60382894697.3557,1693115002708.32,-1.10686343994195,4.47036660760176,585.911013180369,64.7376583333333,9.050543814289997,178.84,114.76,6715.534,0,0,0,0,0,0,0,0,3.9037690349418006,2.6028378226196787,1.5864759243092894,24.823971701420035,28.157591145130063,5.192067566705326,4.751519082323228,8.812327526650607,2.3076267439157707
520,2019,9,Russian Federation,Japan,RUS,JPN,Japan,JPN,export,78.018,8.889,8.776915288558893,-1796.2979999999998,5117993853016.51,1693115002708.32,0.468776159383928,4.47036660760176,109.009665900863,64.7376583333333,1.68386791718004,100.95,114.76,7486.303,0,0,1,1,0,0,0,0,4.369675674614851,2.291423028287854,2.280024024126675,29.263783652613746,28.157591145130063,4.624482497020464,4.751519082323228,8.920963931560047,0.9872590067137412
521,2019,9,Russian Federation,Kazakhstan,RUS,KAZ,Kazakhstan,KAZ,export,28783.863,6022.807,4.779144176461241,18484.587,181667184854.501,1693115002708.32,5.33356098916663,4.47036660760176,382.747310606061,64.7376583333333,5.912282286073747,128.15,114.76,3104.607,1,1,0,0,0,1,0,1,10.267604937675273,8.70347473045387,1.7542556053651943,25.925442195353078,28.157591145130063,4.860974519541849,4.751519082323228,8.040964466404994,1.9332998706669198
522,2019,9,Russian Federation,Jordan,RUS,JOR,Jordan,JOR,export,0.088,0.018,4.888888888888889,-1.733,44503006338.0282,1693115002708.32,0.76151404726555,4.47036660760176,0.71,64.7376583333333,0.0109673413941576,81.22,114.76,2652.505,0,0,0,0,0,0,0,0,0.08434114843375096,0.017839918128331016,1.7730673362159026,24.518822582017062,28.157591145130063,4.409398581469732,4.751519082323228,7.883636686569925,0.010907636246698677
523,2019,9,Russian Federation,Rep. of Korea,RUS,KOR,Rep. of Korea,KOR,export,244.489,43.676,5.597788258998077,-122.58900000000006,1651422932447.77,1693115002708.32,0.383000303608088,4.47036660760176,1165.3575,64.7376583333333,18.00123035034092,,114.76,6614.064,0,0,1,0,0,0,0,0,5.503252139713422,3.79943644467858,1.886734480596696,28.13265841550449,28.157591145130063,,4.751519082323228,8.797104751483356,2.944503732351009
524,2019,9,Russian Federation,Kyrgyzstan,RUS,KGZ,Kyrgyzstan,KGZ,export,6520.5380000000005,1548.638,4.210498515469723,6304.634,9371275264.36735,1693115002708.32,1.13362257718806,4.47036660760176,69.7893491807476,64.7376583333333,1.0780332649877946,134.0,114.76,2985.871,0,1,0,0,0,1,0,1,8.78286551667368,7.345776634249524,1.6506755355390146,22.96091502482885,28.157591145130063,4.90527477843843,4.751519082323228,8.001981630139227,0.7314219007239758
525,2019,9,Russian Federation,Lao People's Dem. Rep.,RUS,LAO,Lao People's Dem. Rep.,LAO,export,13.548,2.338,5.794696321642429,-38.052,18740561512.5555,1693115002708.32,3.32255881256922,4.47036660760176,8679.40909309671,64.7376583333333,134.07048256837703,122.13,114.76,6809.734,0,0,0,0,0,0,0,0,2.6774535271247424,1.2053718252396433,1.9161423551610637,23.653956076677886,28.157591145130063,4.81324070780478,4.751519082323228,8.826255176007963,4.905796735294335
526,2019,9,Russian Federation,Latvia,RUS,LVA,Latvia,LVA,export,2842.672,372.199,7.637505742895601,30.264000000000124,33099503950.847,1693115002708.32,2.81140920075619,4.47036660760176,0.893276257067409,64.7376583333333,0.0137984023528923,119.77,114.76,847.8519,1,0,1,1,1,0,0,0,7.952851453751662,5.922111789441196,2.156113853972942,24.2227841328681,28.157591145130063,4.793887910287284,4.751519082323228,6.743884730576574,0.013704071155178264
527,2019,9,Russian Federation,Libya,RUS,LBY,Libya,LBY,export,46.672,88.0,0.5303636363636364,46.672,69254496471.6938,1693115002708.32,-2.16217883470595,4.47036660760176,1.39826289736928,64.7376583333333,0.0215989106397646,,114.76,3189.875,0,0,0,0,0,0,0,0,3.864344223444678,4.48863636973214,0.4255053779910138,24.96105391091956,28.157591145130063,,4.751519082323228,8.06805045283783,0.021368959408063746
528,2019,9,Russian Federation,Lithuania,RUS,LTU,Lithuania,LTU,export,1145.127,317.29200000000003,3.609063575507734,-8633.141,55122066225.796,1693115002708.32,2.33450937988028,4.47036660760176,0.893276257067409,64.7376583333333,0.0137984023528923,120.2,114.76,794.0689,1,0,1,1,1,0,0,0,7.044143711378903,5.76296920045036,1.5280247074179687,24.732815948921584,28.157591145130063,4.797442073635214,4.751519082323228,6.67842877756566,0.013704071155178264
529,2019,9,Russian Federation,Malaysia,RUS,MYS,Malaysia,MYS,export,611.048,995.345,0.6139057311786366,608.425,365177721021.516,1693115002708.32,0.662891865764397,4.47036660760176,4.14246973569731,64.7376583333333,0.0639885631075469,120.13,114.76,8130.454,0,0,0,0,0,0,0,0,6.416810710809296,6.904093583149145,0.47865716118948703,26.6236499789392,28.157591145130063,4.796864349028711,4.751519082323228,9.00349503033965,0.06202464190260977
530,2019,9,Russian Federation,Mali,RUS,MLI,Mali,MLI,export,451.128,117.666,3.8339707307123554,297.438,20477421884.5414,1693115002708.32,-1.65826694846365,4.47036660760176,585.911013180369,64.7376583333333,9.050543814289997,116.1,114.76,6188.962,0,0,0,0,0,0,0,0,6.113965325583397,4.776312824190612,1.575668227383431,23.74258874469855,28.157591145130063,4.763028270603671,4.751519082323228,8.730684226726034,2.3076267439157707
531,2019,9,Russian Federation,Malta,RUS,MLT,Malta,MLT,export,9.382,0.384,24.432291666666664,9.382,16337793530.7788,1693115002708.32,1.64206001768947,4.47036660760176,0.893276257067409,64.7376583333333,0.0137984023528923,101.51,114.76,2819.734,0,0,1,1,1,0,0,0,2.340073537405037,0.3249778571954777,3.2360196920338784,23.516746882485393,28.157591145130063,4.62996035479531,4.751519082323228,7.94475241375218,0.013704071155178264
532,2019,9,Russian Federation,Mauritius,RUS,MUS,Mauritius,MUS,export,34.614,45.25,0.7649502762430939,34.614,14436346979.6355,1693115002708.32,0.405655190309536,4.47036660760176,35.4735166666667,64.7376583333333,0.5479579827248934,103.9,114.76,8654.018,0,0,0,0,0,0,0,0,3.5727388189791225,3.834061463958434,0.568122517888189,23.393014959226093,28.157591145130063,4.653007515402251,4.751519082323228,9.065894547330851,0.43693663185658366
533,2019,9,Russian Federation,Mexico,RUS,MEX,Mexico,MEX,export,51.614,47.149,1.094699781543617,-4210.816000000001,1304106203902.45,1693115002708.32,3.63596142127045,4.47036660760176,19.2636333333333,64.7376583333333,0.2975645679697761,104.86,114.76,10736.3,0,0,0,0,0,0,0,0,3.9629822440252735,3.8743003695964844,0.7394102407395207,27.896539020827802,28.157591145130063,4.662117466429842,4.751519082323228,9.281478939809377,0.26048909818759414
534,2019,9,Russian Federation,Mongolia,RUS,MNG,Mongolia,MNG,export,1123.725,188.127,5.973225533814922,1121.9409999999998,14206359017.5143,1693115002708.32,7.30106953550727,4.47036660760176,2663.54139820163,64.7376583333333,41.14361666415384,135.29,114.76,4632.875,1,0,0,0,0,0,0,0,7.0252938403126635,5.242418747069128,1.9420778915871717,23.376955519518212,28.157591145130063,4.914784968439421,4.751519082323228,8.441148730092465,3.741083229661346
535,2019,9,Russian Federation,Rep. of Moldova,RUS,MDA,Rep. of Moldova,MDA,export,6195.005999999999,1048.358,5.909246650476268,6195.005999999999,11736797054.6965,1693115002708.32,4.83778351428724,4.47036660760176,17.5734688664875,64.7376583333333,0.2714566655469982,112.98,114.76,1150.314,0,0,0,0,0,0,0,1,8.731660169902979,6.955933827581464,1.9328606087502063,23.185994790928838,28.157591145130063,4.736022994406854,4.751519082323228,7.0486591777724525,0.2401632239362958
536,2019,9,Russian Federation,Montenegro,RUS,MNE,Montenegro,MNE,export,14.532,1.601,9.07682698313554,14.532,5542054181.12616,1693115002708.32,0.361563704540745,4.47036660760176,0.893215581479226,64.7376583333333,0.0137974650995263,90.56,114.76,,,,1,0,0,0,0,0,2.7429024118694207,0.9558959864665145,2.3102384296694294,22.435631059977112,28.157591145130063,4.516994495084366,4.751519082323228,,0.013703146657963534
537,2019,9,Russian Federation,Morocco,RUS,MAR,Morocco,MAR,export,0.789,0.275,2.869090909090909,-60.265,128920266409.458,1693115002708.32,0.303386036590358,4.47036660760176,9.61707609950743,64.7376583333333,0.1485545870378758,113.15,114.76,4156.454,0,0,0,0,0,0,0,0,0.5816568045265822,0.2429461786103894,1.3530195722350185,25.5824599603704,28.157591145130063,4.737513372975805,4.751519082323228,8.33265814666432,0.13850427100133336
538,2019,9,Russian Federation,Namibia,RUS,NAM,Namibia,NAM,export,0.534,0.09,5.933333333333334,0.534,12541928303.48,1693115002708.32,3.72239414422697,4.47036660760176,14.4486904166667,64.7376583333333,0.2231883387296864,112.82,114.76,8932.264,0,0,0,0,0,0,0,0,0.42787870294506447,0.08617769624105241,1.9363406980391626,23.25234313261652,28.157591145130063,4.734618253174978,4.751519082323228,9.09753711660669,0.20146084217465487
539,2019,9,Russian Federation,Nepal,RUS,NPL,Nepal,NPL,export,408.841,674.71,0.6059507047472247,-353.881,34186180699.0255,1693115002708.32,5.56868547784929,4.47036660760176,112.609482758621,64.7376583333333,1.7394741431454988,140.64,114.76,4889.868,0,0,0,0,0,0,0,0,6.015769279604546,6.515763989915837,0.47371592062460993,24.255087326256767,28.157591145130063,4.953288627243703,4.751519082323228,8.495125071829223,1.0077659834212183
540,2019,9,Russian Federation,Netherlands,RUS,NLD,Netherlands,NLD,export,476.197,570.188,0.8351578777526009,-17020.471999999998,928903005576.469,1693115002708.32,2.63369910249596,4.47036660760176,0.893276257067409,64.7376583333333,0.0137984023528923,108.98,114.76,2155.229,0,0,1,1,1,0,0,0,6.167929403531745,6.347718402401334,0.6071305147279682,27.557270162965473,28.157591145130063,4.700298531079668,4.751519082323228,7.67611614160181,0.013704071155178264
541,2019,9,Russian Federation,New Zealand,RUS,NZL,New Zealand,NZL,export,1.099,0.194,5.664948453608247,1.099,213006341101.869,1693115002708.32,1.61963190184049,4.47036660760176,1.517875,64.7376583333333,0.0234465539699394,108.17,114.76,16774.49,0,0,1,0,0,0,0,0,0.7414610408384961,0.1773090149704103,1.8968622197085292,26.08458777264871,28.157591145130063,4.6929063002921785,4.751519082323228,9.727674171547402,0.023175905869519498
542,2019,9,Russian Federation,Norway,RUS,NOR,Norway,NOR,export,11.564,2.973,3.889673730238816,11.564,408742840909.091,1693115002708.32,2.16773003305404,4.47036660760176,8.8,64.7376583333333,0.1359332454487143,99.3,114.76,1649.799,1,0,1,1,0,0,0,0,2.5308355816764,1.379521476832462,1.587125579428227,26.736352044411444,28.157591145130063,4.60816569496789,4.751519082323228,7.4090146921113424,0.12745455576312775
543,2019,9,Russian Federation,Pakistan,RUS,PAK,Pakistan,PAK,export,1161.53,2040.39,0.5692686202147629,1161.53,320909472770.669,1693115002708.32,10.5783618004555,4.47036660760176,150.036253839864,64.7376583333333,2.31760396811589,109.34,114.76,3658.638,0,0,0,0,0,0,0,0,7.058353943580143,7.621386227358399,0.45060966382282786,26.49442490401472,28.157591145130063,4.703566507844284,4.751519082323228,8.205119514399957,1.199242826029585
544,2019,9,Russian Federation,Papua New Guinea,RUS,PNG,Papua New Guinea,PNG,export,2.392,0.239,10.00836820083682,-3818.385,24750626029.8777,1693115002708.32,3.92867290939596,4.47036660760176,3.38753768145423,64.7376583333333,0.0523271580818052,99.75,114.76,12100.54,0,0,0,0,0,0,0,0,1.2214197179296566,0.2143046026470053,2.398655729108782,23.932116619818096,28.157591145130063,4.612642200826793,4.751519082323228,9.401087996213619,0.051004052738932576
545,2019,9,Russian Federation,Poland,RUS,POL,Poland,POL,export,5371.831,3376.415,1.5909865937688348,-14068.944,602683770144.88,1693115002708.32,2.22747880938301,4.47036660760176,3.839375,64.7376583333333,0.0593066709368928,123.18,114.76,1156.427,1,0,1,1,1,0,0,0,8.589110236670031,8.12486590297437,0.9520387274133005,27.124658468494566,28.157591145130063,4.821732125936747,4.751519082323228,7.053954717016941,0.057614610095898924
546,2019,9,Russian Federation,Qatar,RUS,QAT,Qatar,QAT,export,3416.737,878.617,3.888767233049213,3416.2809999999995,176371267692.308,1693115002708.32,-0.66664112486111,4.47036660760176,3.64,64.7376583333333,0.0562269333446954,105.78,114.76,3575.788,0,0,0,0,0,0,0,0,8.136733915132861,6.779486585460646,1.5869401721234018,25.89585708569525,28.157591145130063,4.67077064307204,4.751519082323228,8.182220469959994,0.05470306119724562
547,2019,9,Russian Federation,Romania,RUS,ROU,Romania,ROU,export,92.84,130.23,0.7128925746755741,57.021,251677082534.495,1693115002708.32,3.82785432599435,4.47036660760176,4.237925,64.7376583333333,0.0654630567293457,116.18,114.76,,,,1,1,1,0,0,0,4.54159120434522,4.876951508908196,0.5381835055690787,26.251412684229145,28.157591145130063,4.7637112141166424,4.751519082323228,,0.063409499716439
548,2019,9,Russian Federation,Saudi Arabia,RUS,SAU,Saudi Arabia,SAU,export,263.979,441.49,0.5979274728759428,256.453,888890133333.333,1693115002708.32,-2.0933490096655,4.47036660760176,3.75,64.7376583333333,0.0579260989128043,109.37,114.76,3539.516,0,0,0,0,0,0,0,0,5.57965057756313,6.092417865322569,0.46870746012883147,27.513239480272308,28.157591145130063,4.703838357784793,4.751519082323228,8.172027758217332,0.056310481197635126
550,2019,9,Russian Federation,Serbia,RUS,SRB,Serbia,SRB,export,14.188,1.2,11.823333333333334,-124.193,53864693664.5568,1693115002708.32,1.84922984511088,4.47036660760176,105.249558333333,64.7376583333333,1.6257856870788328,114.34,114.76,,,,0,0,0,0,0,0,2.720505642369556,0.7884573603642703,2.551266428096094,24.709741066198642,28.157591145130063,4.747884288187267,4.751519082323228,,0.9653801606228404
551,2019,9,Russian Federation,India,RUS,IND,India,IND,export,4445.087,6696.678,0.6637749343779109,-116404.26,2835606256558.19,1693115002708.32,3.72950573539127,4.47036660760176,70.4203405359551,64.7376583333333,1.0877801630290944,115.05,114.76,4341.881,0,0,0,0,0,0,1,0,8.399779662483835,8.8095161781466,0.5090890774686232,28.673276877357054,28.157591145130063,4.754021132720446,4.751519082323228,8.376293231744963,0.7361013785718362
552,2019,9,Russian Federation,Singapore,RUS,SGP,Singapore,SGP,export,105.269,24.14,4.360770505385253,-364.975,376161998830.048,1693115002708.32,0.567829988405464,4.47036660760176,1.36415833333333,64.7376583333333,0.0210720988131714,120.76,114.76,8431.775,0,0,1,0,0,0,0,0,4.665973615346917,3.2244602031621015,1.6791077157562364,26.65328573550289,28.157591145130063,4.802051894113376,4.751519082323228,9.039881178322222,0.020853152569042393
553,2019,9,Russian Federation,Slovakia,RUS,SVK,Slovakia,SVK,export,63.518,20.213,3.14243308761688,63.518,105843498304.094,1693115002708.32,2.66456133425436,4.47036660760176,0.893276257067409,64.7376583333333,0.0137984023528923,96.47,114.76,1632.621,0,0,1,1,1,0,0,0,4.166944254636444,3.0546142012902133,1.4212833175307638,25.3852274089761,28.157591145130063,4.579544638349119,4.751519082323228,7.39855430237185,0.013704071155178264
554,2019,9,Russian Federation,Viet Nam,RUS,VNM,Viet Nam,VNM,export,239.084,132.781,1.8005889396826351,-172120.231,334365270496.667,1693115002708.32,2.79582367452249,4.47036660760176,23050.2416666667,64.7376583333333,356.0561543326348,147.12,114.76,6737.911,0,0,0,0,0,0,0,0,5.48098886210628,4.896204134621212,1.0298297306646682,26.535499856596267,28.157591145130063,4.998022756045412,4.751519082323228,8.815653618151782,5.877893064459467
555,2019,9,Russian Federation,Slovenia,RUS,SVN,Slovenia,SVN,export,9.011,0.703,12.817923186344238,6.626,53909922735.545,1693115002708.32,1.63052260754342,4.47036660760176,0.893276257067409,64.7376583333333,0.0137984023528923,127.33,114.76,1937.979,0,0,1,1,1,0,0,0,2.3036844884373466,0.5323914016805511,2.6259665310950253,24.710580393215583,28.157591145130063,4.854605071256369,4.751519082323228,7.569916824859094,0.013704071155178264
556,2019,9,Russian Federation,South Africa,RUS,ZAF,South Africa,ZAF,export,359.968,481.633,0.7473906480660586,353.677,389330032224.269,1693115002708.32,4.1028507546115,4.47036660760176,14.4484270548333,64.7376583333333,0.2231842705900567,99.88,114.76,10147.89,0,0,0,0,0,0,1,0,5.888789311744609,6.179256530463595,0.5581236169538688,26.687693232757074,28.157591145130063,4.613931691656664,4.751519082323228,9.225119618883824,0.20145751632019238
557,2019,9,Russian Federation,Spain,RUS,ESP,Spain,ESP,export,26.54,20.221,1.31249690915385,-3896.806,1403496387686.27,1693115002708.32,0.699518994458692,4.47036660760176,0.893276257067409,64.7376583333333,0.0137984023528923,107.87,114.76,3449.3,0,0,1,1,1,0,0,0,3.315639493300509,3.0549912574289126,0.8383278538214312,27.96998765895613,28.157591145130063,4.690154509893088,4.751519082323228,8.146216462766645,0.013704071155178264
559,2019,9,Russian Federation,Sweden,RUS,SWE,Sweden,SWE,export,0.529,0.116,4.560344827586207,-2614.508,532169294165.94,1693115002708.32,1.78415097403837,4.47036660760176,9.45834916666667,64.7376583333333,0.1461027385013798,112.79,114.76,1232.383,0,0,1,1,1,0,0,0,0.4246139269469252,0.10975086395911929,1.715660125689408,27.000227497784444,28.157591145130063,4.734354644368917,4.751519082323228,7.117516079423651,0.13636726392642176
560,2019,9,Russian Federation,Switzerland,RUS,CHE,Switzerland,CHE,export,43.404,22.293,1.9469788722917507,-27995.444000000003,721369112726.724,1693115002708.32,0.362886179940615,4.47036660760176,0.993709166666667,64.7376583333333,0.0153497854610383,115.9,114.76,2296.397,0,0,1,0,0,0,0,0,3.7933295554704007,3.148152886249217,1.0807805345041208,27.30441678876278,28.157591145130063,4.761318868478023,4.751519082323228,7.739532021886476,0.015233169344992293
561,2019,9,Russian Federation,Tajikistan,RUS,TJK,Tajikistan,TJK,export,1461.128,437.244,3.3416765009925804,1461.128,8300813599.3084,1693115002708.32,,4.47036660760176,9.53036666666667,64.7376583333333,0.1472151899223006,,114.76,2986.597,0,0,0,0,0,0,0,1,7.287648187776922,6.08277583289188,1.468260564072613,22.839619371078456,28.157591145130063,,4.751519082323228,8.00222466433192,0.13733743164227888
562,2019,9,Russian Federation,Thailand,RUS,THA,Thailand,THA,export,130.11,143.023,0.909713822252365,-87.446,543976691793.886,1693115002708.32,0.706728601314275,4.47036660760176,31.0476057805499,64.7376583333333,0.4795911155866376,103.35,114.76,7067.929,0,0,0,0,0,0,0,0,4.876036665511311,4.969973009043986,0.6469533995512263,27.022172236919157,28.157591145130063,4.647750633523209,4.751519082323228,8.863464262267069,0.3917657763532664
564,2019,9,Russian Federation,United Arab Emirates,RUS,ARE,United Arab Emirates,ARE,export,471.047,920.032,0.5119898003547703,-19651.31,417989721742.682,1693115002708.32,-1.93108114782171,4.47036660760176,3.6725,64.7376583333333,0.056728959535273,120.03,114.76,3739.195,0,0,0,0,0,0,0,0,6.1570785568993545,6.825494780494282,0.41342653193747864,26.758722680038904,28.157591145130063,4.7960384487505126,4.751519082323228,8.226893028086819,0.055178249725047646
565,2019,9,Russian Federation,TÃ¼rkiye,RUS,TUR,TÃ¼rkiye,TUR,export,418.144,445.578,0.9384305329257728,-956.479,761005915750.925,1693115002708.32,15.1768215720023,4.47036660760176,5.67381930843574,64.7376583333333,0.0876432582596874,113.04,114.76,1757.71,0,0,0,0,0,0,0,0,6.0382145362969295,6.101614077108946,0.6618786420086765,27.3579069684335,28.157591145130063,4.736549264044472,4.751519082323228,7.472335864744235,0.08401320703788509
566,2019,9,Russian Federation,Turkmenistan,RUS,TKM,Turkmenistan,TKM,export,479.693,126.07,3.804973427460934,479.693,45232857142.8571,1693115002708.32,,4.47036660760176,,64.7376583333333,,,114.76,2510.13,0,0,0,0,0,0,0,1,6.175228812696945,4.844738115716443,1.569651512221935,24.53508958766188,28.157591145130063,,4.751519082323228,7.82848813001976,
567,2019,9,Russian Federation,Ukraine,RUS,UKR,Ukraine,UKR,export,20736.838,3943.047,5.259089734410977,20448.822,153883047509.577,1693115002708.32,7.88671745611135,4.47036660760176,25.8455893333333,64.7376583333333,0.3992357771153031,116.85,114.76,763.4056,1,0,1,0,0,0,0,0,9.93971523334116,8.279962632487221,1.8340347647004696,25.75945871909617,28.157591145130063,4.76941262938214,4.751519082323228,6.639098538346609,0.33592621408896917
568,2019,9,Russian Federation,North Macedonia,RUS,MKD,North Macedonia,MKD,export,1.033,0.062,16.661290322580644,-70.695,12606338448.547,1693115002708.32,0.766439573459716,4.47036660760176,54.9472,64.7376583333333,0.8487671845817721,114.63,114.76,1927.484,0,0,0,0,0,0,0,0,0.7095125346462096,0.060153922819747144,2.87137525720551,23.257465575967178,28.157591145130063,4.75039543814087,4.751519082323228,7.564489481010288,0.6145190302433621
569,2019,9,Russian Federation,Egypt,RUS,EGY,Egypt,EGY,export,635.875,1023.325,0.6213812816065277,40.908000000000015,318678815489.749,1693115002708.32,9.15279959324804,4.47036660760176,16.7705818428763,64.7376583333333,0.259054502041529,112.78,114.76,2905.404,0,0,0,0,0,0,0,0,6.456573403976989,6.931789138056683,0.4832784289177624,26.487449584527948,28.157591145130063,4.734266759322502,4.751519082323228,7.974671857179097,0.23036104407084235
570,2019,9,Russian Federation,United Kingdom,RUS,GBR,United Kingdom,GBR,export,606.711,505.486,1.2002528259932026,-7956.056,2851407164907.81,1693115002708.32,1.73810460086515,4.47036660760176,0.783445110011929,64.7376583333333,0.0121018450494143,106.78,114.76,2510.88,0,0,1,1,1,0,0,0,6.409699440014183,6.227496682635454,0.7885722746673699,28.67883373043186,28.157591145130063,4.680092112505351,4.751519082323228,7.828786755746396,0.0120292032022774
571,2019,9,Russian Federation,USA,RUS,USA,USA,USA,export,928.819,279.083,3.328110275437773,469.461,21539982000000.0,1693115002708.32,1.81221007526021,4.47036660760176,1.0,64.7376583333333,0.0154469597100811,99.44,114.76,7517.972,0,0,1,1,0,0,0,0,6.834989943549746,5.63508598781441,1.4651310207569608,30.70093195200189,28.157591145130063,4.609560534289384,4.751519082323228,8.925184705471638,0.015328869960376863
572,2019,9,Russian Federation,Uzbekistan,RUS,UZB,Uzbekistan,UZB,export,2236.103,1566.559,1.4273978828757807,-206.4090000000001,67293639798.3996,1693115002708.32,14.5257359560686,4.47036660760176,8836.7875,64.7376583333333,136.5015004790489,127.88,114.76,2789.856,0,0,0,0,0,0,0,1,7.712937004238818,7.357274911352155,0.8868198535120146,24.93233156392168,28.157591145130063,4.858881738868719,4.751519082323228,7.93410363779468,4.923634829621985
573,2019,9,Russian Federation,Yemen,RUS,YEM,Yemen,YEM,export,275.501,405.937,0.6786792039158785,167.87499999999997,,1693115002708.32,,4.47036660760176,486.730922939068,64.7376583333333,7.518512956290406,,114.76,4525.518,0,0,0,0,0,0,0,0,5.622214437592377,6.008658382306416,0.5180072960618829,,28.157591145130063,,4.751519082323228,8.417708269489937,2.14224178996144
574,2019,9,Rwanda,Russian Federation,RWA,RUS,Rwanda,RWA,import,3473.69,1196.938,2.902146978373149,,10349300276.7623,1693115002708.32,3.34787655037643,4.47036660760176,899.350509,64.7376583333333,13.892231077763991,156.72,114.76,6457.65,0,0,0,0,0,0,0,0,8.153260545386471,7.088357024414631,1.3615269089372262,23.060184748359095,28.157591145130063,5.060821309009427,4.751519082323228,8.77317559660946,2.7008396727960737
575,2019,9,Saudi Arabia,Russian Federation,SAU,RUS,Saudi Arabia,SAU,import,7.526,1.336,5.633233532934131,,888890133333.333,1693115002708.32,-2.0933490096655,4.47036660760176,3.75,64.7376583333333,0.0579260989128043,109.37,114.76,3539.516,0,0,0,0,0,0,0,0,2.1431203183430187,0.8484400649659808,1.8920923976628437,27.513239480272308,28.157591145130063,4.703838357784793,4.751519082323228,8.172027758217332,0.056310481197635126
576,2019,9,Serbia,Russian Federation,SRB,RUS,Serbia,SRB,import,138.381,16.5,8.386727272727272,,53864693664.5568,1693115002708.32,1.84922984511088,4.47036660760176,105.249558333333,64.7376583333333,1.6257856870788328,114.34,114.76,,,,0,0,0,0,0,0,4.937211190615142,2.8622008809294686,2.2392966992124586,24.709741066198642,28.157591145130063,4.747884288187267,4.751519082323228,,0.9653801606228404
577,2019,9,India,Russian Federation,IND,RUS,India,IND,import,120849.347,55354.823,2.183176468652063,,2835606256558.19,1693115002708.32,3.72950573539127,4.47036660760176,70.4203405359551,64.7376583333333,1.0877801630290944,115.05,114.76,4341.881,0,0,0,0,0,0,1,0,11.7023082574556,10.921537135855342,1.1578795877471584,28.673276877357054,28.157591145130063,4.754021132720446,4.751519082323228,8.376293231744963,0.7361013785718362
578,2019,9,Singapore,Russian Federation,SGP,RUS,Singapore,SGP,import,470.244,70.814,6.64055130341458,,376161998830.048,1693115002708.32,0.567829988405464,4.47036660760176,1.36415833333333,64.7376583333333,0.0210720988131714,120.76,114.76,8431.775,0,0,1,0,0,0,0,0,6.155376006585676,4.274079443119288,2.0334697607078103,26.65328573550289,28.157591145130063,4.802051894113376,4.751519082323228,9.039881178322222,0.020853152569042393
579,2019,9,Viet Nam,Russian Federation,VNM,RUS,Viet Nam,VNM,import,172359.315,109150.864,1.5790925392949708,,334365270496.667,1693115002708.32,2.79582367452249,4.47036660760176,23050.2416666667,64.7376583333333,356.0561543326348,147.12,114.76,6737.911,0,0,0,0,0,0,0,0,12.057342419298307,11.600495439248672,0.9474376081069509,26.535499856596267,28.157591145130063,4.998022756045412,4.751519082323228,8.815653618151782,5.877893064459467
580,2019,9,Slovenia,Russian Federation,SVN,RUS,Slovenia,SVN,import,2.385,0.212,11.25,,53909922735.545,1693115002708.32,1.63052260754342,4.47036660760176,0.893276257067409,64.7376583333333,0.0137984023528923,127.33,114.76,1937.979,0,0,1,1,1,0,0,0,1.2193539063642382,0.1922718876471227,2.505525936990736,24.710580393215583,28.157591145130063,4.854605071256369,4.751519082323228,7.569916824859094,0.013704071155178264
581,2019,9,South Africa,Russian Federation,ZAF,RUS,South Africa,ZAF,import,6.291,1.017,6.185840707964602,,389330032224.269,1693115002708.32,4.1028507546115,4.47036660760176,14.4484270548333,64.7376583333333,0.2231842705900567,99.88,114.76,10147.89,0,0,0,0,0,0,1,0,1.9866407108242934,0.7016112589720747,1.9721125214493374,26.687693232757074,28.157591145130063,4.613931691656664,4.751519082323228,9.225119618883824,0.20145751632019238
582,2019,9,Zimbabwe,Russian Federation,ZWE,RUS,Zimbabwe,ZWE,import,1556.535,851.651,1.827667671381822,,25715657177.4682,1693115002708.32,255.304990757856,4.47036660760176,,64.7376583333333,,92.12,114.76,8213.716,0,0,0,0,0,0,0,0,7.350859722319231,6.7483503195724035,1.0394522274734057,23.97036587207727,28.157591145130063,4.533888983983128,4.751519082323228,9.013682458966903,
583,2019,9,Spain,Russian Federation,ESP,RUS,Spain,ESP,import,3923.346,870.8539999999999,4.50517078637751,,1403496387686.27,1693115002708.32,0.699518994458692,4.47036660760176,0.893276257067409,64.7376583333333,0.0137984023528923,107.87,114.76,3449.3,0,0,1,1,1,0,0,0,8.274954992129333,6.770621978698152,1.7056877935585377,27.96998765895613,28.157591145130063,4.690154509893088,4.751519082323228,8.146216462766645,0.013704071155178264
584,2019,9,Sweden,Russian Federation,SWE,RUS,Sweden,SWE,import,2615.037,304.67,8.583178521022745,,532169294165.94,1693115002708.32,1.78415097403837,4.47036660760176,9.45834916666667,64.7376583333333,0.1461027385013798,112.79,114.76,1232.383,0,0,1,1,1,0,0,0,7.869415856207954,5.7225060886543035,2.2600093241167056,27.000227497784444,28.157591145130063,4.734354644368917,4.751519082323228,7.117516079423651,0.13636726392642176
585,2019,9,Switzerland,Russian Federation,CHE,RUS,Switzerland,CHE,import,28038.848,1331.05,21.065210172420272,,721369112726.724,1693115002708.32,0.362886179940615,4.47036660760176,0.993709166666667,64.7376583333333,0.0153497854610383,115.9,114.76,2296.397,0,0,1,0,0,0,0,0,10.241381920306445,7.194474387933356,3.0940021678254905,27.30441678876278,28.157591145130063,4.761318868478023,4.751519082323228,7.739532021886476,0.015233169344992293
586,2019,9,Syria,Russian Federation,SYR,RUS,Syria,SYR,import,151.297,31.077,4.868455771149081,,22583045060.0821,1693115002708.32,13.4175653228571,4.47036660760176,436.5,64.7376583333333,6.742597913450431,,114.76,2478.709,0,0,0,0,0,0,0,0,5.025832561742565,3.468139262415924,1.7695915278761656,23.840465243133707,28.157591145130063,,4.751519082323228,7.815896493564625,2.046737279017151
587,2019,9,Thailand,Russian Federation,THA,RUS,Thailand,THA,import,217.556,57.17400000000001,3.805156189876517,,543976691793.886,1693115002708.32,0.706728601314275,4.47036660760176,31.0476057805499,64.7376583333333,0.4795911155866376,103.35,114.76,7067.929,0,0,0,0,0,0,0,0,5.387042274604407,4.063438519526218,1.5696895475914632,27.022172236919157,28.157591145130063,4.647750633523209,4.751519082323228,8.863464262267069,0.3917657763532664
588,2019,9,United Arab Emirates,Russian Federation,ARE,RUS,United Arab Emirates,ARE,import,20122.357,4550.072999999999,4.422425090762281,,417989721742.682,1693115002708.32,-1.93108114782171,4.47036660760176,3.6725,64.7376583333333,0.056728959535273,120.03,114.76,3739.195,0,0,0,0,0,0,0,0,9.909636459202506,8.42311830831867,1.6905431491029141,26.758722680038904,28.157591145130063,4.7960384487505126,4.751519082323228,8.226893028086819,0.055178249725047646
589,2019,9,Tunisia,Russian Federation,TUN,RUS,Tunisia,TUN,import,7.74,3.085,2.508914100486224,,41905642418.825,1693115002708.32,6.72007532863797,4.47036660760176,2.93443333333333,64.7376583333333,0.0453280734719191,101.21,114.76,2946.28,0,0,0,0,0,0,0,0,2.167910189667444,1.4073217283119661,1.2553066165312026,24.458686318765764,28.157591145130063,4.627029520340985,4.751519082323228,7.988637990100837,0.0443307820522129
590,2019,9,TÃ¼rkiye,Russian Federation,TUR,RUS,TÃ¼rkiye,TUR,import,1374.623,491.894,2.7945512651099627,,761005915750.925,1693115002708.32,15.1768215720023,4.47036660760176,5.67381930843574,64.7376583333333,0.0876432582596874,113.04,114.76,1757.71,0,0,0,0,0,0,0,0,7.2266619983950715,6.200294140782708,1.3335661601434645,27.3579069684335,28.157591145130063,4.736549264044472,4.751519082323228,7.472335864744235,0.08401320703788509
591,2019,9,Uganda,Russian Federation,UGA,RUS,Uganda,UGA,import,4936.791,3025.249,1.6318626995662178,,35353061007.9635,1693115002708.32,2.86758803446903,4.47036660760176,3704.04907169681,64.7376583333333,57.21629677466419,118.37,114.76,6185.184,0,0,0,0,0,0,0,0,8.504673344181539,8.015079177810247,0.9676918462840808,24.288650817024283,28.157591145130063,4.782227913106947,4.751519082323228,8.7300736973872,4.064165328851363
592,2019,9,Ukraine,Russian Federation,UKR,RUS,Ukraine,UKR,import,288.016,49.207,5.853150974454854,,153883047509.577,1693115002708.32,7.88671745611135,4.47036660760176,25.8455893333333,64.7376583333333,0.3992357771153031,116.85,114.76,763.4056,1,0,1,0,0,0,0,0,5.666482049901739,3.916154459207595,1.9247085427790642,25.75945871909617,28.157591145130063,4.76941262938214,4.751519082323228,6.639098538346609,0.33592621408896917
593,2019,9,North Macedonia,Russian Federation,MKD,RUS,North Macedonia,MKD,import,71.728,18.502,3.876770078910388,,12606338448.547,1693115002708.32,0.766439573459716,4.47036660760176,54.9472,64.7376583333333,0.8487671845817721,114.63,114.76,1927.484,0,0,0,0,0,0,0,0,4.286726454819557,2.9705170244129273,1.5844831316572825,23.257465575967178,28.157591145130063,4.75039543814087,4.751519082323228,7.564489481010288,0.6145190302433621
594,2019,9,Egypt,Russian Federation,EGY,RUS,Egypt,EGY,import,594.967,327.986,1.8140012073686071,,318678815489.749,1693115002708.32,9.15279959324804,4.47036660760176,16.7705818428763,64.7376583333333,0.259054502041529,112.78,114.76,2905.404,0,0,0,0,0,0,0,0,6.390185296404907,5.79601519666847,1.0346073877498903,26.487449584527948,28.157591145130063,4.734266759322502,4.751519082323228,7.974671857179097,0.23036104407084235
595,2019,9,United Kingdom,Russian Federation,GBR,RUS,United Kingdom,GBR,import,8562.767,959.115,8.927779254833883,,2851407164907.81,1693115002708.32,1.73810460086515,4.47036660760176,0.783445110011929,64.7376583333333,0.0121018450494143,106.78,114.76,2510.88,0,0,1,1,1,0,0,0,9.0552954424268,6.8670530689541,2.29533681304934,28.67883373043186,28.157591145130063,4.680092112505351,4.751519082323228,7.828786755746396,0.0120292032022774
596,2019,9,United Rep. of Tanzania,Russian Federation,TZA,RUS,United Rep. of Tanzania,TZA,import,5292.982,2963.759,1.7859016202059614,,61026731925.9213,1693115002708.32,3.46428057999023,4.47036660760176,2288.20666666667,64.7376583333333,35.345836188339185,137.41,114.76,6968.894,0,0,0,0,0,0,0,0,8.574325982705709,7.994551026509409,1.0245715625323866,24.834577833435926,28.157591145130063,4.930220294908611,4.751519082323228,8.849355295604493,3.5930796496423425
597,2019,9,USA,Russian Federation,USA,RUS,USA,USA,import,459.358,40.806,11.257119051119934,,21539982000000.0,1693115002708.32,1.81221007526021,4.47036660760176,1.0,64.7376583333333,0.0154469597100811,99.44,114.76,7517.972,0,0,1,1,0,0,0,0,6.132004447664752,3.733039869899591,2.506106915220395,30.70093195200189,28.157591145130063,4.609560534289384,4.751519082323228,8.925184705471638,0.015328869960376863
598,2019,9,Uruguay,Russian Federation,URY,RUS,Uruguay,URY,import,0.59,0.08,7.374999999999999,,62222313618.8454,1693115002708.32,7.88198870879619,4.47036660760176,35.255375,64.7376583333333,0.5445883571888029,97.93,114.76,13387.23,0,0,0,0,0,0,0,0,0.46373401623214006,0.0769610411361284,2.12525107771113,24.85397951222868,28.157591145130063,4.5944125293351314,4.751519082323228,9.502131241747438,0.4347574393729685
599,2019,9,Uzbekistan,Russian Federation,UZB,RUS,Uzbekistan,UZB,import,2442.512,1121.059,2.178754195809498,,67293639798.3996,1693115002708.32,14.5257359560686,4.47036660760176,8836.7875,64.7376583333333,136.5015004790489,127.88,114.76,2789.856,0,0,0,0,0,0,0,1,7.801191627686487,7.022920669370348,1.1564893577091209,24.93233156392168,28.157591145130063,4.858881738868719,4.751519082323228,7.93410363779468,4.923634829621985
600,2019,9,Yemen,Russian Federation,YEM,RUS,Yemen,YEM,import,107.626,7.693,13.99012088911998,,,1693115002708.32,,4.47036660760176,486.730922939068,64.7376583333333,7.518512956290406,,114.76,4525.518,0,0,0,0,0,0,0,0,4.687910789527071,2.162518104096927,2.707391376733087,,28.157591145130063,,4.751519082323228,8.417708269489937,2.14224178996144
601,2019,9,Zambia,Russian Federation,ZMB,RUS,Zambia,ZMB,import,9.203,1.2,7.669166666666666,,23308667781.2258,1693115002708.32,9.15031644316299,4.47036660760176,12.89,64.7376583333333,0.1991113106629463,,114.76,7975.7,0,0,0,0,0,0,0,0,2.322681794693168,0.7884573603642703,2.1597726692948034,23.872091136161163,28.157591145130063,,4.751519082323228,8.98428007108057,0.18158070798568898
602,2020,9,Albania,Russian Federation,ALB,RUS,Albania,ALB,import,6.494,3.0,2.1646666666666667,,15241455556.3737,1493075894362.14,1.62088661717011,3.38165937237896,108.65,72.1049083333333,1.5068322325260113,111.94,116.2,2063.678,0,0,1,0,0,0,0,0,2.0141027003714957,1.3862943611198906,1.1520477314610167,23.44728489165824,28.031859466658556,4.726856704244691,4.763881877142913,7.632729561033053,0.9190198973222645
603,2020,9,Azerbaijan,Russian Federation,AZE,RUS,Azerbaijan,AZE,import,1781.208,386.713,4.606020485476309,,42693000000.0,1493075894362.14,2.75980947008127,3.38165937237896,1.7,72.1049083333333,0.023576758355216,131.87,116.2,1930.747,1,0,0,0,0,0,0,1,7.48560832400257,5.960265375195462,1.7238411069414692,24.477300809339468,28.031859466658556,4.889371206603217,4.763881877142913,7.566180053816499,0.023303119257533495
604,2020,9,Argentina,Russian Federation,ARG,RUS,Argentina,ARG,import,2460.697,2783.632,0.8839878978255746,,385740508436.965,1493075894362.14,42.0150947376509,3.38165937237896,70.5391666666667,72.1049083333333,0.9782852276931226,80.74,116.2,13505.36,0,0,0,0,0,0,0,0,7.808606228496333,7.931871007185353,0.6333907524740781,26.67843072241182,28.031859466658556,4.403543478136132,4.763881877142913,9.510915964599635,0.6822304228517722
605,2020,9,Australia,Russian Federation,AUS,RUS,Australia,AUS,import,9.84,0.726,13.553719008264464,,1328414058378.38,1493075894362.14,0.846905537459283,3.38165937237896,1.45308511847016,72.1049083333333,0.0201523745339596,96.83,116.2,14503.07,0,0,1,1,0,0,0,0,2.3832429960115,0.5458065926612362,2.677846562899465,27.915006909334423,28.031859466658556,4.583231278469338,4.763881877142913,9.582184578677866,0.01995200293708272
606,2020,9,Austria,Russian Federation,AUT,RUS,Austria,AUT,import,21570.397,953.001,22.634180866546835,,434397601557.696,1493075894362.14,1.38191063351859,3.38165937237896,0.875506396987998,72.1049083333333,0.0121421192707246,105.13,116.2,1675.699,0,0,1,1,1,0,0,0,9.979123503164518,6.860664719665767,3.1626940059990347,26.797226084277174,28.031859466658556,4.664664757773731,4.763881877142913,7.42458225853397,0.012068995067314759
607,2020,9,Armenia,Russian Federation,ARM,RUS,Armenia,ARM,import,4051.83,980.722,4.131476606010675,,12641698583.2152,1493075894362.14,1.2114357783847,3.38165937237896,489.008858590915,72.1049083333333,6.78190805444588,157.64,116.2,1803.035,0,0,0,0,0,1,0,1,8.307170681509788,6.889308172552293,1.6353934551944143,23.26026659829931,28.031859466658556,5.06663748421154,4.763881877142913,7.497781101764742,2.051801559335261
608,2020,9,Belgium,Russian Federation,BEL,RUS,Belgium,BEL,import,3850.354,560.169,6.873557801306392,,529694473501.791,1493075894362.14,0.740791812220353,3.38165937237896,0.875506396987998,72.1049083333333,0.0121421192707246,107.52,116.2,2261.25,0,0,1,1,1,0,0,0,8.25618005376568,6.330022107928533,2.0635100315981436,26.995566212183622,28.031859466658556,4.686934487790731,4.763881877142913,7.724115172231243,0.012068995067314759
609,2020,9,Bolivia (Plurinational State of),Russian Federation,BOL,RUS,Bolivia (Plurinational State of),BOL,import,114.02,9.68,11.77892561983471,,36629843806.0781,1493075894362.14,0.940742153381827,3.38165937237896,6.91,72.1049083333333,0.0958325883732603,109.88,116.2,12518.5,0,0,0,0,0,0,0,0,4.745106026285608,2.3683728335320486,2.5477973781099568,24.32412914965701,28.031859466658556,4.708448535441593,4.763881877142913,9.435042707754386,0.09151442902406864
610,2020,9,Brazil,Russian Federation,BRA,RUS,Brazil,BRA,import,114646.038,57916.565,1.9795034115023915,,1476107231310.49,1493075894362.14,3.21176803803373,3.38165937237896,5.15517878751281,72.1049083333333,0.071495532088897,92.89,116.2,11820.15,0,0,0,0,0,0,1,0,11.649613452801859,10.966775985430004,1.091756646195814,28.020429489407984,28.031859466658556,4.542123884270456,4.763881877142913,9.377645578951656,0.06905536615042318
611,2020,9,Bulgaria,Russian Federation,BGR,RUS,Bulgaria,BGR,import,164.23899999999998,35.597,4.613843863246902,,70550652466.6251,1493075894362.14,1.67244096855763,3.38165937237896,1.71633333333333,72.1049083333333,0.0238032801511778,107.47,116.2,1785.898,0,0,1,1,1,0,0,0,5.107392910706814,3.5999662698347104,1.725235665519958,24.97959676350332,28.031859466658556,4.686473637052126,4.763881877142913,7.488236434627176,0.023524398934609357
612,2020,9,Myanmar,Russian Federation,MMR,RUS,Myanmar,MMR,import,50.081,6.033,8.301176860600034,,79006113643.1906,1493075894362.14,,3.38165937237896,1381.61916666667,72.1049083333333,19.16123601849117,161.2,116.2,6526.041,0,0,0,0,0,0,0,0,3.9334126081066167,1.9506133573258813,2.230140936303716,25.09279107432029,28.031859466658556,5.088830141681313,4.763881877142913,8.783708980214998,3.00376175176479
613,2020,9,Burundi,Russian Federation,BDI,RUS,Burundi,BDI,import,955.743,274.837,3.477490294247136,,2649680261.44299,1493075894362.14,7.32110643415518,3.38165937237896,1915.04617583333,72.1049083333333,26.55916525100172,108.05,116.2,6624.152,0,0,0,0,0,0,0,0,6.8635348078431955,5.619810111546116,1.499062687278049,21.69770481398317,28.031859466658556,4.691806492647638,4.763881877142913,8.798628593987454,3.3163351572615625
614,2020,9,Belarus,Russian Federation,BLR,RUS,Belarus,BLR,import,4284.722000000001,3250.768,1.3180645312123167,,61371673344.7424,1493075894362.14,5.54814357456511,3.38165937237896,2.439575,72.1049083333333,0.0338336883908388,112.15,116.2,686.9657,1,0,0,0,0,1,0,1,8.363044311587359,8.086954127409424,0.8407325837070704,24.84021421948608,28.031859466658556,4.728714372079547,4.763881877142913,6.533738982039396,0.03327392020072442
615,2020,9,Cambodia,Russian Federation,KHM,RUS,Cambodia,KHM,import,72.58999999999999,5.057,14.354360292663632,,34818073901.4851,1493075894362.14,2.94029514263971,3.38165937237896,4092.78321900878,72.1049083333333,56.76150644403124,147.94,116.2,7534.794,0,0,0,0,0,0,0,0,4.298509146938508,1.8012146279988102,2.73139949185031,24.273402453917452,28.031859466658556,5.003543540282499,4.763881877142913,8.927419480426103,4.0563225753391885
616,2020,9,Cameroon,Russian Federation,CMR,RUS,Cameroon,CMR,import,239.398,80.822,2.9620400386033503,,40773241177.0505,1493075894362.14,2.43760882182241,3.38165937237896,575.586004510945,72.1049083333333,7.982618906469894,94.38,116.2,6231.046,0,0,0,0,0,0,0,0,5.4822958831588915,4.404546156103752,1.3767590538798533,24.431291849711396,28.031859466658556,4.557868912870078,4.763881877142913,8.737459968781366,2.195291477487628
617,2020,9,Canada,Russian Federation,CAN,RUS,Canada,CAN,import,24.375,2.229,10.935397039030956,,1655684730000.19,1493075894362.14,0.716999632307807,3.38165937237896,1.34115267222386,72.1049083333333,0.0186000191002789,95.22,116.2,7495.521,0,0,1,1,0,0,0,0,3.2337644373619514,1.1721724917761382,2.479508526018443,28.135235773332898,28.031859466658556,4.5666372362713075,4.763881877142913,8.92219432523831,0.01842915421986796
618,2020,9,Sri Lanka,Russian Federation,LKA,RUS,Sri Lanka,LKA,import,135855.06100000002,32050.271,4.238811615664655,,84335574581.5072,1493075894362.14,6.15394508391736,3.38165937237896,185.592557772213,72.1049083333333,2.573924051248196,97.13,116.2,6576.936,0,0,0,0,0,0,0,0,11.819351229243873,10.375092118348778,1.656094681708313,25.158069612729843,28.031859466658556,4.586293130218402,4.763881877142913,8.791476297300637,1.2736641661611914
619,2020,9,Chile,Russian Federation,CHL,RUS,Chile,CHL,import,5.157,0.175,29.468571428571423,,254042159309.311,1493075894362.14,3.0454908480433,3.38165937237896,792.727206103169,72.1049083333333,10.99408104699996,100.27,116.2,14153.3,0,0,0,0,0,0,0,0,1.817589645929073,0.16126814759612232,3.416695707375085,26.260766071728195,28.031859466658556,4.617790217344194,4.763881877142913,9.557773743832898,2.4844132820187985
620,2020,9,China,Russian Federation,CHN,RUS,China,CHN,import,82188.636,33546.502,2.4499912390269483,,14996414166715.1,1493075894362.14,2.41942189457778,3.38165937237896,6.90076726944925,72.1049083333333,0.0957045425749345,131.81,116.2,5795.045,1,0,0,0,0,0,1,0,11.316784490370116,10.420717683592072,1.2383716916275653,30.338832232900167,28.031859466658556,4.8889195354121595,4.763881877142913,8.664931067385588,0.09139757424058066
621,2020,9,Colombia,Russian Federation,COL,RUS,Colombia,COL,import,15896.684,5484.176,2.89864584944028,,270348342541.465,1493075894362.14,2.5266350008471,3.38165937237896,3693.27583333333,72.1049083333333,51.22086580097585,99.39,116.2,10979.1,0,0,0,0,0,0,0,0,9.673928717221461,8.609804459705932,1.360629274749206,26.322977121971334,28.031859466658556,4.609062600703435,4.763881877142913,9.303839822490172,3.9554821430066873
622,2020,9,Comoros,Russian Federation,COM,RUS,Comoros,COM,import,101.386,17.716,5.722849401670805,,1225039195.93742,1493075894362.14,,3.38165937237896,430.720912236792,72.1049083333333,5.973531097850027,,116.2,7521.362,0,0,0,0,0,0,0,0,4.628749984508547,2.92937877300397,1.9055120827705592,20.926238677931128,28.031859466658556,,4.763881877142913,8.925635463370824,1.9421217102388086
623,2020,9,Congo,Russian Federation,COG,RUS,Congo,COG,import,64.416,16.802,3.833829306034996,,11468687464.0046,1493075894362.14,1.79537147083111,3.38165937237896,575.586004510945,72.1049083333333,7.982618906469894,118.0,116.2,6985.611,0,0,0,0,0,0,0,0,4.180766876859676,2.8793108105367398,1.575638970535579,23.16288632954374,28.031859466658556,4.77912349311153,4.763881877142913,8.851750882177877,2.195291477487628
625,2020,9,Costa Rica,Russian Federation,CRI,RUS,Costa Rica,CRI,import,830.7779999999999,173.552,4.786911127500691,,62395610759.9798,1493075894362.14,0.724911478131341,3.38165937237896,584.900854962304,72.1049083333333,8.111803599532639,111.24,116.2,10967.48,0,0,0,0,0,0,0,0,6.723565578293495,5.162222691520349,1.7555986652076105,24.85676076947888,28.031859466658556,4.720639435794205,4.763881877142913,9.302780983960698,2.209570671866566
626,2020,9,Croatia,Russian Federation,HRV,RUS,Croatia,HRV,import,34.487,8.871,3.887611317777026,,57963370885.0798,1493075894362.14,0.154811374562112,3.38165937237896,6.6140555,72.1049083333333,0.0917282283949925,103.01,116.2,1875.36,0,0,1,1,1,0,0,0,3.5691664322317096,2.289601165435751,1.5867037010678744,24.783077111542788,28.031859466658556,4.644487048365042,4.763881877142913,7.537089008810755,0.08776197125200655
628,2020,9,Cyprus,Russian Federation,CYP,RUS,Cyprus,CYP,import,16.917,2.228,7.592908438061043,,25555093854.2968,1493075894362.14,-0.638422797978945,3.38165937237896,0.875506396987998,72.1049083333333,0.0121421192707246,128.66,116.2,2316.67,0,0,1,0,1,0,0,0,2.885749982817761,1.1718627504077024,2.1509372628642205,23.964102501838322,28.031859466658556,4.864915639746849,4.763881877142913,7.748317649657977,0.012068995067314759
629,2020,9,Czechia,Russian Federation,CZE,RUS,Czechia,CZE,import,196.293,23.464,8.365709171496762,,251109660602.536,1493075894362.14,3.16129528497808,3.38165937237896,23.21025,72.1049083333333,0.3218955621259719,107.23,116.2,1673.0,0,0,1,1,1,0,0,0,5.2846899334331345,3.1972026491867065,2.237055058762774,26.24915557550224,28.031859466658556,4.684258592307055,4.763881877142913,7.422971251049421,0.2790667384041267
630,2020,9,Denmark,Russian Federation,DNK,RUS,Denmark,DNK,import,24.034,7.710000000000001,3.1172503242542158,,355631021931.621,1493075894362.14,0.420711974110097,3.38165937237896,6.54215220416667,72.1049083333333,0.0907310244945184,110.64,116.2,1566.362,0,0,1,1,1,0,0,0,3.2202349009058318,2.1644717908644115,1.4151855435272243,26.597159575061834,28.031859466658556,4.715279408668121,4.763881877142913,7.357149230353968,0.0868481361198724
632,2020,9,Dominican Rep.,Russian Federation,DOM,RUS,Dominican Rep.,DOM,import,357.482,43.108,8.292706690173516,,78546672406.8291,1493075894362.14,3.78103179915515,3.38165937237896,56.5245333333334,72.1049083333333,0.7839207432596199,110.07,116.2,9365.754,0,0,0,0,0,0,0,0,5.88187844957413,3.786641171896432,2.2292298656293967,25.08695883802416,28.031859466658556,4.7101606331790284,4.763881877142913,9.144921890453677,0.5788136067469549
633,2020,9,Ecuador,Russian Federation,ECU,RUS,Ecuador,ECU,import,77.64099999999999,18.873,4.113866369946484,,95865473000.0,1493075894362.14,-0.338872392562181,3.38165937237896,1.0,72.1049083333333,0.0138686813854211,92.52,116.2,11640.42,0,0,0,0,0,0,0,0,4.364893191933036,2.9893620265461474,1.6319557462863905,25.286211722736827,28.031859466658556,4.538175317163813,4.763881877142913,9.36232470697202,0.013773391245365306
634,2020,9,El Salvador,Russian Federation,SLV,RUS,El Salvador,SLV,import,243.812,61.96,3.9349903163331184,,24921190000.0,1493075894362.14,-0.37159021232411,3.38165937237896,1.0,72.1049083333333,0.0138686813854211,90.23,116.2,10866.28,0,0,0,0,0,0,0,0,5.500490569044593,4.1424996041091475,1.5963507106409907,23.93898428257465,28.031859466658556,4.513383790357383,4.763881877142913,9.293511718811708,0.013773391245365306
635,2020,9,Ethiopia,Russian Federation,ETH,RUS,Ethiopia,ETH,import,13271.238,4264.54,3.1119975425251027,,107657732424.155,1493075894362.14,20.3563468559061,3.38165937237896,34.9271654040404,72.1049083333333,0.4843937286845417,,116.2,5198.625,0,0,0,0,0,0,0,0,9.493429764198947,8.358324063868958,1.4139089305177395,25.402222887486563,28.031859466658556,,4.763881877142913,8.556341786584463,0.3950064253803322
636,2020,9,Estonia,Russian Federation,EST,RUS,Estonia,EST,import,2015.827,85.337,23.62195765025721,,31820771493.8974,1493075894362.14,-0.444531097679813,3.38165937237896,0.875506396987998,72.1049083333333,0.0121421192707246,118.51,116.2,871.7853,1,0,1,1,1,0,0,0,7.609280763328723,4.45825824317203,3.203638632227892,24.18338510515916,28.031859466658556,4.783400049878789,4.763881877142913,6.771689592030556,0.012068995067314759
637,2020,9,Finland,Russian Federation,FIN,RUS,Finland,FIN,import,6021.058,948.554,6.347617531526935,,270000311606.226,1493075894362.14,0.290554555653304,3.38165937237896,0.875506396987998,72.1049083333333,0.0121421192707246,111.07,116.2,892.6777,1,0,1,1,1,0,0,0,8.703184340347008,6.855992400673102,1.9943761153077941,26.32168895004496,28.031859466658556,4.719123676063936,4.763881877142913,6.795345195631136,0.012068995067314759
638,2020,9,France,Russian Federation,FRA,RUS,France,FRA,import,2464.297,399.149,6.173877424220028,,2647926055110.05,1493075894362.14,0.476498852725014,3.38165937237896,0.875506396987998,72.1049083333333,0.0121421192707246,92.29,116.2,2494.316,0,0,1,1,1,0,0,0,7.810067566034253,5.991836977747081,1.9704462928503814,28.6047978288064,28.031859466658556,4.53571292097287,4.763881877142913,7.822170653472379,0.012068995067314759
639,2020,9,Georgia,Russian Federation,GEO,RUS,Georgia,GEO,import,4291.648,1799.788,2.384529733501946,,16010869215.68,1493075894362.14,5.2024648897534,3.38165937237896,3.10901666666667,72.1049083333333,0.0431179615719642,111.11,116.2,1644.856,1,0,0,0,0,0,0,0,8.364659070919243,7.4959796258653,1.2192149701257333,23.496533654591204,28.031859466658556,4.719480532165502,4.763881877142913,7.406015892598331,0.042214267966706215
640,2020,9,Germany,Russian Federation,DEU,RUS,Germany,DEU,import,45391.334,6964.013,6.517985247873605,,3940142541354.1,1493075894362.14,0.144877925813963,3.38165937237896,0.875506396987998,72.1049083333333,0.0121421192707246,92.62,116.2,2065.183,0,0,1,1,1,0,0,0,10.723098515146342,8.848654752687397,2.017298182899253,29.00223801659289,28.031859466658556,4.539244035871924,4.763881877142913,7.633458222717186,0.012068995067314759
641,2020,9,Greece,Russian Federation,GRC,RUS,Greece,GRC,import,209.434,26.018,8.04958105926666,,191362985554.861,1493075894362.14,-1.24798355581408,3.38165937237896,0.875506396987998,72.1049083333333,0.0121421192707246,108.52,116.2,2233.583,0,0,1,1,1,0,0,0,5.349172064766348,3.2965033105474895,2.2027184648465976,25.977437909363,28.031859466658556,4.696107180980193,4.763881877142913,7.711809912458774,0.012068995067314759
642,2020,9,Grenada,Russian Federation,GRD,RUS,Grenada,GRD,import,6.454,0.308,20.954545454545453,,1043411111.11111,1493075894362.14,-0.740732597045526,3.38165937237896,2.7,72.1049083333333,0.0374454397406371,,116.2,9489.634,0,0,0,0,0,0,0,0,2.0087508010570665,0.268499253035007,3.0889742002942566,20.76576109840108,28.031859466658556,,4.763881877142913,9.15806069653791,0.03676138353811287
643,2020,9,Guatemala,Russian Federation,GTM,RUS,Guatemala,GTM,import,15406.112,1293.451,11.91085862549103,,77719464220.73,1493075894362.14,3.21444062197349,3.38165937237896,7.72165,72.1049083333333,0.1070891036197374,112.38,116.2,10835.78,0,0,0,0,0,0,0,0,9.642584499978343,7.165841946022486,2.5580687112055167,25.076371567733098,28.031859466658556,4.730745008896157,4.763881877142913,9.29070118289567,0.10173414156200733
644,2020,9,Honduras,Russian Federation,HND,RUS,Honduras,HND,import,10699.546,4146.611,2.5803110057827947,,23352232483.755,1493075894362.14,3.46841177951179,3.38165937237896,24.5818805172846,72.1049083333333,0.3409182687487124,96.34,116.2,10729.13,0,0,0,0,0,0,0,0,9.278050047185495,8.33028778481678,1.2754496697630433,23.87395842611649,28.031859466658556,4.5782100044053085,4.763881877142913,9.28081095111519,0.2933546544546001
645,2020,9,Hungary,Russian Federation,HUN,RUS,Hungary,HUN,import,4.343999999999999,0.549,7.912568306010927,,158468487754.196,1493075894362.14,3.3267438576673,3.38165937237896,307.996666666667,72.1049083333333,4.271507637771776,109.06,116.2,1574.19,0,0,1,0,1,0,0,0,1.6759744362343445,0.4376095614347315,2.1874624497795927,25.788821595072708,28.031859466658556,4.701025671631613,4.763881877142913,7.362131178904561,1.66231640091398
646,2020,9,Indonesia,Russian Federation,IDN,RUS,Indonesia,IDN,import,53867.758,29232.934,1.8427078855649592,,1059054842698.48,1493075894362.14,1.91983527270797,3.38165937237896,14582.2034678177,72.1049083333333,202.2359337925475,105.97,116.2,9302.706,0,0,0,0,0,0,0,0,10.894305959904806,10.283085436801482,1.0447570787317357,27.68839796845854,28.031859466658556,4.672548421318039,4.763881877142913,9.138168094387108,5.314367539600314
647,2020,9,Iran,Russian Federation,IRN,RUS,Iran,IRN,import,640.897,568.812,1.1267290422846217,,262186179355.944,1493075894362.14,30.5941390387295,3.38165937237896,42000.0,72.1049083333333,582.4846181876895,,116.2,2466.589,0,0,0,0,0,0,0,0,6.464427854681636,6.345306481863108,0.7545851384863447,26.292320696577637,28.031859466658556,,4.763881877142913,7.810996839552813,6.369018090089839
648,2020,9,Ireland,Russian Federation,IRL,RUS,Ireland,IRL,import,20.572,1.346,15.283803863298662,,436555518400.451,1493075894362.14,-0.326183651280059,3.38165937237896,0.875506396987998,72.1049083333333,0.0121421192707246,127.91,116.2,2802.315,0,0,1,1,1,0,0,0,3.0713961774749805,0.8527117502312838,2.7901709858186643,26.802181394061257,28.031859466658556,4.859114486455013,4.763881877142913,7.938557924443968,0.012068995067314759
649,2020,9,Israel,Russian Federation,ISR,RUS,Israel,ISR,import,694.8140000000001,93.269,7.449570596875705,,410768352657.612,1493075894362.14,-0.575254620897805,3.38165937237896,3.44240585198793,72.1049083333333,0.0477416299605299,110.81,116.2,2643.989,0,0,0,0,0,0,0,0,6.545082383239769,4.546152397523218,2.134115623140072,26.74129527371435,28.031859466658556,4.716801002159277,4.763881877142913,7.880422185493582,0.046637019206577535
650,2020,9,Italy,Russian Federation,ITA,RUS,Italy,ITA,import,84203.503,14205.957,5.927337595066633,,1907481094079.23,1493075894362.14,-0.137707573916501,3.38165937237896,0.875506396987998,72.1049083333333,0.0121421192707246,93.13,116.2,2383.171,0,0,1,1,1,0,0,0,11.3410036786104,9.561487053190506,1.9354755539676174,28.276804688695606,28.031859466658556,4.544676805559129,4.763881877142913,7.776606753800817,0.012068995067314759
651,2020,9,CÃ´te d'Ivoire,Russian Federation,CIV,RUS,CÃ´te d'Ivoire,CIV,import,181.366,118.871,1.5257379848743595,,63027852805.4204,1493075894362.14,2.42500656821817,3.38165937237896,575.586004510945,72.1049083333333,7.982618906469894,176.79,116.2,6715.534,0,0,0,0,0,0,0,0,5.206015656756166,4.786416164555113,0.9265332912617754,24.8668425736754,28.031859466658556,5.18060307852848,4.763881877142913,8.812327526650607,2.195291477487628
652,2020,9,Jamaica,Russian Federation,JAM,RUS,Jamaica,JAM,import,37.053,1.684,22.00296912114014,,13812421835.7369,1493075894362.14,5.2267777929352,3.38165937237896,142.402832756013,72.1049083333333,1.9749395158745628,105.35,116.2,9806.688,0,0,0,0,0,0,0,0,3.638979924826506,0.9873082191094354,3.13562329982095,23.348834157329595,28.031859466658556,4.666735541646246,4.763881877142913,9.190921846903299,1.0902237079924533
653,2020,9,Japan,Russian Federation,JPN,RUS,Japan,JPN,import,2352.11,188.835,12.455900654010115,,5054068005376.28,1493075894362.14,-0.024995834027682,3.38165937237896,106.774582262437,72.1049083333333,1.4808226614591824,90.43,116.2,7486.303,0,0,1,1,0,0,0,0,7.763493136465949,5.2461552738118415,2.59941772017793,29.251214580557342,28.031859466658556,4.515573652176335,4.763881877142913,8.920963931560047,0.9085902235008451
654,2020,9,Kazakhstan,Russian Federation,KAZ,RUS,Kazakhstan,KAZ,import,16570.414,3492.2430000000004,4.74492009863002,,171082365861.423,1493075894362.14,6.71815454861464,3.38165937237896,412.953333333333,72.1049083333333,5.727118207047623,142.54,116.2,3104.607,1,1,0,0,0,1,0,1,9.715434441722458,8.158585810093953,1.7483160032196714,25.865410949192565,28.031859466658556,4.966613742001925,4.763881877142913,8.040964466404994,1.906146850919352
655,2020,9,Kenya,Russian Federation,KEN,RUS,Kenya,KEN,import,44456.674,21341.437,2.083115302872998,,100657505750.545,1493075894362.14,5.40516207933395,3.38165937237896,106.450780158517,72.1049083333333,1.476331953247987,110.03,116.2,6348.253,0,0,0,0,0,0,0,0,10.702292869460463,9.968452717023482,1.1259405477742412,25.3349895590441,28.031859466658556,4.709800435066175,4.763881877142913,8.756092447171593,0.9067784141913977
656,2020,9,Rep. of Korea,Russian Federation,KOR,RUS,Rep. of Korea,KOR,import,267.815,61.177,4.377707308302139,,1644312831906.17,1493075894362.14,0.537288023411766,3.38165937237896,1180.26583333333,72.1049083333333,16.36873079259857,,116.2,6614.064,0,0,1,0,0,0,0,0,5.594023410663461,4.129985156441916,1.682262132472396,28.128343681508408,28.031859466658556,,4.763881877142913,8.797104751483356,2.8546715086483214
657,2020,9,Kyrgyzstan,Russian Federation,KGZ,RUS,Kyrgyzstan,KGZ,import,56.65,36.064,1.570818544809228,,8270468614.24051,1493075894362.14,6.32542296338081,3.38165937237896,77.3461127039303,72.1049083333333,1.0726885934916868,125.39,116.2,2985.871,0,1,0,0,0,1,0,1,4.054390246715068,3.6126461481143473,0.944224348122564,22.83595700885554,28.031859466658556,4.8393723646590345,4.763881877142913,8.001981630139227,0.7288466019531927
658,2020,9,Lao People's Dem. Rep.,Russian Federation,LAO,RUS,Lao People's Dem. Rep.,LAO,import,46.915,15.96,2.93953634085213,,18981805250.2424,1493075894362.14,5.10407262959923,3.38165937237896,9045.78783382479,72.1049083333333,125.45314934743524,137.82,116.2,6809.734,0,0,0,0,0,0,0,0,3.8694286077957254,2.830857630363757,1.3710630363982406,23.666746738947797,28.031859466658556,4.933178129911438,4.763881877142913,8.826255176007963,4.839871878677202
659,2020,9,Lebanon,Russian Federation,LBN,RUS,Lebanon,LBN,import,38.351,9.529,4.0246615594501,,31712128253.7961,1493075894362.14,84.864333047204,3.38165937237896,1507.5,72.1049083333333,20.907037188522427,,116.2,2441.484,0,0,0,0,0,0,0,0,3.6725213875011185,2.354133354874622,1.6143581003237213,24.179965039447442,28.031859466658556,,4.763881877142913,7.80077083323018,3.0868079180153685
660,2020,9,Latvia,Russian Federation,LVA,RUS,Latvia,LVA,import,3772.259,241.273,15.634816162604189,,33379927434.6149,1493075894362.14,0.219064904842114,3.38165937237896,0.875506396987998,72.1049083333333,0.0121421192707246,118.62,116.2,847.8519,1,0,1,1,1,0,0,0,8.235694363248381,5.490065189504506,2.8114978581682677,24.231220581289627,28.031859466658556,4.784320051616411,4.763881877142913,6.743884730576574,0.012068995067314759
661,2020,9,Lithuania,Russian Federation,LTU,RUS,Lithuania,LTU,import,8865.724999999999,396.197,22.377062420967345,,57412038533.2718,1493075894362.14,1.19989444983568,3.38165937237896,0.875506396987998,72.1049083333333,0.0121421192707246,120.35,116.2,794.0689,1,0,1,1,1,0,0,0,9.090060785027408,5.984432379272404,3.151755303195586,24.77351984884378,28.031859466658556,4.79867893217261,4.763881877142913,6.67842877756566,0.012068995067314759
662,2020,9,Luxembourg,Russian Federation,LUX,RUS,Luxembourg,LUX,import,0.027,0.002,13.5,,73670782100.3909,1493075894362.14,0.819957302127018,3.38165937237896,0.875506396987998,72.1049083333333,0.0121421192707246,94.59,116.2,2214.132,0,0,1,1,1,0,0,0,0.026641930946421092,0.001998002662673058,2.6741486494265287,25.02287211386537,28.031859466658556,4.560068212075671,4.763881877142913,7.703067274383062,0.012068995067314759
663,2020,9,Madagascar,Russian Federation,MDG,RUS,Madagascar,MDG,import,751.928,179.324,4.193125292766166,,13051441203.9474,1493075894362.14,4.20179312190558,3.38165937237896,3787.75405817574,72.1049083333333,52.53115419917541,,116.2,8356.116,0,0,0,0,0,0,0,0,6.623969605698366,5.19475523283159,1.6473356918128281,23.2921644017781,28.031859466658556,,4.763881877142913,9.030868670484256,3.980263805898515
664,2020,9,Malawi,Russian Federation,MWI,RUS,Malawi,MWI,import,308.094,242.492,1.270532636128202,,11769313597.8545,1493075894362.14,8.62551469650552,3.38165937237896,749.527493882201,72.1049083333333,10.394958002265469,123.67,116.2,7767.932,0,0,0,0,0,0,0,0,5.733645437755882,5.4950840877734874,0.8200144454354762,23.18876143866371,28.031859466658556,4.825670246356884,4.763881877142913,8.957887982176885,2.433170977062551
665,2020,9,Mexico,Russian Federation,MEX,RUS,Mexico,MEX,import,4877.32,1405.16,3.471006860428705,,1121064767401.51,1493075894362.14,3.39683415570006,3.38165937237896,21.4856083333333,72.1049083333333,0.2979770563469497,96.24,116.2,10736.3,0,0,0,0,0,0,0,0,8.492556177280242,7.248617863904643,1.4976136316789161,27.745300034801414,28.031859466658556,4.577182149447922,4.763881877142913,9.281478939809377,0.2608069419676991
667,2020,9,Mongolia,Russian Federation,MNG,RUS,Mongolia,MNG,import,2.463,0.8380000000000001,2.939140811455847,,13312981429.0891,1493075894362.14,3.7237230614026,3.38165937237896,2813.28983532639,72.1049083333333,39.01662037098572,128.22,116.2,4632.875,1,0,0,0,0,0,0,0,1.2421352654202849,0.6086780239334953,1.3709626313711099,23.312005443524722,28.031859466658556,4.86151637813002,4.763881877142913,8.441148730092465,3.6892948770885057
668,2020,9,Morocco,Russian Federation,MAR,RUS,Morocco,MAR,import,65.321,2.323,28.11924235901851,,121353645057.144,1493075894362.14,0.705968661338224,3.38165937237896,9.49684732221969,72.1049083333333,0.1317087496778551,106.07,116.2,4156.454,0,0,0,0,0,0,0,0,4.194506589121081,1.2008679893724572,3.3713992050991664,25.521974806229863,28.031859466658556,4.673482826170178,4.763881877142913,8.33265814666432,0.12372865840623973
669,2020,9,Mozambique,Russian Federation,MOZ,RUS,Mozambique,MOZ,import,319.396,216.803,1.4732083965627782,,14235420174.1884,1493075894362.14,3.48393567493207,3.38165937237896,69.465,72.1049083333333,0.9633879524382822,,116.2,9107.99,0,0,0,0,0,0,0,0,5.7695577307217665,5.383590984508682,0.9055162537162362,23.378999074289503,28.031859466658556,,4.763881877142913,9.11701711692886,0.6746715281865008
670,2020,9,Oman,Russian Federation,OMN,RUS,Oman,OMN,import,0.039,0.018,2.166666666666667,,75909492847.8544,1493075894362.14,-0.406402919465837,3.38165937237896,0.3845,72.1049083333333,0.0053325079926944,99.69,116.2,3965.798,0,0,0,0,0,0,0,0,0.03825871211709027,0.017839918128331016,1.1526795099383855,25.052807583999726,28.031859466658556,4.612046489927524,4.763881877142913,8.28571449912711,0.005318340515089021
671,2020,9,Nepal,Russian Federation,NPL,RUS,Nepal,NPL,import,614.3340000000001,245.21,2.505338281473023,,33433659301.2466,1493075894362.14,5.05236655289212,3.38165937237896,118.345187275986,72.1049083333333,1.6412916958286503,118.04,116.2,4889.868,0,0,0,0,0,0,0,0,6.422165209817719,5.50618483030973,1.2542870298017115,24.232828993016607,28.031859466658556,4.779459571084781,4.763881877142913,8.495125071829223,0.9712680762233932
672,2020,9,Netherlands,Russian Federation,NLD,RUS,Netherlands,NLD,import,19489.444000000003,3849.511,5.062836292713542,,932560861701.17,1493075894362.14,1.27246037789166,3.38165937237896,0.875506396987998,72.1049083333333,0.0121421192707246,105.57,116.2,2155.229,0,0,1,1,1,0,0,0,9.877679573155415,8.255961145747072,1.802177725688203,27.5612002535755,28.031859466658556,4.668802046232865,4.763881877142913,7.67611614160181,0.012068995067314759
673,2020,9,Nicaragua,Russian Federation,NIC,RUS,Nicaragua,NIC,import,3515.524,1256.852,2.797086689602276,,12726422432.4868,1493075894362.14,3.68181341625574,3.38165937237896,34.3421221197024,72.1049083333333,0.4762799497773776,107.39,116.2,10876.95,0,0,0,0,0,0,0,0,8.16522828069279,7.1371607832806045,1.3342341120668058,23.266946175728073,28.031859466658556,4.685735833827659,4.763881877142913,9.294493083539175,0.38952537606445614
674,2020,9,Nigeria,Russian Federation,NGA,RUS,Nigeria,NGA,import,903.652,420.011,2.151496032246774,,432198898467.795,1493075894362.14,13.2460234276598,3.38165937237896,358.810797258297,72.1049083333333,4.976232624824276,95.16,116.2,6263.33,0,0,0,0,0,0,0,0,6.807550339362418,6.042658961607078,1.1478772709655625,26.792151732355133,28.031859466658556,4.566013470786897,4.763881877142913,8.74262691827533,1.7877903735829856
675,2020,9,Norway,Russian Federation,NOR,RUS,Norway,NOR,import,2.442,0.063,38.761904761904766,,367633418886.627,1493075894362.14,1.28658490707998,3.38165937237896,9.41583333333334,72.1049083333333,0.1305851924782283,97.11,116.2,1649.799,1,0,1,1,0,0,0,0,1.2360526977893478,0.06109509935981083,3.6829092871274325,26.630352134306744,28.031859466658556,4.5860892981753,4.763881877142913,7.4090146921113424,0.12273536812590298
676,2020,9,Panama,Russian Federation,PAN,RUS,Panama,PAN,import,173.26100000000002,7.789,22.24431891128515,,57059846500.0,1493075894362.14,-1.55027540803762,3.38165937237896,1.0,72.1049083333333,0.0138686813854211,82.18,116.2,10819.55,0,0,0,0,0,0,0,0,5.160554175338265,2.173500939582508,3.146060754273839,24.767366492594952,28.031859466658556,4.421006934314765,4.763881877142913,9.289202382901557,0.013773391245365306
677,2020,9,Papua New Guinea,Russian Federation,PNG,RUS,Papua New Guinea,PNG,import,3051.4500000000003,1187.8190000000002,2.5689520036301827,,23848447849.6081,1493075894362.14,4.87167398565552,3.38165937237896,3.45997438644787,72.1049083333333,0.0479852823673636,93.36,116.2,12100.54,0,0,0,0,0,0,0,0,8.023699825834326,7.080715656339141,1.2722719962893203,23.894984972523915,28.031859466658556,4.547117254539474,4.763881877142913,9.401087996213619,0.04686954225764702
678,2020,9,Paraguay,Russian Federation,PRY,RUS,Paraguay,PRY,import,68.565,12.298,5.575296796227029,,35432178068.1814,1493075894362.14,1.76751592356698,3.38165937237896,6771.09742519652,72.1049083333333,93.90619281969626,111.04,116.2,12642.6,0,0,0,0,0,0,0,0,4.24226156729384,2.5876136479802634,1.8833197171556189,24.290886229214575,28.031859466658556,4.718855950391908,4.763881877142913,9.444906437276726,4.552888959753342
679,2020,9,Peru,Russian Federation,PER,RUS,Peru,PER,import,11658.128,4659.238,2.5021533564072063,,201409694755.934,1493075894362.14,2.00241205759293,3.38165937237896,3.4949411976912,72.1049083333333,0.0484702259315615,89.59,116.2,12666.63,0,0,0,0,0,0,0,0,9.363844671516135,8.446821798776886,1.2533780239977212,26.028606952899214,28.031859466658556,4.506343831681196,4.763881877142913,9.446805199780137,0.0473321741340951
680,2020,9,Poland,Russian Federation,POL,RUS,Poland,POL,import,15206.874,1681.122,9.045669499298684,,605914186117.953,1493075894362.14,3.37446972618589,3.38165937237896,3.89974166666667,72.1049083333333,0.0540842746604514,122.07,116.2,1156.427,1,0,1,1,1,0,0,0,9.629568599020844,7.427811370601692,2.3071416460507317,27.130004205924063,28.031859466658556,4.812753299184245,4.763881877142913,7.053954717016941,0.052672403906131746
681,2020,9,Portugal,Russian Federation,PRT,RUS,Portugal,PRT,import,8095.633000000001,1634.419,4.953217626569442,,229618773422.577,1493075894362.14,-0.0124383299575331,3.38165937237896,0.875506396987998,72.1049083333333,0.0121421192707246,92.49,116.2,3913.34,0,0,1,1,1,0,0,0,8.999203575229714,7.399654319613184,1.7839318509647355,26.15968626383131,28.031859466658556,4.537854478703224,4.763881877142913,8.27240201183782,0.012068995067314759
683,2020,9,Romania,Russian Federation,ROU,RUS,Romania,ROU,import,55.567,23.809,2.333865345037591,,252033792712.145,1493075894362.14,2.63107311184746,3.38165937237896,4.24399166666667,72.1049083333333,0.0588585682273826,104.35,116.2,,,,1,1,1,0,0,0,4.0354257763066235,3.211206490563294,1.2041323951019278,26.25282901353553,28.031859466658556,4.6572881402501976,4.763881877142913,,0.057191505507163544
684,2020,9,Russian Federation,Afghanistan,RUS,AFG,Afghanistan,AFG,export,140.34799999999998,111.537,1.2583089019787157,140.34799999999998,19955929052.1496,1493075894362.14,5.60188791482222,3.38165937237896,76.8135364354897,72.1049083333333,1.0653024629112475,,116.2,3367.526,0,0,0,0,0,0,0,0,4.951224934764648,4.723282056461269,0.8146162597271287,23.716792131775,28.031859466658556,,4.763881877142913,8.122230538940023,0.7252766868306068
686,2020,9,Russian Federation,Azerbaijan,RUS,AZE,Azerbaijan,AZE,export,6252.31,1239.848,5.042803633993845,4471.102000000001,42693000000.0,1493075894362.14,2.75980947008127,3.38165937237896,1.7,72.1049083333333,0.023576758355216,131.87,116.2,1930.747,1,0,0,0,0,0,0,1,8.740866202541861,7.12355029583363,1.7988680820630787,24.477300809339468,28.031859466658556,4.889371206603217,4.763881877142913,7.566180053816499,0.023303119257533495
687,2020,9,Russian Federation,Australia,RUS,AUS,Australia,AUS,export,3.728,0.4610000000000001,8.086767895878523,-6.112,1328414058378.38,1493075894362.14,0.846905537459283,3.38165937237896,1.45308511847016,72.1049083333333,0.0201523745339596,96.83,116.2,14503.07,0,0,1,1,0,0,0,0,1.553502280103797,0.37912113276856246,2.206819277950386,27.915006909334423,28.031859466658556,4.583231278469338,4.763881877142913,9.582184578677866,0.01995200293708272
688,2020,9,Russian Federation,Austria,RUS,AUT,Austria,AUT,export,348.519,243.694,1.4301501062808275,-21221.878,434397601557.696,1493075894362.14,1.38191063351859,3.38165937237896,0.875506396987998,72.1049083333333,0.0121421192707246,105.13,116.2,1675.699,0,0,1,1,1,0,0,0,5.856557923572482,5.500008450327822,0.8879530275766653,26.797226084277174,28.031859466658556,4.664664757773731,4.763881877142913,7.42458225853397,0.012068995067314759
690,2020,9,Russian Federation,Bahrain,RUS,BHR,Bahrain,BHR,export,0.125,0.008,15.625,0.125,35837632978.7234,1493075894362.14,-2.31770629331375,3.38165937237896,0.376,72.1049083333333,0.0052146242009183,104.88,116.2,3450.924,0,0,0,0,0,0,0,0,0.11778303565638346,0.007968169649176881,2.810907586541918,24.302264378779594,28.031859466658556,4.662306377358901,4.763881877142913,8.146687035738479,0.00520107512993727
691,2020,9,Russian Federation,Armenia,RUS,ARM,Armenia,ARM,export,2836.116,543.379,5.21940671244196,-1215.714,12641698583.2152,1493075894362.14,1.2114357783847,3.38165937237896,489.008858590915,72.1049083333333,6.78190805444588,157.64,116.2,1803.035,0,0,0,0,0,1,0,1,7.950543322235198,6.2996456954557765,1.8276745183499843,23.26026659829931,28.031859466658556,5.06663748421154,4.763881877142913,7.497781101764742,2.051801559335261
693,2020,9,Russian Federation,Belgium,RUS,BEL,Belgium,BEL,export,0.247,0.008,30.875,-3850.107,529694473501.791,1493075894362.14,0.740791812220353,3.38165937237896,0.875506396987998,72.1049083333333,0.0121421192707246,107.52,116.2,2261.25,0,0,1,1,1,0,0,0,0.2207406666978993,0.007968169649176881,3.46182200347859,26.995566212183622,28.031859466658556,4.686934487790731,4.763881877142913,7.724115172231243,0.012068995067314759
694,2020,9,Russian Federation,Bosnia Herzegovina,RUS,BIH,Bosnia Herzegovina,BIH,export,3.333,2.134,1.561855670103093,3.333,20226036564.4129,1493075894362.14,-1.05129600763489,3.38165937237896,1.71697049519219,72.1049083333333,0.0238121167459893,94.49,116.2,1902.116,0,0,0,0,0,0,0,0,1.4662601427577724,1.142310143933829,0.9407318670333007,23.730236550266785,28.031859466658556,4.559021529962111,4.763881877142913,7.551247821823041,0.023533030042604423
695,2020,9,Russian Federation,Bulgaria,RUS,BGR,Bulgaria,BGR,export,184.25,203.071,0.9073181301121284,20.011000000000024,70550652466.6251,1493075894362.14,1.67244096855763,3.38165937237896,1.71633333333333,72.1049083333333,0.0238032801511778,107.47,116.2,1785.898,0,0,1,1,1,0,0,0,5.221706264176197,5.318467972508304,0.6456981349976642,24.97959676350332,28.031859466658556,4.686473637052126,4.763881877142913,7.488236434627176,0.023524398934609357
696,2020,9,Russian Federation,Belarus,RUS,BLR,Belarus,BLR,export,60104.025,13167.305,4.564641359792304,55819.303,61371673344.7424,1493075894362.14,5.54814357456511,3.38165937237896,2.439575,72.1049083333333,0.0338336883908388,112.15,116.2,686.9657,1,0,0,0,0,1,0,1,11.003848727677042,9.485568084860033,1.7164325369710665,24.84021421948608,28.031859466658556,4.728714372079547,4.763881877142913,6.533738982039396,0.03327392020072442
697,2020,9,Russian Federation,Cambodia,RUS,KHM,Cambodia,KHM,export,3.059,0.324,9.441358024691358,-69.53099999999999,34818073901.4851,1493075894362.14,2.94029514263971,3.38165937237896,4092.78321900878,72.1049083333333,56.76150644403124,147.94,116.2,7534.794,0,0,0,0,0,0,0,0,1.4009366378567607,0.2806574575148165,2.345774652988379,24.273402453917452,28.031859466658556,5.003543540282499,4.763881877142913,8.927419480426103,4.0563225753391885
698,2020,9,Russian Federation,Canada,RUS,CAN,Canada,CAN,export,139.92499999999998,13.46,10.395616641901931,115.54999999999998,1655684730000.19,1493075894362.14,0.716999632307807,3.38165937237896,1.34115267222386,72.1049083333333,0.0186000191002789,95.22,116.2,7495.521,0,0,1,1,0,0,0,0,4.948227833967638,2.671386216730619,2.433228776363089,28.135235773332898,28.031859466658556,4.5666372362713075,4.763881877142913,8.92219432523831,0.01842915421986796
699,2020,9,Russian Federation,Sri Lanka,RUS,LKA,Sri Lanka,LKA,export,2645.7930000000006,3739.94,0.7074426327695098,-133209.268,84335574581.5072,1493075894362.14,6.15394508391736,3.38165937237896,185.592557772213,72.1049083333333,2.573924051248196,97.13,116.2,6576.936,0,0,0,0,0,0,0,0,7.88110399743137,8.227092195727147,0.5349967146916801,25.158069612729843,28.031859466658556,4.586293130218402,4.763881877142913,8.791476297300637,1.2736641661611914
700,2020,9,Russian Federation,Chile,RUS,CHL,Chile,CHL,export,1507.909,259.914,5.801568980508938,1502.752,254042159309.311,1493075894362.14,3.0454908480433,3.38165937237896,792.727206103169,72.1049083333333,10.99408104699996,100.27,116.2,14153.3,0,0,0,0,0,0,0,0,7.319142152111798,5.5641908511093,1.9171533179952132,26.260766071728195,28.031859466658556,4.617790217344194,4.763881877142913,9.557773743832898,2.4844132820187985
701,2020,9,Russian Federation,China,RUS,CHN,China,CHN,export,989.68,180.605,5.479803992137539,-81198.956,14996414166715.1,1493075894362.14,2.41942189457778,3.38165937237896,6.90076726944925,72.1049083333333,0.0957045425749345,131.81,116.2,5795.045,1,0,0,0,0,0,1,0,6.898391576029171,5.201833998827813,1.8686902617797765,30.338832232900167,28.031859466658556,4.8889195354121595,4.763881877142913,8.664931067385588,0.09139757424058066
702,2020,9,Russian Federation,Colombia,RUS,COL,Colombia,COL,export,0.128,0.04,3.2,-15896.556,270348342541.465,1493075894362.14,2.5266350008471,3.38165937237896,3693.27583333333,72.1049083333333,51.22086580097585,99.39,116.2,10979.1,0,0,0,0,0,0,0,0,0.12044615307586726,0.03922071315328133,1.4350845252893227,26.322977121971334,28.031859466658556,4.609062600703435,4.763881877142913,9.303839822490172,3.9554821430066873
703,2020,9,Russian Federation,Cyprus,RUS,CYP,Cyprus,CYP,export,7.1,0.066,107.57575757575756,-9.817000000000002,25555093854.2968,1493075894362.14,-0.638422797978945,3.38165937237896,0.875506396987998,72.1049083333333,0.0121421192707246,128.66,116.2,2316.67,0,0,1,0,1,0,0,0,2.0918640616783932,0.06391332574365285,4.6874481558384735,23.964102501838322,28.031859466658556,4.864915639746849,4.763881877142913,7.748317649657977,0.012068995067314759
704,2020,9,Russian Federation,Czechia,RUS,CZE,Czechia,CZE,export,201.525,36.031,5.5931003857789126,5.231999999999971,251109660602.536,1493075894362.14,3.16129528497808,3.38165937237896,23.21025,72.1049083333333,0.3218955621259719,107.23,116.2,1673.0,0,0,1,1,1,0,0,0,5.310863335716555,3.611755399691864,1.8860237061306586,26.24915557550224,28.031859466658556,4.684258592307055,4.763881877142913,7.422971251049421,0.2790667384041267
705,2020,9,Russian Federation,Denmark,RUS,DNK,Denmark,DNK,export,1.966,0.2259999999999999,8.699115044247788,-22.068,355631021931.621,1493075894362.14,0.420711974110097,3.38165937237896,6.54215220416667,72.1049083333333,0.0907310244945184,110.64,116.2,1566.362,0,0,1,1,1,0,0,0,1.0872142437157404,0.20375683751401963,2.2720346487956204,26.597159575061834,28.031859466658556,4.715279408668121,4.763881877142913,7.357149230353968,0.0868481361198724
706,2020,9,Russian Federation,Dominican Rep.,RUS,DOM,Dominican Rep.,DOM,export,29.506,6.836,4.316266822703335,-327.976,78546672406.8291,1493075894362.14,3.78103179915515,3.38165937237896,56.5245333333334,72.1049083333333,0.7839207432596199,110.07,116.2,9365.754,0,0,0,0,0,0,0,0,3.4179233855777413,2.0587285000822946,1.6707713319735207,25.08695883802416,28.031859466658556,4.7101606331790284,4.763881877142913,9.144921890453677,0.5788136067469549
707,2020,9,Russian Federation,Estonia,RUS,EST,Estonia,EST,export,1228.197,332.361,3.6953703954435086,-787.6300000000001,31820771493.8974,1493075894362.14,-0.444531097679813,3.38165937237896,0.875506396987998,72.1049083333333,0.0121421192707246,118.51,116.2,871.7853,1,0,1,1,1,0,0,0,7.114116389641572,5.809225986869718,1.546577001016724,24.18338510515916,28.031859466658556,4.783400049878789,4.763881877142913,6.771689592030556,0.012068995067314759
708,2020,9,Russian Federation,Finland,RUS,FIN,Finland,FIN,export,552.765,192.381,2.873282704632994,-5468.293,270000311606.226,1493075894362.14,0.290554555653304,3.38165937237896,0.875506396987998,72.1049083333333,0.0121421192707246,111.07,116.2,892.6777,1,0,1,1,1,0,0,0,6.316740409028588,5.2646623362076115,1.3541023915771973,26.32168895004496,28.031859466658556,4.719123676063936,4.763881877142913,6.795345195631136,0.012068995067314759
709,2020,9,Russian Federation,France,RUS,FRA,France,FRA,export,1.707,0.024,71.125,-2462.59,2647926055110.05,1493075894362.14,0.476498852725014,3.38165937237896,0.875506396987998,72.1049083333333,0.0121421192707246,92.29,116.2,2494.316,0,0,1,1,1,0,0,0,0.9958410106321641,0.023716526617316065,4.278400724828264,28.6047978288064,28.031859466658556,4.53571292097287,4.763881877142913,7.822170653472379,0.012068995067314759
711,2020,9,Russian Federation,Georgia,RUS,GEO,Georgia,GEO,export,4123.701999999999,1197.39,3.443908835049566,-167.94600000000082,16010869215.68,1493075894362.14,5.2024648897534,3.38165937237896,3.10901666666667,72.1049083333333,0.0431179615719642,111.11,116.2,1644.856,1,0,0,0,0,0,0,0,8.32474905373493,7.088734268268861,1.491534357401701,23.496533654591204,28.031859466658556,4.719480532165502,4.763881877142913,7.406015892598331,0.042214267966706215
712,2020,9,Russian Federation,Germany,RUS,DEU,Germany,DEU,export,3862.765,1960.426,1.970370215453172,-41528.569,3940142541354.1,1493075894362.14,0.144877925813963,3.38165937237896,0.875506396987998,72.1049083333333,0.0121421192707246,92.62,116.2,2065.183,0,0,1,1,1,0,0,0,8.259397375677548,7.581427038708029,1.0886865967139692,29.00223801659289,28.031859466658556,4.539244035871924,4.763881877142913,7.633458222717186,0.012068995067314759
713,2020,9,Russian Federation,Greece,RUS,GRC,Greece,GRC,export,11.987,0.211,56.81042654028436,-197.447,191362985554.861,1493075894362.14,-1.24798355581408,3.38165937237896,0.875506396987998,72.1049083333333,0.0121421192707246,108.52,116.2,2233.583,0,0,1,1,1,0,0,0,2.5639488571279534,0.19144646457095527,4.057169149380335,25.977437909363,28.031859466658556,4.696107180980193,4.763881877142913,7.711809912458774,0.012068995067314759
714,2020,9,Russian Federation,Guyana,RUS,GUY,Guyana,GUY,export,41.216,11.46,3.596509598603839,41.216,5471256594.72422,1493075894362.14,0.993337022838761,3.38165937237896,208.5,72.1049083333333,2.891620068860316,91.14,116.2,9760.068,0,0,0,0,0,0,0,0,3.742799296103367,2.522523513359307,1.5252972325613803,22.42277415199284,28.031859466658556,4.523309159507771,4.763881877142913,9.186157099650034,1.3588255410747756
715,2020,9,Russian Federation,Honduras,RUS,HND,Honduras,HND,export,0.072,0.002,36.0,-10699.474,23352232483.755,1493075894362.14,3.46841177951179,3.38165937237896,24.5818805172846,72.1049083333333,0.3409182687487124,96.34,116.2,10729.13,0,0,0,0,0,0,0,0,0.0695260626486103,0.001998002662673058,3.6109179126442243,23.87395842611649,28.031859466658556,4.5782100044053085,4.763881877142913,9.28081095111519,0.2933546544546001
716,2020,9,Russian Federation,"China, Hong Kong SAR",RUS,HKG,"China, Hong Kong SAR",HKG,export,345.64000000000004,21.064,16.40903911887581,345.64000000000004,344943149590.058,1493075894362.14,0.25096202108081,3.38165937237896,7.75725,72.1049083333333,0.1075828286770584,95.77,116.2,7145.355,0,0,0,0,0,0,0,0,5.848286777431654,3.093947321050946,2.856989560923043,26.566645456605396,28.031859466658556,4.572337028892851,4.763881877142913,8.874357715491055,0.10218000901379572
717,2020,9,Russian Federation,Hungary,RUS,HUN,Hungary,HUN,export,133.42000000000002,52.317,2.550222680964122,129.07600000000002,158468487754.196,1493075894362.14,3.3267438576673,3.38165937237896,307.996666666667,72.1049083333333,4.271507637771776,109.06,116.2,1574.19,0,0,1,0,1,0,0,0,4.90096922654182,3.9762552296616094,1.2670103285522134,25.788821595072708,28.031859466658556,4.701025671631613,4.763881877142913,7.362131178904561,1.66231640091398
718,2020,9,Russian Federation,Iceland,RUS,ISL,Iceland,ISL,export,3.052,0.654,4.666666666666667,3.052,21629953194.0659,1493075894362.14,2.8479240151866,3.38165937237896,135.421711629205,72.1049083333333,1.87812057125383,105.8,116.2,3316.138,0,0,1,1,0,0,0,0,1.3992105863864368,0.5031965966014995,1.7346010553881064,23.79734491301934,28.031859466658556,4.6709579265260945,4.763881877142913,8.106857641940545,1.0571375016994664
719,2020,9,Russian Federation,Indonesia,RUS,IDN,Indonesia,IDN,export,7133.253000000001,8469.179,0.8422602710368975,-46734.505000000005,1059054842698.48,1493075894362.14,1.91983527270797,3.38165937237896,14582.2034678177,72.1049083333333,202.2359337925475,105.97,116.2,9302.706,0,0,0,0,0,0,0,0,8.872662829265334,9.044306920834835,0.6109932259171175,27.68839796845854,28.031859466658556,4.672548421318039,4.763881877142913,9.138168094387108,5.314367539600314
720,2020,9,Russian Federation,Iraq,RUS,IRQ,Iraq,IRQ,export,1.54,0.26,5.923076923076923,1.54,180898797516.874,1493075894362.14,0.574162679425837,3.38165937237896,1192.0,72.1049083333333,16.531468211422045,64.58,116.2,2548.646,0,0,0,0,0,0,0,0,0.9321640810304452,0.23111172096338664,1.9348603128687283,25.921203582105413,28.031859466658556,4.1832707714165025,4.763881877142913,7.843709804986182,2.8639974496428424
721,2020,9,Russian Federation,Ireland,RUS,IRL,Ireland,IRL,export,2.315,0.436,5.309633027522935,-18.257,436555518400.451,1493075894362.14,-0.326183651280059,3.38165937237896,0.875506396987998,72.1049083333333,0.0121421192707246,127.91,116.2,2802.315,0,0,1,1,1,0,0,0,1.1984576236378257,0.3618614706260324,1.8420775175755402,26.802181394061257,28.031859466658556,4.859114486455013,4.763881877142913,7.938557924443968,0.012068995067314759
722,2020,9,Russian Federation,Israel,RUS,ISR,Israel,ISR,export,3582.909,431.0,8.313013921113688,2888.095,410768352657.612,1493075894362.14,-0.575254620897805,3.38165937237896,3.44240585198793,72.1049083333333,0.0477416299605299,110.81,116.2,2643.989,0,0,0,0,0,0,0,0,8.184209383147474,6.068425588244111,2.231412768342837,26.74129527371435,28.031859466658556,4.716801002159277,4.763881877142913,7.880422185493582,0.046637019206577535
723,2020,9,Russian Federation,Italy,RUS,ITA,Italy,ITA,export,625.289,215.954,2.8954731100141697,-83578.21399999999,1907481094079.23,1493075894362.14,-0.137707573916501,3.38165937237896,0.875506396987998,72.1049083333333,0.0121421192707246,93.13,116.2,2383.171,0,0,1,1,1,0,0,0,6.439811925909141,5.379685349502371,1.3598151379319823,28.276804688695606,28.031859466658556,4.544676805559129,4.763881877142913,7.776606753800817,0.012068995067314759
724,2020,9,Russian Federation,CÃ´te d'Ivoire,RUS,CIV,CÃ´te d'Ivoire,CIV,export,0.07,0.013,5.384615384615385,-181.296,63027852805.4204,1493075894362.14,2.42500656821817,3.38165937237896,575.586004510945,72.1049083333333,7.982618906469894,176.79,116.2,6715.534,0,0,0,0,0,0,0,0,0.06765864847381486,0.01291622526654623,1.8538912503350613,24.8668425736754,28.031859466658556,5.18060307852848,4.763881877142913,8.812327526650607,2.195291477487628
725,2020,9,Russian Federation,Japan,RUS,JPN,Japan,JPN,export,105.951,12.313,8.604807926581664,-2246.159,5054068005376.28,1493075894362.14,-0.024995834027682,3.38165937237896,106.774582262437,72.1049083333333,1.4808226614591824,90.43,116.2,7486.303,0,0,1,1,0,0,0,0,4.67237078564833,2.58874100144978,2.2622637987880547,29.251214580557342,28.031859466658556,4.515573652176335,4.763881877142913,8.920963931560047,0.9085902235008451
726,2020,9,Russian Federation,Kazakhstan,RUS,KAZ,Kazakhstan,KAZ,export,28366.286,6577.231,4.3128006299307415,11795.872,171082365861.423,1493075894362.14,6.71815454861464,3.38165937237896,412.953333333333,72.1049083333333,5.727118207047623,142.54,116.2,3104.607,1,1,0,0,0,1,0,1,10.252991858792502,8.79152114318927,1.6701191218128626,25.865410949192565,28.031859466658556,4.966613742001925,4.763881877142913,8.040964466404994,1.906146850919352
727,2020,9,Russian Federation,Jordan,RUS,JOR,Jordan,JOR,export,1.616,0.1119999999999999,14.42857142857143,1.616,43700383098.5916,1493075894362.14,0.333294350628422,3.38165937237896,0.71,72.1049083333333,0.009846763783649,70.79,116.2,2652.505,0,0,0,0,0,0,0,0,0.9616464335949523,0.10616019582839052,2.7362210780689065,24.500622705590573,28.031859466658556,4.273745190588392,4.763881877142913,7.883636686569925,0.009798600316582305
728,2020,9,Russian Federation,Kenya,RUS,KEN,Kenya,KEN,export,0.001,0.001,1.0,-44456.673,100657505750.545,1493075894362.14,5.40516207933395,3.38165937237896,106.450780158517,72.1049083333333,1.476331953247987,110.03,116.2,6348.253,0,0,0,0,0,0,0,0,0.0009995003330834232,0.0009995003330834232,0.6931471805599453,25.3349895590441,28.031859466658556,4.709800435066175,4.763881877142913,8.756092447171593,0.9067784141913977
729,2020,9,Russian Federation,Rep. of Korea,RUS,KOR,Rep. of Korea,KOR,export,406.137,62.916,6.455226015639901,138.322,1644312831906.17,1493075894362.14,0.537288023411766,3.38165937237896,1180.26583333333,72.1049083333333,16.36873079259857,,116.2,6614.064,0,0,1,0,0,0,0,0,6.009149738138992,4.157569721277142,2.00891526507973,28.128343681508408,28.031859466658556,,4.763881877142913,8.797104751483356,2.8546715086483214
730,2020,9,Russian Federation,Kuwait,RUS,KWT,Kuwait,KWT,export,4.697,0.423,11.10401891252955,4.697,111045470461.207,1493075894362.14,2.10172954827401,3.38165937237896,0.306233121756716,72.1049083333333,0.0042470495953067,155.26,116.2,3051.533,0,0,0,0,0,0,0,0,1.7399397204982585,0.35276731910771536,2.4935375389872756,25.433205598181296,28.031859466658556,5.051521286568598,4.763881877142913,8.023727016737235,0.004238056334399269
731,2020,9,Russian Federation,Kyrgyzstan,RUS,KGZ,Kyrgyzstan,KGZ,export,6002.243,1502.146,3.995778705931381,5945.593000000001,8270468614.24051,1493075894362.14,6.32542296338081,3.38165937237896,77.3461127039303,72.1049083333333,1.0726885934916868,125.39,116.2,2985.871,0,1,0,0,0,1,0,1,8.70005510219268,7.315315524090505,1.6085932970331889,22.83595700885554,28.031859466658556,4.8393723646590345,4.763881877142913,8.001981630139227,0.7288466019531927
732,2020,9,Russian Federation,Lao People's Dem. Rep.,RUS,LAO,Lao People's Dem. Rep.,LAO,export,93.374,6.499,14.367441144791506,46.459,18981805250.2424,1493075894362.14,5.10407262959923,3.38165937237896,9045.78783382479,72.1049083333333,125.45314934743524,137.82,116.2,6809.734,0,0,0,0,0,0,0,0,4.54726561148656,2.014769678319252,2.7322510599424343,23.666746738947797,28.031859466658556,4.933178129911438,4.763881877142913,8.826255176007963,4.839871878677202
733,2020,9,Russian Federation,Lebanon,RUS,LBN,Lebanon,LBN,export,79.975,37.567,2.128863097931695,41.624,31712128253.7961,1493075894362.14,84.864333047204,3.38165937237896,1507.5,72.1049083333333,20.907037188522427,,116.2,2441.484,0,0,0,0,0,0,0,0,4.394140465057393,3.652396988536521,1.1406697110711148,24.179965039447442,28.031859466658556,,4.763881877142913,7.80077083323018,3.0868079180153685
734,2020,9,Russian Federation,Latvia,RUS,LVA,Latvia,LVA,export,3051.255,371.111,8.221947072439244,-721.0039999999999,33379927434.6149,1493075894362.14,0.219064904842114,3.38165937237896,0.875506396987998,72.1049083333333,0.0121421192707246,118.62,116.2,847.8519,1,0,1,1,1,0,0,0,8.023635940683425,5.919192196861345,2.2215861944966546,24.231220581289627,28.031859466658556,4.784320051616411,4.763881877142913,6.743884730576574,0.012068995067314759
735,2020,9,Russian Federation,Liberia,RUS,LBR,Liberia,LBR,export,2.004,0.046,43.56521739130435,2.004,3176126300.0,1493075894362.14,16.9557241496254,3.38165937237896,191.517957643463,72.1049083333333,2.6561015341437773,,116.2,6953.84,0,0,0,0,0,0,0,0,1.0999447339018884,0.044973365642731196,3.796953675643359,21.878928146857984,28.031859466658556,,4.763881877142913,8.847193099060572,1.2963974251274353
736,2020,9,Russian Federation,Lithuania,RUS,LTU,Lithuania,LTU,export,1472.231,193.29,7.616695121320296,-7393.493999999999,57412038533.2718,1493075894362.14,1.19989444983568,3.38165937237896,0.875506396987998,72.1049083333333,0.0121421192707246,120.35,116.2,794.0689,1,0,1,1,1,0,0,0,7.295213226977809,5.269351888255022,2.1537016145617613,24.77351984884378,28.031859466658556,4.79867893217261,4.763881877142913,6.67842877756566,0.012068995067314759
737,2020,9,Russian Federation,Luxembourg,RUS,LUX,Luxembourg,LUX,export,0.093,0.005,18.6,0.066,73670782100.3909,1493075894362.14,0.819957302127018,3.38165937237896,0.875506396987998,72.1049083333333,0.0121421192707246,94.59,116.2,2214.132,0,0,1,1,1,0,0,0,0.08892620919440149,0.004987541511038968,2.975529566236472,25.02287211386537,28.031859466658556,4.560068212075671,4.763881877142913,7.703067274383062,0.012068995067314759
738,2020,9,Russian Federation,Malaysia,RUS,MYS,Malaysia,MYS,export,689.0509999999999,989.415,0.6964226335764061,689.0509999999999,337456163961.211,1493075894362.14,-1.13870215393055,3.38165937237896,4.20348194851884,72.1049083333333,0.0582967518533771,116.94,116.2,8130.454,0,0,0,0,0,0,0,0,6.536765507903349,6.898124047211441,0.5285217006516737,26.544701454266853,28.031859466658556,4.770176020572358,4.763881877142913,9.00349503033965,0.05666077790124427
739,2020,9,Russian Federation,Mali,RUS,MLI,Mali,MLI,export,279.578,61.184,4.56946260460251,279.578,20698560938.7775,1493075894362.14,0.438088940320735,3.38165937237896,575.586004510945,72.1049083333333,7.982618906469894,114.11,116.2,6188.962,0,0,0,0,0,0,0,0,5.6368517611734115,4.130097731927918,1.7172985689619578,23.753330014983607,28.031859466658556,4.74588819292697,4.763881877142913,8.730684226726034,2.195291477487628
740,2020,9,Russian Federation,Mauritius,RUS,MUS,Mauritius,MUS,export,38.441,40.199,0.956267568844996,38.441,11408106446.3144,1493075894362.14,2.58080077182826,3.38165937237896,39.3469333333333,72.1049083333333,0.5456900818934076,85.49,116.2,8654.018,0,0,0,0,0,0,0,0,3.674805884382577,3.7184139842162547,0.6710383561452297,23.157590031510512,28.031859466658556,4.460028800318421,4.763881877142913,9.065894547330851,0.43547046557626995
741,2020,9,Russian Federation,Mexico,RUS,MEX,Mexico,MEX,export,31.426,3.742,8.398182789951896,-4845.893999999999,1121064767401.51,1493075894362.14,3.39683415570006,3.38165937237896,21.4856083333333,72.1049083333333,0.2979770563469497,96.24,116.2,10736.3,0,0,0,0,0,0,0,0,3.4789605701278776,1.5564589876432138,2.240516350369313,27.745300034801414,28.031859466658556,4.577182149447922,4.763881877142913,9.281478939809377,0.2608069419676991
743,2020,9,Russian Federation,Mongolia,RUS,MNG,Mongolia,MNG,export,1138.594,205.142,5.550272494174767,1136.131,13312981429.0891,1493075894362.14,3.7237230614026,3.38165937237896,2813.28983532639,72.1049083333333,39.01662037098572,128.22,116.2,4632.875,1,0,0,0,0,0,0,0,7.038427337604628,5.328565251705755,1.879506650945901,23.312005443524722,28.031859466658556,4.86151637813002,4.763881877142913,8.441148730092465,3.6892948770885057
744,2020,9,Russian Federation,Rep. of Moldova,RUS,MDA,Rep. of Moldova,MDA,export,6634.646,958.965,6.918548643589704,6634.646,11530746234.4492,1493075894362.14,3.76597122245358,3.38165937237896,17.3218352091831,72.1049083333333,0.2402310135269308,104.84,116.2,1150.314,0,0,0,0,0,0,0,1,8.800211304498632,6.866896825463927,2.069207936961615,23.168282890334197,28.031859466658556,4.6619285198067,4.763881877142913,7.0486591777724525,0.21529766349642196
745,2020,9,Russian Federation,Montenegro,RUS,MNE,Montenegro,MNE,export,11.251,1.31,8.588549618320611,11.251,4769996866.00758,1493075894362.14,-0.255655699848511,3.38165937237896,0.877475207233012,72.1049083333333,0.012169424072721,90.17,116.2,,,,1,0,0,0,0,0,2.5056075663120336,0.8372475245337022,2.260569638492056,22.285611485034618,28.031859466658556,4.5127258955968115,4.763881877142913,,0.012095971944552824
746,2020,9,Russian Federation,Morocco,RUS,MAR,Morocco,MAR,export,1.581,0.259,6.104247104247104,-63.74,121353645057.144,1493075894362.14,0.705968661338224,3.38165937237896,9.49684732221969,72.1049083333333,0.1317087496778551,106.07,116.2,4156.454,0,0,0,0,0,0,0,0,0.9481769207364767,0.23031775506221003,1.9606927889034935,25.521974806229863,28.031859466658556,4.673482826170178,4.763881877142913,8.33265814666432,0.12372865840623973
747,2020,9,Russian Federation,Nepal,RUS,NPL,Nepal,NPL,export,538.9929999999999,765.8979999999999,0.7037399235929589,-75.34100000000012,33433659301.2466,1493075894362.14,5.05236655289212,3.38165937237896,118.345187275986,72.1049083333333,1.6412916958286503,118.04,116.2,4889.868,0,0,0,0,0,0,0,0,6.291556176511337,6.64235380686547,0.532825789759001,24.232828993016607,28.031859466658556,4.779459571084781,4.763881877142913,8.495125071829223,0.9712680762233932
748,2020,9,Russian Federation,Netherlands,RUS,NLD,Netherlands,NLD,export,619.9390000000001,651.57,0.9514541799039244,-18869.505000000005,932560861701.17,1493075894362.14,1.27246037789166,3.38165937237896,0.875506396987998,72.1049083333333,0.0121421192707246,105.57,116.2,2155.229,0,0,1,1,1,0,0,0,6.431232848445282,6.480918413136281,0.6685748279388151,27.5612002535755,28.031859466658556,4.668802046232865,4.763881877142913,7.67611614160181,0.012068995067314759
751,2020,9,Russian Federation,New Zealand,RUS,NZL,New Zealand,NZL,export,2.011,0.217,9.267281105990785,2.011,213029554653.687,1493075894362.14,1.71456170007245,3.38165937237896,1.54205833333333,72.1049083333333,0.0213863157027335,103.41,116.2,16774.49,0,0,1,0,0,0,0,0,1.102272249499597,0.19638881400539018,2.3289622475067153,26.084696747277714,28.031859466658556,4.648325456302019,4.763881877142913,9.727674171547402,0.02116083755279311
752,2020,9,Russian Federation,Norway,RUS,NOR,Norway,NOR,export,31.674000000000003,9.871,3.208793435315571,29.232000000000003,367633418886.627,1493075894362.14,1.28658490707998,3.38165937237896,9.41583333333334,72.1049083333333,0.1305851924782283,97.11,116.2,1649.799,1,0,1,1,0,0,0,0,3.486579654604317,2.3860986932218635,1.4371760116811938,26.630352134306744,28.031859466658556,4.5860892981753,4.763881877142913,7.4090146921113424,0.12273536812590298
753,2020,9,Russian Federation,Pakistan,RUS,PAK,Pakistan,PAK,export,519.626,838.1120000000001,0.6199958955366346,519.626,300425609817.981,1493075894362.14,9.73999313898157,3.38165937237896,161.838479684718,72.1049083333333,2.244486310648312,104.6,116.2,3658.638,0,0,0,0,0,0,0,0,6.25503193368757,6.73234418981059,0.48242361562172165,26.428466005596025,28.031859466658556,4.659658371272161,4.763881877142913,8.205119514399957,1.1769570358217067
754,2020,9,Russian Federation,Panama,RUS,PAN,Panama,PAN,export,0.983,0.052,18.903846153846157,-172.27800000000002,57059846500.0,1493075894362.14,-1.55027540803762,3.38165937237896,1.0,72.1049083333333,0.0138686813854211,82.18,116.2,10819.55,0,0,0,0,0,0,0,0,0.6846108495376589,0.050693114315518165,2.990912987118042,24.767366492594952,28.031859466658556,4.421006934314765,4.763881877142913,9.289202382901557,0.013773391245365306
756,2020,9,Russian Federation,Poland,RUS,POL,Poland,POL,export,4418.034,4912.701999999999,0.8993083643176403,-10788.84,605914186117.953,1493075894362.14,3.37446972618589,3.38165937237896,3.89974166666667,72.1049083333333,0.0540842746604514,122.07,116.2,1156.427,1,0,1,1,1,0,0,0,8.393676399149568,8.499782908181617,0.6414898011212862,27.130004205924063,28.031859466658556,4.812753299184245,4.763881877142913,7.053954717016941,0.052672403906131746
757,2020,9,Russian Federation,Portugal,RUS,PRT,Portugal,PRT,export,0.504,0.054,9.333333333333334,-8095.129000000001,229618773422.577,1493075894362.14,-0.0124383299575331,3.38165937237896,0.875506396987998,72.1049083333333,0.0121421192707246,92.49,116.2,3913.34,0,0,1,1,1,0,0,0,0.4081282255276481,0.05259245011917063,2.3353749158170367,26.15968626383131,28.031859466658556,4.537854478703224,4.763881877142913,8.27240201183782,0.012068995067314759
758,2020,9,Russian Federation,Qatar,RUS,QAT,Qatar,QAT,export,10190.305,767.977,13.2690236816988,10190.305,144411363351.648,1493075894362.14,-2.54031503004764,3.38165937237896,3.64,72.1049083333333,0.050482000242933,98.72,116.2,3575.788,0,0,0,0,0,0,0,0,9.229290184749017,6.64506106008567,2.65809101160778,25.695931753886853,28.031859466658556,4.6023662586553575,4.763881877142913,8.182220469959994,0.049249106689613006
759,2020,9,Russian Federation,Romania,RUS,ROU,Romania,ROU,export,139.99,132.237,1.0586295817358229,84.423,252033792712.145,1493075894362.14,2.63107311184746,3.38165937237896,4.24399166666667,72.1049083333333,0.0588585682273826,104.35,116.2,,,,1,1,1,0,0,0,4.9486889658772695,4.892129497310963,0.7220405098389155,26.25282901353553,28.031859466658556,4.6572881402501976,4.763881877142913,,0.057191505507163544
760,2020,9,Russian Federation,Saudi Arabia,RUS,SAU,Saudi Arabia,SAU,export,25.515,2.016,12.65625,24.155,767951200000.0,1493075894362.14,3.4454670643357,3.38165937237896,3.75,72.1049083333333,0.0520075551953294,104.26,116.2,3539.516,0,0,0,0,0,0,0,0,3.2777106105890934,1.1039314501457096,2.6141972922958634,27.36699202640986,28.031859466658556,4.656433479925633,4.763881877142913,8.172027758217332,0.05070029603433921
761,2020,9,Russian Federation,Serbia,RUS,SRB,Serbia,SRB,export,16.923,1.058,15.995274102079392,-68.92999999999999,55874017668.998,1493075894362.14,1.57553290083412,3.38165937237896,103.163291666667,72.1049083333333,1.4307388227962805,113.49,116.2,,,,0,0,0,0,0,0,2.8860848042494602,0.7217346374118577,2.832935311413393,24.74636530887545,28.031859466658556,4.740487482935721,4.763881877142913,,0.8881952534439589
763,2020,9,Russian Federation,India,RUS,IND,India,IND,export,3122.155,4727.375999999999,0.6604414372793702,-100317.273,2674851578587.27,1493075894362.14,6.62343677628536,3.38165937237896,74.0995668836052,72.1049083333333,1.0276632839064272,100.47,116.2,4341.881,0,0,0,0,0,0,1,0,8.046598987815793,8.461337082150626,0.5070834930882909,28.614915010097288,28.031859466658556,4.6197631882909915,4.763881877142913,8.376293231744963,0.7068840383671241
764,2020,9,Russian Federation,Singapore,RUS,SGP,Singapore,SGP,export,507.859,541.736,0.9374658505249788,437.565,349165858544.568,1493075894362.14,-0.172111865925357,3.38165937237896,1.37974166666667,72.1049083333333,0.01913519756919,129.85,116.2,8431.775,0,0,1,0,0,0,0,0,6.232170964422671,6.296623013860999,0.6613808565545387,26.57881288564395,28.031859466658556,4.874051628976154,4.763881877142913,9.039881178322222,0.018954422151479605
765,2020,9,Russian Federation,Slovakia,RUS,SVK,Slovakia,SVK,export,166.097,109.37,1.518670567797385,164.887,107732602896.441,1493075894362.14,1.93694126694221,3.38165937237896,0.875506396987998,72.1049083333333,0.0121421192707246,86.46,116.2,1632.621,0,0,1,1,1,0,0,0,5.118574482118821,4.703838357784793,0.9237312098572165,25.402918094866127,28.031859466658556,4.471181545984774,4.763881877142913,7.39855430237185,0.012068995067314759
766,2020,9,Russian Federation,Viet Nam,RUS,VNM,Viet Nam,VNM,export,273.017,161.499,1.690518207543081,-148180.447,346615738537.796,1493075894362.14,3.22093436652516,3.38165937237896,23208.3683333333,72.1049083333333,321.8694658904979,150.99,116.2,6737.911,0,0,0,0,0,0,0,0,5.613190148259054,5.090671847904703,0.9897338172699438,26.57148262156051,28.031859466658556,5.02381472920837,4.763881877142913,8.815653618151782,5.777248111169995
767,2020,9,Russian Federation,Slovenia,RUS,SVN,Slovenia,SVN,export,9.638,1.143,8.432195975503062,-3.343,53384760135.1581,1493075894362.14,-0.0548568157606016,3.38165937237896,0.875506396987998,72.1049083333333,0.0121421192707246,121.11,116.2,1937.979,0,0,1,1,1,0,0,0,2.3644324963201258,0.7622067164914399,2.2441289407443072,24.70079115147223,28.031859466658556,4.8049222778449305,4.763881877142913,7.569916824859094,0.012068995067314759
768,2020,9,Russian Federation,South Africa,RUS,ZAF,South Africa,ZAF,export,300.91900000000004,326.304,0.9222044473864864,180.82400000000004,337974655408.055,1493075894362.14,3.23238831615119,3.38165937237896,16.4591053903333,72.1049083333333,0.2282660885476008,87.58,116.2,10147.89,0,0,0,0,0,0,1,0,5.71015876947909,5.790889402636245,0.6534726771003886,26.546236745621112,28.031859466658556,4.483906098495052,4.763881877142913,9.225119618883824,0.20560349073727544
769,2020,9,Russian Federation,Spain,RUS,ESP,Spain,ESP,export,2.459,0.281,8.750889679715302,-7781.55,1289783836971.21,1493075894362.14,-0.322753017299685,3.38165937237896,0.875506396987998,72.1049083333333,0.0121421192707246,97.06,116.2,3449.3,0,0,1,1,1,0,0,0,1.2409795299550317,0.2476410229145973,2.27735853004837,27.885495752022408,28.031859466658556,4.585579536223087,4.763881877142913,8.146216462766645,0.012068995067314759
771,2020,9,Russian Federation,Sweden,RUS,SWE,Sweden,SWE,export,10.097,2.482,4.068090249798549,-1587.869,545147614972.141,1493075894362.14,0.497367318853587,3.38165937237896,9.21030902842085,72.1049083333333,0.1277348413764368,107.91,116.2,1232.383,0,0,1,1,1,0,0,0,2.4066748015184265,1.2476068413459973,1.6229640700743198,27.024322448097287,28.031859466658556,4.690521853087595,4.763881877142913,7.117516079423651,0.12021105574091379
772,2020,9,Russian Federation,Switzerland,RUS,CHE,Switzerland,CHE,export,115.15,39.782,2.894525162133628,-32140.551,741999406005.627,1493075894362.14,-0.725874933313387,3.38165937237896,0.938965,72.1049083333333,0.013022206417062,111.94,116.2,2296.397,0,0,1,0,0,0,0,0,4.754882459216418,3.708240807592556,1.3595717622977128,27.332614279583318,28.031859466658556,4.726856704244691,4.763881877142913,7.739532021886476,0.012938146464638364
773,2020,9,Russian Federation,Tajikistan,RUS,TJK,Tajikistan,TJK,export,1714.8580000000002,383.2,4.475099164926932,1714.8580000000002,8133963550.65742,1493075894362.14,,3.38165937237896,10.3219416666667,72.1049083333333,0.1431517202539037,,116.2,2986.597,0,0,0,0,0,0,0,1,7.447668526041139,5.9511632503344565,1.7002103878539598,22.819314163435102,28.031859466658556,,4.763881877142913,8.00222466433192,0.13378911463351817
774,2020,9,Russian Federation,Thailand,RUS,THA,Thailand,THA,export,201.179,222.07,0.9059260593506552,-14.147999999999996,500461898480.246,1493075894362.14,-0.845937147357064,3.38165937237896,31.2936732130832,72.1049083333333,0.4340019831717404,93.57,116.2,7067.929,0,0,0,0,0,0,0,0,5.309153443626035,5.40748562354869,0.6449680108544684,26.93879730589329,28.031859466658556,4.549340301027421,4.763881877142913,8.863464262267069,0.3604691251414237
776,2020,9,Russian Federation,United Arab Emirates,RUS,ARE,United Arab Emirates,ARE,export,1787.1999999999998,696.2180000000001,2.567012056568488,-21044.036,349473015330.157,1493075894362.14,-2.0794031794094,3.38165937237896,3.6725,72.1049083333333,0.0509327323879592,101.41,116.2,3739.195,0,0,0,0,0,0,0,0,7.488964806301218,6.5470981308685365,1.2717282864014565,26.579692186286568,28.031859466658556,4.628984364087346,4.763881877142913,8.226893028086819,0.04967808640974092
777,2020,9,Russian Federation,TÃ¼rkiye,RUS,TUR,TÃ¼rkiye,TUR,export,59.979,69.485,0.8631934949989206,-2082.4600000000005,720338490327.248,1493075894362.14,12.2789574462574,3.38165937237896,7.00860541558522,72.1049083333333,0.0972001154648888,115.76,116.2,1757.71,0,0,0,0,0,0,0,0,4.110529542606361,4.255399921222889,0.6222919482760391,27.302987063938062,28.031859466658556,4.760120545985914,4.763881877142913,7.472335864744235,0.09276158531725956
778,2020,9,Russian Federation,Turkmenistan,RUS,TKM,Turkmenistan,TKM,export,777.489,259.232,2.999201487470683,777.489,45818000000.0,1493075894362.14,,3.38165937237896,,72.1049083333333,,,116.2,2510.13,0,0,0,0,0,0,0,1,6.657354861437554,5.5615735408379905,1.3860947130592136,24.547942863979394,28.031859466658556,,4.763881877142913,7.82848813001976,
779,2020,9,Russian Federation,Ukraine,RUS,UKR,Ukraine,UKR,export,23849.067,4344.776,5.4891361487911,22754.48,156617722013.342,1493075894362.14,2.73249209419427,3.38165937237896,26.9575243833333,72.1049083333333,0.3738653166121721,109.44,116.2,763.4056,1,0,1,0,0,0,0,0,10.07954230553686,8.376959617840567,1.8701294168938962,25.777073781496988,28.031859466658556,4.704472387061954,4.763881877142913,6.639098538346609,0.31762816615147954
780,2020,9,Russian Federation,North Macedonia,RUS,MKD,North Macedonia,MKD,export,0.159,0.1,1.59,-145.678,12361036913.8409,1493075894362.14,1.20007348888486,3.38165937237896,54.144325,72.1049083333333,0.7509103922536946,103.24,116.2,1927.484,0,0,0,0,0,0,0,0,0.1475575643576147,0.09531017980432493,0.9516578757114463,23.237815178243633,28.031859466658556,4.6466959328165895,4.763881877142913,7.564489481010288,0.5601358768107222
781,2020,9,Russian Federation,United Kingdom,RUS,GBR,United Kingdom,GBR,export,439.823,493.896,0.8905174368693004,-9482.848999999998,2696778386607.65,1493075894362.14,0.989486703772449,3.38165937237896,0.779999576697153,72.1049083333333,0.0108175656099762,105.89,116.2,2510.88,0,0,1,1,0,0,0,0,6.088643434335927,6.20434763948428,0.6368505677230304,28.62307898637577,28.031859466658556,4.671800268285854,4.763881877142913,7.828786755746396,0.010759474309257744
782,2020,9,Russian Federation,USA,RUS,USA,USA,USA,export,1393.793,184.629,7.549155333127514,367.8249999999998,21354105000000.0,1493075894362.14,1.23358439630629,3.38165937237896,1.0,72.1049083333333,0.0138686813854211,92.98,116.2,7517.972,0,0,1,1,0,0,0,0,7.240501296148238,5.22375005814634,2.145832486621398,30.692265108784166,28.031859466658556,4.54308199367467,4.763881877142913,8.925184705471638,0.013773391245365306
783,2020,9,Russian Federation,Uzbekistan,RUS,UZB,Uzbekistan,UZB,export,2617.335,918.037,2.851012540888875,637.7199999999998,66443265418.3086,1493075894362.14,12.8677297362607,3.38165937237896,10054.2613341653,72.1049083333333,139.4393470092982,137.99,116.2,2789.856,0,0,0,0,0,0,0,1,7.870293898558646,6.8233263826986565,1.3483361113553518,24.919614268877933,28.031859466658556,4.934401988096667,4.763881877142913,7.93410363779468,4.944775701683172
784,2020,9,Russian Federation,Yemen,RUS,YEM,Yemen,YEM,export,153.40800000000002,224.59,0.6830580168306692,153.40800000000002,,1493075894362.14,,3.38165937237896,743.005964356532,72.1049083333333,10.304512987128348,,116.2,4525.518,0,0,0,0,0,0,0,0,5.039598449719907,5.418719192400332,0.5206123868846679,,28.031859466658556,,4.763881877142913,8.417708269489937,2.4252020253794626
785,2020,9,Rwanda,Russian Federation,RWA,RUS,Rwanda,RWA,import,3801.343,1396.851,2.7213661299594585,,10174386854.812,1493075894362.14,9.85039902274208,3.38165937237896,943.278048166667,72.1049083333333,13.082022707885477,156.05,116.2,6457.65,0,0,0,0,0,0,0,0,8.243372734655145,7.242691336283858,1.314090840105645,23.043139306588316,28.031859466658556,5.056564225984656,4.763881877142913,8.77317559660946,2.6448989986425433
786,2020,9,Saudi Arabia,Russian Federation,SAU,RUS,Saudi Arabia,SAU,import,1.36,0.218,6.238532110091744,,767951200000.0,1493075894362.14,3.4454670643357,3.38165937237896,3.75,72.1049083333333,0.0520075551953294,104.26,116.2,3539.516,0,0,0,0,0,0,0,0,0.8586616190375188,0.19721016928770527,1.9794184386167306,27.36699202640986,28.031859466658556,4.656433479925633,4.763881877142913,8.172027758217332,0.05070029603433921
787,2020,9,Serbia,Russian Federation,SRB,RUS,Serbia,SRB,import,85.853,13.973,6.14420668431976,,55874017668.998,1493075894362.14,1.57553290083412,3.38165937237896,103.163291666667,72.1049083333333,1.4307388227962805,113.49,116.2,,,,0,0,0,0,0,0,4.464217034404877,2.706248579155582,1.9663017743314777,24.74636530887545,28.031859466658556,4.740487482935721,4.763881877142913,,0.8881952534439589
789,2020,9,India,Russian Federation,IND,RUS,India,IND,import,103439.428,49421.497,2.09300475054408,,2674851578587.27,1493075894362.14,6.62343677628536,3.38165937237896,74.0995668836052,72.1049083333333,1.0276632839064272,100.47,116.2,4341.881,0,0,0,0,0,0,1,0,11.546751151101525,10.808161004368992,1.1291430296034923,28.614915010097288,28.031859466658556,4.6197631882909915,4.763881877142913,8.376293231744963,0.7068840383671241
790,2020,9,Singapore,Russian Federation,SGP,RUS,Singapore,SGP,import,70.294,4.491,15.65219327543977,,349165858544.568,1493075894362.14,-0.172111865925357,3.38165937237896,1.37974166666667,72.1049083333333,0.01913519756919,129.85,116.2,8431.775,0,0,1,0,0,0,0,0,4.266812172406666,1.7031103882967356,2.812541936005689,26.57881288564395,28.031859466658556,4.874051628976154,4.763881877142913,9.039881178322222,0.018954422151479605
791,2020,9,Slovakia,Russian Federation,SVK,RUS,Slovakia,SVK,import,1.21,0.137,8.832116788321168,,107732602896.441,1493075894362.14,1.93694126694221,3.38165937237896,0.875506396987998,72.1049083333333,0.0121421192707246,86.46,116.2,1632.621,0,0,1,1,1,0,0,0,0.7929925155296614,0.128393214768399,2.285654250582239,25.402918094866127,28.031859466658556,4.471181545984774,4.763881877142913,7.39855430237185,0.012068995067314759
792,2020,9,Viet Nam,Russian Federation,VNM,RUS,Viet Nam,VNM,import,148453.464,103333.773,1.4366403131336354,,346615738537.796,1493075894362.14,3.22093436652516,3.38165937237896,23208.3683333333,72.1049083333333,321.8694658904979,150.99,116.2,6737.911,0,0,0,0,0,0,0,0,11.908033550470677,11.54572921995423,0.8906201696316577,26.57148262156051,28.031859466658556,5.02381472920837,4.763881877142913,8.815653618151782,5.777248111169995
793,2020,9,Slovenia,Russian Federation,SVN,RUS,Slovenia,SVN,import,12.981,1.642,7.905602923264311,,53384760135.1581,1493075894362.14,-0.0548568157606016,3.38165937237896,0.875506396987998,72.1049083333333,0.0121421192707246,121.11,116.2,1937.979,0,0,1,1,1,0,0,0,2.6376992650056876,0.9715362061001336,2.1866806205995055,24.70079115147223,28.031859466658556,4.8049222778449305,4.763881877142913,7.569916824859094,0.012068995067314759
794,2020,9,South Africa,Russian Federation,ZAF,RUS,South Africa,ZAF,import,120.095,12.567,9.556377814912071,,337974655408.055,1493075894362.14,3.23238831615119,3.38165937237896,16.4591053903333,72.1049083333333,0.2282660885476008,87.58,116.2,10147.89,0,0,0,0,0,0,1,0,4.796575361515089,2.6076403735031715,2.356730209485238,26.546236745621112,28.031859466658556,4.483906098495052,4.763881877142913,9.225119618883824,0.20560349073727544
795,2020,9,Zimbabwe,Russian Federation,ZWE,RUS,Zimbabwe,ZWE,import,2798.4,1539.6129999999998,1.8175996175662328,,26868564055.12,1493075894362.14,557.201817362051,3.38165937237896,51.3290131226287,72.1049083333333,0.7118657288258401,75.08,116.2,8213.716,0,0,0,0,0,0,0,0,7.9371603874865455,7.339935668154067,1.0358853230294691,24.014222817733465,28.031859466658556,4.331785418237135,4.763881877142913,9.013682458966903,0.5375838452196434
796,2020,9,Spain,Russian Federation,ESP,RUS,Spain,ESP,import,7784.009,2234.896,3.482940145760698,,1289783836971.21,1493075894362.14,-0.322753017299685,3.38165937237896,0.875506396987998,72.1049083333333,0.0121421192707246,97.06,116.2,3449.3,0,0,1,1,1,0,0,0,8.959955240336795,7.712397321565383,1.5002791137035558,27.885495752022408,28.031859466658556,4.585579536223087,4.763881877142913,8.146216462766645,0.012068995067314759
797,2020,9,Sweden,Russian Federation,SWE,RUS,Sweden,SWE,import,1597.966,270.266,5.912567618568373,,545147614972.141,1493075894362.14,0.497367318853587,3.38165937237896,9.21030902842085,72.1049083333333,0.1277348413764368,107.91,116.2,1232.383,0,0,1,1,1,0,0,0,7.377112449318331,5.603099889290169,1.933341148871983,27.024322448097287,28.031859466658556,4.690521853087595,4.763881877142913,7.117516079423651,0.12021105574091379
798,2020,9,Switzerland,Russian Federation,CHE,RUS,Switzerland,CHE,import,32255.701,1756.273,18.36599492220173,,741999406005.627,1493075894362.14,-0.725874933313387,3.38165937237896,0.938965,72.1049083333333,0.013022206417062,111.94,116.2,2296.397,0,0,1,0,0,0,0,0,10.381481083585768,7.471518454603166,2.9635186889875973,27.332614279583318,28.031859466658556,4.726856704244691,4.763881877142913,7.739532021886476,0.012938146464638364
799,2020,9,Thailand,Russian Federation,THA,RUS,Thailand,THA,import,215.327,37.391000000000005,5.7587922227273936,,500461898480.246,1493075894362.14,-0.845937147357064,3.38165937237896,31.2936732130832,72.1049083333333,0.4340019831717404,93.57,116.2,7067.929,0,0,0,0,0,0,0,0,5.376791151798499,3.647823057123569,1.910844208815318,26.93879730589329,28.031859466658556,4.549340301027421,4.763881877142913,8.863464262267069,0.3604691251414237
800,2020,9,United Arab Emirates,Russian Federation,ARE,RUS,United Arab Emirates,ARE,import,22831.236,4596.847000000001,4.966716534180928,,349473015330.157,1493075894362.14,-2.0794031794094,3.38165937237896,3.6725,72.1049083333333,0.0509327323879592,101.41,116.2,3739.195,0,0,0,0,0,0,0,0,10.035928676033205,8.433343429432387,1.7861967818276288,26.579692186286568,28.031859466658556,4.628984364087346,4.763881877142913,8.226893028086819,0.04967808640974092
801,2020,9,TÃ¼rkiye,Russian Federation,TUR,RUS,TÃ¼rkiye,TUR,import,2142.4390000000003,679.5139999999999,3.1528989836854,,720338490327.248,1493075894362.14,12.2789574462574,3.38165937237896,7.00860541558522,72.1049083333333,0.0972001154648888,115.76,116.2,1757.71,0,0,0,0,0,0,0,0,7.670166827503864,6.522848394987906,1.4238066406555596,27.302987063938062,28.031859466658556,4.760120545985914,4.763881877142913,7.472335864744235,0.09276158531725956
802,2020,9,Uganda,Russian Federation,UGA,RUS,Uganda,UGA,import,8307.329,5130.018,1.619356696214321,,37600368239.8824,1493075894362.14,3.31332289544504,3.38165937237896,3718.24892270924,72.1049083333333,51.56720962074,111.32,116.2,6185.184,0,0,0,0,0,0,0,0,9.0250137845971,8.543059359023903,0.9629287518280961,24.350279680934793,28.031859466658556,4.721351940277501,4.763881877142913,8.7300736973872,3.9620925341138693
803,2020,9,Ukraine,Russian Federation,UKR,RUS,Ukraine,UKR,import,1094.587,210.329,5.20416585444708,,156617722013.342,1493075894362.14,2.73249209419427,3.38165937237896,26.9575243833333,72.1049083333333,0.3738653166121721,109.44,116.2,763.4056,1,0,1,0,0,0,0,0,6.99904557167413,5.35341616082703,1.8252209784268305,25.777073781496988,28.031859466658556,4.704472387061954,4.763881877142913,6.639098538346609,0.31762816615147954
804,2020,9,North Macedonia,Russian Federation,MKD,RUS,North Macedonia,MKD,import,145.837,32.98,4.421983020012129,,12361036913.8409,1493075894362.14,1.20007348888486,3.38165937237896,54.144325,72.1049083333333,0.7509103922536946,103.24,116.2,1927.484,0,0,0,0,0,0,0,0,4.989323128019494,3.525772116243786,1.6904616193880821,23.237815178243633,28.031859466658556,4.6466959328165895,4.763881877142913,7.564489481010288,0.5601358768107222
805,2020,9,Egypt,Russian Federation,EGY,RUS,Egypt,EGY,import,703.1289999999999,366.148,1.9203409550236512,,383817841547.099,1493075894362.14,5.04493288977539,3.38165937237896,15.7591729166667,72.1049083333333,0.218558948079009,97.7,116.2,2905.404,0,0,0,0,0,0,0,0,6.5569615780082575,5.905765036517946,1.071700374882698,26.673433906016143,28.031859466658556,4.592084946439436,4.763881877142913,7.974671857179097,0.19766897049114374
806,2020,9,United Kingdom,Russian Federation,GBR,RUS,United Kingdom,GBR,import,9922.672,1384.314,7.167934442619231,,2696778386607.65,1493075894362.14,0.989486703772449,3.38165937237896,0.779999576697153,72.1049083333333,0.0108175656099762,105.89,116.2,2510.88,0,0,1,1,0,0,0,0,9.202678293076453,7.233682107726966,2.100216054706163,28.62307898637577,28.031859466658556,4.671800268285854,4.763881877142913,7.828786755746396,0.010759474309257744
807,2020,9,United Rep. of Tanzania,Russian Federation,TZA,RUS,United Rep. of Tanzania,TZA,import,6451.819,3338.518,1.9325398275522252,,66068737786.0639,1493075894362.14,3.29029062798325,3.38165937237896,2294.14615050509,72.1049083333333,31.8167820129456,143.64,116.2,6968.894,0,0,0,0,0,0,0,0,8.772272368572988,8.113581764179612,1.0758688828862506,24.913961518629296,28.031859466658556,4.974247896643866,4.763881877142913,8.849355295604493,3.4909400312796826
808,2020,9,USA,Russian Federation,USA,RUS,USA,USA,import,1025.968,121.877,8.418060831822247,,21354105000000.0,1493075894362.14,1.23358439630629,3.38165937237896,1.0,72.1049083333333,0.0138686813854211,92.98,116.2,7517.972,0,0,1,1,0,0,0,0,6.934366050728412,4.811183855038834,2.2426292109024617,30.692265108784166,28.031859466658556,4.54308199367467,4.763881877142913,8.925184705471638,0.013773391245365306
809,2020,9,Uruguay,Russian Federation,URY,RUS,Uruguay,URY,import,4.603,0.595,7.736134453781513,,53559359261.826,1493075894362.14,9.75640636078194,3.38165937237896,42.0132916666667,72.1049083333333,0.5826689560777712,92.81,116.2,13387.23,0,0,0,0,0,0,0,0,1.7233021685831473,0.4668737362368079,2.1674678096558058,24.704056394718474,28.031859466658556,4.541271460137859,4.763881877142913,9.502131241747438,0.459112634631196
810,2020,9,Uzbekistan,Russian Federation,UZB,RUS,Uzbekistan,UZB,import,1979.615,976.635,2.026975277355409,,66443265418.3086,1493075894362.14,12.8677297362607,3.38165937237896,10054.2613341653,72.1049083333333,139.4393470092982,137.99,116.2,2789.856,0,0,0,0,0,0,0,1,7.591162681521111,6.885136389740449,1.1075638626310744,24.919614268877933,28.031859466658556,4.934401988096667,4.763881877142913,7.93410363779468,4.944775701683172
811,2020,9,Zambia,Russian Federation,ZMB,RUS,Zambia,ZMB,import,134.519,35.249,3.8162501063859966,,18137764930.651,1493075894362.14,15.7330604721369,3.38165937237896,18.3440926453379,72.1049083333333,0.2544083762028393,,116.2,7975.7,0,0,0,0,0,0,0,0,4.9091118518918675,3.590411794713281,1.571995639047199,23.621262061895028,28.031859466658556,,4.763881877142913,8.98428007108057,0.22666404804933285
812,2021,9,Afghanistan,Russian Federation,AFG,RUS,Afghanistan,AFG,import,1.05,0.001,1050.0,,14259995441.0759,1829186719575.1,5.1332034082496,6.69445891957613,,73.65435,,,124.63,3367.526,0,0,0,0,0,0,0,0,0.7178397931503168,0.0009995003330834232,6.957497370876951,23.380723932302487,28.234892568467842,,4.833341079016327,8.122230538940023,
813,2021,9,Albania,Russian Federation,ALB,RUS,Albania,ALB,import,9.731,4.999,1.946589317863573,,18032009220.4405,1829186719575.1,2.04147163139547,6.69445891957613,103.52,73.65435,1.4054838580477595,130.08,124.63,2063.678,0,0,1,0,0,0,0,0,2.37313674894499,1.791592788670956,1.0806483380431058,23.615414305636808,28.234892568467842,4.8758078238306135,4.833341079016327,7.632729561033053,0.8777510716995037
814,2021,9,Angola,Russian Federation,AGO,RUS,Angola,AGO,import,0.304,0.036,8.444444444444445,,66505129987.7235,1829186719575.1,25.7542948841891,6.69445891957613,631.441955506727,73.65435,8.573043622090577,144.76,124.63,7535.854,0,0,0,0,0,0,0,0,0.26543646350446126,0.035367143837291344,2.245426679154097,24.920544924320446,28.234892568467842,4.981961433511648,4.833341079016327,8.927560132553287,2.2589511927375567
815,2021,9,Azerbaijan,Russian Federation,AZE,RUS,Azerbaijan,AZE,import,702.157,234.565,2.99344318206041,,54825411764.7059,1829186719575.1,6.65029912708779,6.69445891957613,1.7,73.65435,0.0230807820583577,158.04,124.63,1930.747,1,0,0,0,0,0,0,1,6.555580195468297,5.461986883865705,1.384653811669338,24.72741964176855,28.234892568467842,5.069155742908264,4.833341079016327,7.566180053816499,0.02281844969579814
816,2021,9,Argentina,Russian Federation,ARG,RUS,Argentina,ARG,import,3093.946,3382.347,0.9147334676187866,,486564085480.036,1829186719575.1,48.4093786255199,6.69445891957613,94.9907416666667,73.65435,1.289682709394173,93.24,124.63,13505.36,0,0,0,0,0,0,0,0,8.037525737470526,8.126620735202533,0.649578431545868,26.910634457504624,28.234892568467842,4.545844719903276,4.833341079016327,9.510915964599635,0.8284132531168321
817,2021,9,Australia,Russian Federation,AUS,RUS,Australia,AUS,import,14.096,0.5579999999999999,25.261648745519715,,1556735770437.26,1829186719575.1,2.86391042204996,6.69445891957613,1.33122425957081,73.65435,0.0180739394152661,100.66,124.63,14503.07,0,0,1,1,0,0,0,0,2.714429808066249,0.4434029474485564,3.268109652338598,28.073612290100435,28.234892568467842,4.621633912018757,4.833341079016327,9.582184578677866,0.017912547529323936
818,2021,9,Austria,Russian Federation,AUT,RUS,Austria,AUT,import,20493.244,808.266,25.35457881440021,,480467037338.783,1829186719575.1,2.7666666666667,6.69445891957613,0.84549413889045,73.65435,0.0114792152654995,116.55,124.63,1675.699,0,0,1,1,1,0,0,0,9.927899345212474,6.696127664004168,3.2716420289387256,26.898024462253947,28.234892568467842,4.766863774986079,4.833341079016327,7.42458225853397,0.011413828986957926
819,2021,9,Armenia,Russian Federation,ARM,RUS,Armenia,ARM,import,5512.282000000001,1246.361,4.422700967055293,,13878908628.9378,1829186719575.1,7.18483629443367,6.69445891957613,503.769674961652,73.65435,6.839645926705646,161.34,124.63,1803.035,0,0,0,0,0,1,0,1,8.614915369104438,7.1287853985719964,1.690594024729735,23.353636159966634,28.234892568467842,5.08969290133303,4.833341079016327,7.497781101764742,2.05919367093247
820,2021,9,Belgium,Russian Federation,BEL,RUS,Belgium,BEL,import,3795.126,377.478,10.053899829923862,,598522422241.851,1829186719575.1,2.44024851144083,6.69445891957613,0.84549413889045,73.65435,0.0114792152654995,136.8,124.63,2261.25,0,0,1,1,1,0,0,0,8.241736352013511,5.9361579470138555,2.402783291485071,27.117729825307592,28.234892568467842,4.925803358579558,4.833341079016327,7.724115172231243,0.011413828986957926
822,2021,9,Bolivia (Plurinational State of),Russian Federation,BOL,RUS,Bolivia (Plurinational State of),BOL,import,256.294,22.02,11.639146230699364,,40406111693.1983,1829186719575.1,0.737383721452307,6.69445891957613,6.91,73.65435,0.0938165906019128,114.17,124.63,12518.5,0,0,0,0,0,0,0,0,5.550219399933022,3.1363634032937364,2.536798841397835,24.422246890031282,28.234892568467842,4.746409297680816,4.833341079016327,9.435042707754386,0.08967303967243707
823,2021,9,Brazil,Russian Federation,BRA,RUS,Brazil,BRA,import,139509.872,63262.853,2.2052415498871034,,1670647398904.9,1829186719575.1,8.30165975585677,6.69445891957613,5.39440078962503,73.65435,0.07323940527104,96.91,124.63,11820.15,0,0,0,0,0,0,1,0,11.845897812690616,11.055069402371286,1.1647874541121548,28.14423233125044,28.234892568467842,4.5840486893659795,4.833341079016327,9.377645578951656,0.07068155644188621
824,2021,9,Bulgaria,Russian Federation,BGR,RUS,Bulgaria,BGR,import,173.583,18.379,9.444637901953316,,84414122840.1687,1829186719575.1,3.29774435299508,6.69445891957613,1.653775,73.65435,0.0224531884403297,116.69,124.63,1785.898,0,0,1,1,1,0,0,0,5.162400273258539,2.9641900055441126,2.3460887272896898,25.15900055679118,28.234892568467842,4.768054048889571,4.833341079016327,7.488236434627176,0.022204826410365728
825,2021,9,Myanmar,Russian Federation,MMR,RUS,Myanmar,MMR,import,26.476,5.219,5.073002490898639,,66345291160.1683,1829186719575.1,,6.69445891957613,,73.65435,,116.91,124.63,6526.041,0,0,0,0,0,0,0,0,3.313312896351635,1.8276091221217523,1.8038531270748535,24.918138625517663,28.234892568467842,4.769921621588582,4.833341079016327,8.783708980214998,
826,2021,9,Burundi,Russian Federation,BDI,RUS,Burundi,BDI,import,1523.363,402.527,3.78449892802222,,2775798697.46022,1829186719575.1,8.40453845076341,6.69445891957613,1975.95088138768,73.65435,26.827348030193463,110.89,124.63,6624.152,0,0,0,0,0,0,0,0,7.329331896860479,6.000243399969469,1.5653813021849494,21.744204361997735,28.234892568467842,4.717516245819629,4.833341079016327,8.798628593987454,3.3260192792327326
827,2021,9,Belarus,Russian Federation,BLR,RUS,Belarus,BLR,import,8397.403,3673.915,2.285682439577399,,69673747131.87,1829186719575.1,9.46028389623105,6.69445891957613,2.538675,73.65435,0.034467414348236,118.62,124.63,686.9657,1,0,0,0,0,1,0,1,9.03579684770887,8.209285282127752,1.189574374524335,24.96708942856495,28.234892568467842,4.784320051616411,4.833341079016327,6.533738982039396,0.0338867187689691
828,2021,9,Cambodia,Russian Federation,KHM,RUS,Cambodia,KHM,import,85.936,9.101,9.44247884847819,,36790163687.4421,1829186719575.1,2.92073477592951,6.69445891957613,4098.72279505888,73.65435,55.64807502963343,170.0,124.63,7534.794,0,0,0,0,0,0,0,0,4.465172215760551,2.3126344288470473,2.3458819918643448,24.32849635531773,28.234892568467842,5.14166355650266,4.833341079016327,8.927419480426103,4.036858006837252
829,2021,9,Cameroon,Russian Federation,CMR,RUS,Cameroon,CMR,import,63.429,18.75,3.38288,,45011937346.8384,1829186719575.1,2.27185762503636,6.69445891957613,554.530675033104,73.65435,7.528824503007685,112.19,124.63,6231.046,0,0,0,0,0,0,0,0,4.165563842309942,2.9831534913471307,1.4777060425540027,24.53019356593411,28.234892568467842,4.729067822644328,4.833341079016327,8.737459968781366,2.143451544622481
830,2021,9,Canada,Russian Federation,CAN,RUS,Canada,CAN,import,101.499,5.588,18.163743736578382,,2022378748423.23,1829186719575.1,3.39519318527533,6.69445891957613,1.2538769021268,73.65435,0.0170237997094102,101.06,124.63,7495.521,0,0,1,1,0,0,0,0,4.629853042433311,1.8852498123153938,2.953020146805523,28.335295532746542,28.234892568467842,4.625560875635825,4.833341079016327,8.92219432523831,0.016880518670096115
831,2021,9,Sri Lanka,Russian Federation,LKA,RUS,Sri Lanka,LKA,import,118946.963,29806.012,3.990703721115056,,88556698937.7033,1829186719575.1,7.01478071238194,6.69445891957613,198.764316844656,73.65435,2.6986093400410978,104.26,124.63,6576.936,0,0,0,0,0,0,0,0,11.686441390742102,10.302498946827741,1.6075769260957191,25.20690884979551,28.234892568467842,4.656433479925633,4.833341079016327,8.791476297300637,1.307956894956398
832,2021,9,China,Russian Federation,CHN,RUS,China,CHN,import,80860.206,29420.895,2.7483938201064246,,18201698719564.0,1829186719575.1,0.981015135544894,6.69445891957613,6.44897518024316,73.65435,0.0875572886087944,148.03,124.63,5795.045,1,0,0,0,0,0,1,0,11.300489457750865,10.289494404045717,1.3213274335911176,30.53253604189558,28.234892568467842,5.004147627960702,4.833341079016327,8.664931067385588,0.08393416177370332
833,2021,9,Colombia,Russian Federation,COL,RUS,Colombia,COL,import,14525.247,4157.534,3.493716948556525,,318524633225.395,1829186719575.1,3.49505757399449,6.69445891957613,3744.24416666667,73.65435,50.83534328477096,115.46,124.63,10979.1,0,0,0,0,0,0,0,0,9.583712430014387,8.332917887300328,1.5026801874797044,26.486965650338096,28.234892568467842,4.757547866408974,4.833341079016327,9.303839822490172,3.9480722193975164
834,2021,9,Comoros,Russian Federation,COM,RUS,Comoros,COM,import,116.25,25.0,4.65,,1299039311.76025,1829186719575.1,,6.69445891957613,415.955849148122,73.65435,5.647403705933486,,124.63,7521.362,0,0,0,0,0,0,0,0,4.764308407326388,3.258096538021482,1.7316555451583497,20.984890838041636,28.234892568467842,,4.833341079016327,8.925635463370824,1.894226358273591
835,2021,9,Congo,Russian Federation,COG,RUS,Congo,COG,import,29.789,3.72,8.007795698924731,,14825690210.9157,1829186719575.1,1.71564275451261,6.69445891957613,554.530675033104,73.65435,7.528824503007685,112.47,124.63,6985.611,0,0,0,0,0,0,0,0,3.427157483331687,1.551808799597464,2.19809039118063,23.419627338042613,28.234892568467842,4.731538484802898,4.833341079016327,8.851750882177877,2.143451544622481
837,2021,9,Costa Rica,Russian Federation,CRI,RUS,Costa Rica,CRI,import,826.0400000000001,189.891,4.3500745164331125,,64960725734.2362,1829186719575.1,1.72647755109242,6.69445891957613,620.784720014081,73.65435,8.428351075178602,127.5,124.63,10967.48,0,0,0,0,0,0,0,0,6.717853061447729,5.251702584518189,1.6771104891161719,24.897048704770004,28.234892568467842,4.855928904335275,4.833341079016327,9.302780983960698,2.2437212218836198
838,2021,9,Croatia,Russian Federation,HRV,RUS,Croatia,HRV,import,44.879,8.917,5.0329707300661655,,69006802298.6956,1829186719575.1,2.55450699642037,6.69445891957613,6.36008316666667,73.65435,0.0863504079075665,109.45,124.63,1875.36,0,0,1,1,1,0,0,0,3.8260074960340957,2.294250456203988,1.7972395478085603,24.957470920738142,28.234892568467842,4.7045629298661265,4.833341079016327,7.537089008810755,0.08282382868352417
840,2021,9,Cyprus,Russian Federation,CYP,RUS,Cyprus,CYP,import,22.569,2.287,9.868386532575428,,30372642502.4897,1829186719575.1,2.44608867175474,6.69445891957613,0.84549413889045,73.65435,0.0114792152654995,137.9,124.63,2316.67,0,0,1,0,1,0,0,0,3.1599322892342507,1.1899752946820823,2.3858582570501023,24.136808122541236,28.234892568467842,4.933754249760298,4.833341079016327,7.748317649657977,0.011413828986957926
841,2021,9,Czechia,Russian Federation,CZE,RUS,Czechia,CZE,import,193.82,16.14,12.008674101610904,,290972714482.313,1829186719575.1,3.83984491500143,6.69445891957613,21.6781666666667,73.65435,0.2943229648576995,114.81,124.63,1673.0,0,0,1,1,1,0,0,0,5.27207605534281,2.8414149131696336,2.565616373542296,26.39649533505957,28.234892568467842,4.751950917196286,4.833341079016327,7.422971251049421,0.2579877513805476
842,2021,9,Denmark,Russian Federation,DNK,RUS,Denmark,DNK,import,20.032,2.358,8.495335029686174,,408378204639.999,1829186719575.1,1.85304543989681,6.69445891957613,6.2871130825,73.65435,0.085359698137313,122.25,124.63,1566.362,0,0,1,1,1,0,0,0,3.04604508742758,1.2113455586553492,2.250800628495484,26.735459554136515,28.234892568467842,4.814214812922799,4.833341079016327,7.357149230353968,0.08191145107269955
843,2021,9,Dominican Rep.,Russian Federation,DOM,RUS,Dominican Rep.,DOM,import,331.58,38.742,8.558670177068814,,94850719516.7127,1829186719575.1,8.2430034798181,6.69445891957613,57.2211166666667,73.65435,0.7768871311289381,125.77,124.63,9365.754,0,0,0,0,0,0,0,0,5.806880432659768,3.6824085629836243,2.257448614570546,25.275570119146977,28.234892568467842,4.842374420950636,4.833341079016327,9.144921890453677,0.5748630306268008
844,2021,9,Ecuador,Russian Federation,ECU,RUS,Ecuador,ECU,import,22.884,18.401,1.2436280636921906,,107179074000.0,1829186719575.1,0.133251386096379,6.69445891957613,1.0,73.65435,0.0135769306225633,106.36,124.63,11640.42,0,0,0,0,0,0,0,0,3.173208778684746,2.9653246111325653,0.8080942269051544,25.397766861313542,28.234892568467842,4.676187673223372,4.833341079016327,9.36232470697202,0.013485589922218814
845,2021,9,El Salvador,Russian Federation,SLV,RUS,El Salvador,SLV,import,309.983,61.121,5.071628409221053,,29043140000.0,1829186719575.1,3.46692585313084,6.69445891957613,1.0,73.65435,0.0135769306225633,100.81,124.63,10866.28,0,0,0,0,0,0,0,0,5.739738248305771,4.129084096025998,1.8036268407933271,24.09204814781393,28.234892568467842,4.623108331119105,4.833341079016327,9.293511718811708,0.013485589922218814
846,2021,9,Ethiopia,Russian Federation,ETH,RUS,Ethiopia,ETH,import,19434.585,5591.499,3.475737901410695,,111261888668.864,1829186719575.1,26.8395221557722,6.69445891957613,43.73377831884,73.65435,0.5937704740974566,,124.63,5198.625,0,0,0,0,0,0,0,0,9.874860943167766,8.62918151455336,1.4986712323032572,25.43515261673138,28.234892568467842,,4.833341079016327,8.556341786584463,0.4661025763346055
847,2021,9,Estonia,Russian Federation,EST,RUS,Estonia,EST,import,1001.876,46.94,21.34375798892203,,37204563051.4723,1829186719575.1,4.65316673847475,6.69445891957613,0.84549413889045,73.65435,0.0114792152654995,133.16,124.63,871.7853,1,0,1,1,1,0,0,0,6.9106271512065645,3.869950229006238,3.106546997440378,24.339697253403926,28.234892568467842,4.8990331175149535,4.833341079016327,6.771689592030556,0.011413828986957926
848,2021,9,Finland,Russian Federation,FIN,RUS,Finland,FIN,import,10710.512,975.948,10.974469951267896,,294223210496.119,1829186719575.1,2.19457432340004,6.69445891957613,0.84549413889045,73.65435,0.0114792152654995,115.34,124.63,892.6777,1,0,1,1,1,0,0,0,9.279074329947923,6.884433426470749,2.4827768793752076,26.40760453560181,28.234892568467842,4.756516938482616,4.833341079016327,6.795345195631136,0.011413828986957926
849,2021,9,France,Russian Federation,FRA,RUS,France,FRA,import,4005.452,493.188,8.12155202478568,,2966433692008.09,1829186719575.1,1.64233141038393,6.69445891957613,0.84549413889045,73.65435,0.0114792152654995,97.56,124.63,2494.316,0,0,1,1,1,0,0,0,8.295661340614721,6.2029160115923645,2.2106399677639046,28.718381570131378,28.234892568467842,4.59066549978521,4.833341079016327,7.822170653472379,0.011413828986957926
850,2021,9,Georgia,Russian Federation,GEO,RUS,Georgia,GEO,import,4627.285,1918.0,2.4125573514077163,,18853115588.8106,1829186719575.1,9.56691433824769,6.69445891957613,3.22155833333333,73.65435,0.0437388739882074,119.04,124.63,1644.856,1,0,0,0,0,0,0,0,8.439941668094244,7.5595594960077,1.2274619666431779,23.659944020461733,28.234892568467842,4.787825020572167,4.833341079016327,7.406015892598331,0.04280933747409684
851,2021,9,Germany,Russian Federation,DEU,RUS,Germany,DEU,import,50772.097,6917.041,7.340146892291083,,4348297440387.53,1829186719575.1,3.0666666666667,6.69445891957613,0.84549413889045,73.65435,0.0114792152654995,97.09,124.63,2065.183,0,0,1,1,1,0,0,0,10.83512190667188,8.841887916047924,2.121080829200091,29.100805491400774,28.234892568467842,4.585885424576224,4.833341079016327,7.633458222717186,0.011413828986957926
852,2021,9,Greece,Russian Federation,GRC,RUS,Greece,GRC,import,203.236,22.973,8.846733121490445,,218303801895.326,1829186719575.1,1.22382501019854,6.69445891957613,0.84549413889045,73.65435,0.0114792152654995,118.34,124.63,2233.583,0,0,1,1,1,0,0,0,5.31927618793925,3.1769281970604353,2.2871397373788813,26.10915351627519,28.234892568467842,4.781976562093936,4.833341079016327,7.711809912458774,0.011413828986957926
853,2021,9,Grenada,Russian Federation,GRD,RUS,Grenada,GRD,import,10.248,0.443,23.13318284424379,,1122800000.0,1829186719575.1,1.21951193916835,6.69445891957613,2.7,73.65435,0.036657712680921,,124.63,9489.634,0,0,0,0,0,0,0,0,2.420190335068309,0.3667242797917339,3.1835877749683643,20.839091403342632,28.234892568467842,,4.833341079016327,9.15806069653791,0.0360018002004464
854,2021,9,Guatemala,Russian Federation,GTM,RUS,Guatemala,GTM,import,34650.941999999995,1676.973,20.662790635269616,,86455519686.8841,1829186719575.1,4.26105127422814,6.69445891957613,7.73438833333333,73.65435,0.1050092538096301,121.56,124.63,10835.78,0,0,0,0,0,0,0,0,10.453109049223567,7.425341796313668,3.0755960714673436,25.182895895364666,28.234892568467842,4.808600705992281,4.833341079016327,9.29070118289567,0.09985370942300335
855,2021,9,Honduras,Russian Federation,HND,RUS,Honduras,HND,import,12623.397,4467.972000000001,2.8253079920823136,,28144331506.6149,1829186719575.1,4.48087963413447,6.69445891957613,24.0166553242681,73.65435,0.3260724631236051,117.14,124.63,10729.13,0,0,0,0,0,0,0,0,9.443386490626665,8.404913683530069,1.3416389848427068,24.060611803852304,28.234892568467842,4.771870361879089,4.833341079016327,9.28081095111519,0.28222153817671625
856,2021,9,"China, Hong Kong SAR",Russian Federation,HKG,RUS,"China, Hong Kong SAR",HKG,import,6.649,0.432,15.391203703703704,,368954169748.818,1829186719575.1,1.56875834445923,6.69445891957613,7.77325,73.65435,0.1055368759618406,101.03,124.63,7145.355,0,0,0,0,0,0,0,0,2.034574920339729,0.3590720685384538,2.7967448314076635,26.633938272053324,28.234892568467842,4.625266887687213,4.833341079016327,8.874357715491055,0.1003310775766231
857,2021,9,Hungary,Russian Federation,HUN,RUS,Hungary,HUN,import,7.365,1.02,7.220588235294118,,183282685440.486,1829186719575.1,5.1109653438286,6.69445891957613,303.140833333333,73.65435,4.115722063032706,119.19,124.63,1574.19,0,0,1,0,1,0,0,0,2.1240563344387873,0.7030975114131134,2.1066417679789926,25.9342955271094,28.234892568467842,4.7890738239646975,4.833341079016327,7.362131178904561,1.6323185552339323
859,2021,9,Indonesia,Russian Federation,IDN,RUS,Indonesia,IDN,import,36834.824,21029.747,1.7515581143225356,,1186509691086.73,1829186719575.1,1.56007882983335,6.69445891957613,14308.1439011897,73.65435,194.2606770841057,113.94,124.63,9302.706,0,0,0,0,0,0,0,0,10.514226128895213,9.953740788750636,1.0121673382550302,27.802037080583,28.234892568467842,4.744410253079596,4.833341079016327,9.138168094387108,5.2743354713942265
860,2021,9,Iran,Russian Federation,IRN,RUS,Iran,IRN,import,3138.635,3392.251,0.9252366643859784,,383436202446.695,1829186719575.1,43.3890162681515,6.69445891957613,42000.0,73.65435,570.2310861476614,,124.63,2466.589,0,0,0,0,0,0,0,0,8.051861830107454,8.12954373788075,0.6550489027211036,26.672439087846424,28.234892568467842,,4.833341079016327,7.810996839552813,6.347793832071941
861,2021,9,Ireland,Russian Federation,IRL,RUS,Ireland,IRL,import,13.965,1.1,12.695454545454549,,531306516907.984,1829186719575.1,2.34034113447046,6.69445891957613,0.84549413889045,73.65435,0.0114792152654995,170.81,124.63,2802.315,0,0,1,1,1,0,0,0,2.705714141304662,0.7419373447293773,2.6170639927779398,26.99860493629643,28.234892568467842,5.146389215073875,4.833341079016327,7.938557924443968,0.011413828986957926
862,2021,9,Israel,Russian Federation,ISR,RUS,Israel,ISR,import,466.104,70.952,6.56928627804713,,489851549972.347,1829186719575.1,1.47965474722565,6.69445891957613,3.23019832251082,73.65435,0.0438561785218499,114.84,124.63,2643.989,0,0,0,0,0,0,0,0,6.146551930948167,4.275999230028352,2.0240987800516175,26.917368222911595,28.234892568467842,4.752209928637407,4.833341079016327,7.880422185493582,0.042921719934119314
863,2021,9,Italy,Russian Federation,ITA,RUS,Italy,ITA,import,100593.099,16711.782,6.019292197564569,,2179207773596.09,1829186719575.1,1.87378325762482,6.69445891957613,0.84549413889045,73.65435,0.0114792152654995,105.71,124.63,2383.171,0,0,1,1,1,0,0,0,11.518848876875635,9.723929094865447,1.948662386396627,28.409982520074525,28.234892568467842,4.6701148746284735,4.833341079016327,7.776606753800817,0.011413828986957926
864,2021,9,CÃ´te d'Ivoire,Russian Federation,CIV,RUS,CÃ´te d'Ivoire,CIV,import,0.023,0.012,1.9166666666666663,,72794636649.4342,1829186719575.1,4.09195189692865,6.69445891957613,554.530675033104,73.65435,7.528824503007685,190.77,124.63,6715.534,0,0,0,0,0,0,0,0,0.02273948696948934,0.011928570865273812,1.0704414117014132,25.010908117050963,28.234892568467842,5.256296737285425,4.833341079016327,8.812327526650607,2.143451544622481
865,2021,9,Jamaica,Russian Federation,JAM,RUS,Jamaica,JAM,import,19.291,0.649,29.724191063174118,,14657586159.4316,1829186719575.1,5.86278242801063,6.69445891957613,150.790105943026,73.65435,2.047266806957444,114.96,124.63,9806.688,0,0,0,0,0,0,0,0,3.010177437985487,0.5001690435774618,3.4250503268117396,23.408223865034156,28.234892568467842,4.753245304053455,4.833341079016327,9.190921846903299,1.1142450599893967
866,2021,9,Japan,Russian Federation,JPN,RUS,Japan,JPN,import,3251.441,230.868,14.083549907306338,,5039148168861.22,1829186719575.1,-0.23335277939831,6.69445891957613,109.754323839417,73.65435,1.4901268402941172,95.36,124.63,7486.303,0,0,1,1,0,0,0,0,8.08716107032974,5.446168244226767,2.713604739870191,29.24825816961269,28.234892568467842,4.568091177746671,4.833341079016327,8.920963931560047,0.9123336490563801
867,2021,9,Kazakhstan,Russian Federation,KAZ,RUS,Kazakhstan,KAZ,import,17784.345999999998,4009.161,4.435927117918188,,197112255360.612,1829186719575.1,8.04147134028391,6.69445891957613,425.9075,73.65435,5.782516579129408,146.98,124.63,3104.607,1,1,0,0,0,1,0,1,9.786130138789888,8.296586669120575,1.6930300888992003,26.007039227566874,28.234892568467842,4.997077129497405,4.833341079016327,8.040964466404994,1.9143482099459581
868,2021,9,Jordan,Russian Federation,JOR,RUS,Jordan,JOR,import,1.562,0.496,3.149193548387097,,46296100140.8451,1829186719575.1,1.34609377243117,6.69445891957613,0.71,73.65435,0.0096396207420199,72.64,124.63,2652.505,0,0,0,0,0,0,0,0,0.9407882034745426,0.4027948795522855,1.4229139896690675,24.558323564293307,28.234892568467842,4.299188356364877,4.833341079016327,7.883636686569925,0.009593456034409626
869,2021,9,Kenya,Russian Federation,KEN,RUS,Kenya,KEN,import,51058.666,25471.368,2.0045513849118746,,109703658904.994,1829186719575.1,6.10793603659178,6.69445891957613,109.637746592367,73.65435,1.48854407909875,118.07,124.63,6348.253,0,0,0,0,0,0,0,0,10.840750149450148,10.14534953577593,1.10012826729558,25.421048557417897,28.234892568467842,4.779711555463083,4.833341079016327,8.756092447171593,0.9116978322794477
870,2021,9,Rep. of Korea,Russian Federation,KOR,RUS,Rep. of Korea,KOR,import,265.519,82.352,3.224196133670099,,1818432106880.04,1829186719575.1,2.4983333333334,6.69445891957613,1143.95166666667,73.65435,15.531352413899112,,124.63,6614.064,0,0,1,0,0,0,0,0,5.585445535623663,4.4230726041098825,1.4408289784865094,28.22899576599464,28.234892568467842,,4.833341079016327,8.797104751483356,2.8052587242090836
871,2021,9,Kyrgyzstan,Russian Federation,KGZ,RUS,Kyrgyzstan,KGZ,import,36.333,17.13,2.121015761821366,,9249133946.26531,1829186719575.1,11.9050398185146,6.69445891957613,84.6408220065285,73.65435,1.149162568219372,130.5,124.63,2985.871,0,1,0,0,0,1,0,1,3.6198776540156965,2.8975680247667595,1.1381585135230434,22.947795756764766,28.234892568467842,4.879006851617819,4.833341079016327,8.001981630139227,0.7650782631097343
872,2021,9,Lebanon,Russian Federation,LBN,RUS,Lebanon,LBN,import,9.056,1.664,5.4423076923076925,,23131941556.7843,1829186719575.1,154.756096023393,6.69445891957613,1507.5,73.65435,20.467222913514277,,124.63,2441.484,0,0,0,0,0,0,0,0,2.3081694712879464,0.9798287526781426,1.8628868132436391,23.86448025077301,28.234892568467842,,4.833341079016327,7.80077083323018,3.066527256226715
873,2021,9,Latvia,Russian Federation,LVA,RUS,Latvia,LVA,import,4245.715999999999,325.198,13.055787550968947,,38183326784.9335,1829186719575.1,3.27582937431156,6.69445891957613,0.84549413889045,73.65435,0.0114792152654995,127.55,124.63,847.8519,1,0,1,1,1,0,0,0,8.353901257345042,5.787504558960269,2.6430342362976735,24.365664785705075,28.234892568467842,4.856317933711899,4.833341079016327,6.743884730576574,0.011413828986957926
874,2021,9,Lithuania,Russian Federation,LTU,RUS,Lithuania,LTU,import,8806.062,380.024,23.172383849441086,,67037321008.9679,1829186719575.1,4.68354420903455,6.69445891957613,0.84549413889045,73.65435,0.0114792152654995,146.41,124.63,794.0689,1,0,1,1,1,0,0,0,9.083309178635341,5.942862365268764,3.1852108182938417,24.928515331253276,28.234892568467842,4.993217820059186,4.833341079016327,6.67842877756566,0.011413828986957926
875,2021,9,Luxembourg,Russian Federation,LUX,RUS,Luxembourg,LUX,import,0.035,0.001,35.0,,86386759695.1653,1829186719575.1,2.52692009066169,6.69445891957613,0.84549413889045,73.65435,0.0114792152654995,112.17,124.63,2214.132,0,0,1,1,1,0,0,0,0.03440142671733232,0.0009995003330834232,3.58351893845611,25.182100256755973,28.234892568467842,4.72889111297785,4.833341079016327,7.703067274383062,0.011413828986957926
876,2021,9,Madagascar,Russian Federation,MDG,RUS,Madagascar,MDG,import,832.601,147.955,5.627393464228988,,14354731964.331,1829186719575.1,5.81225118787713,6.69445891957613,3829.97784932976,73.65435,51.9993435463046,,124.63,8356.116,0,0,0,0,0,0,0,0,6.725754870614506,5.0036442469074025,1.8912115842467105,23.38734547847685,28.234892568467842,,4.833341079016327,9.030868670484256,3.9702795275566345
877,2021,9,Malawi,Russian Federation,MWI,RUS,Malawi,MWI,import,464.818,262.94,1.767772115311478,,12378129750.9872,1829186719575.1,9.33014410835212,6.69445891957613,805.899650132837,73.65435,10.941643638601615,128.79,124.63,7767.932,0,0,0,0,0,0,0,0,6.143794999898116,5.575721804588683,1.0180427060828385,23.239197022676503,28.234892568467842,4.865917759699667,4.833341079016327,8.957887982176885,2.4800317566647787
878,2021,9,Malaysia,Russian Federation,MYS,RUS,Malaysia,MYS,import,47.054,1.005,46.81990049751244,,373784823672.946,1829186719575.1,2.47710241465446,6.69445891957613,4.14329759817721,73.65435,0.0562532640390854,128.06,124.63,8130.454,0,0,0,0,0,0,0,0,3.8723253785696,0.6956440607585325,3.8674418812566302,26.64694613102046,28.234892568467842,4.860277412507694,4.833341079016327,9.00349503033965,0.05472798989899054
879,2021,9,Mexico,Russian Federation,MEX,RUS,Mexico,MEX,import,4704.622,1151.714,4.084887393918977,,1316569466735.28,1829186719575.1,5.68920847683757,6.69445891957613,20.2724083333333,73.65435,0.2752370814939416,104.68,124.63,10736.3,0,0,0,0,0,0,0,0,8.456513243069319,7.0498744409309735,1.626272884499961,27.9060505807165,28.234892568467842,4.66041566021407,4.833341079016327,9.281478939809377,0.24313210759428272
881,2021,9,Mongolia,Russian Federation,MNG,RUS,Mongolia,MNG,import,2.28,1.5,1.5199999999999998,,15286441737.6686,1829186719575.1,7.35894657888157,6.69445891957613,2849.2886145414,73.65435,38.68459384328828,137.12,124.63,4632.875,1,0,0,0,0,0,0,0,1.1878434223960523,0.9162907318741551,0.9242589015233318,23.45023211160081,28.234892568467842,4.928122872521792,4.833341079016327,8.441148730092465,3.6809630479758706
882,2021,9,Rep. of Moldova,Russian Federation,MDA,RUS,Rep. of Moldova,MDA,import,7.709,0.742,10.389487870619943,,13691869264.0794,1829186719575.1,5.10641129002836,6.69445891957613,17.6804661418331,73.65435,0.2400464621822486,117.02,124.63,1150.314,0,0,0,0,0,0,0,1,2.1643569737106025,0.555033878430311,2.4326908133771017,23.340068009298196,28.234892568467842,4.7708541016290225,4.833341079016327,7.0486591777724525,0.21514884841679469
883,2021,9,Morocco,Russian Federation,MAR,RUS,Morocco,MAR,import,69.041,3.578,19.29597540525433,,142022058447.231,1829186719575.1,1.40195883962015,6.69445891957613,8.98848402414138,73.65435,0.1220360239977867,113.17,124.63,4156.454,0,0,0,0,0,0,0,0,4.24908078487141,1.5212622215303748,3.0104226104936416,25.679248223668203,28.234892568467842,4.737688565688236,4.833341079016327,8.33265814666432,0.11514491353498649
884,2021,9,Mozambique,Russian Federation,MOZ,RUS,Mozambique,MOZ,import,158.36,73.592,2.1518643330796823,,16168055475.4449,1829186719575.1,6.40847652975689,6.69445891957613,65.465,73.65435,0.8888137632061108,,124.63,9107.99,0,0,0,0,0,0,0,0,5.071165793836288,4.312033262853347,1.1479941295336855,23.50630324829153,28.234892568467842,,4.833341079016327,9.11701711692886,0.6359489935087588
885,2021,9,Oman,Russian Federation,OMN,RUS,Oman,OMN,import,0.075,0.033,2.272727272727273,,87323797139.1417,1829186719575.1,1.68221185876079,6.69445891957613,0.3845,73.65435,0.0052203298243756,104.16,124.63,3965.798,0,0,0,0,0,0,0,0,0.07232066157962608,0.03246719013750141,1.1856236656577395,25.19288885302559,28.234892568467842,4.655482999861681,4.833341079016327,8.28571449912711,0.005206751138948001
886,2021,9,Nepal,Russian Federation,NPL,RUS,Nepal,NPL,import,735.664,199.75,3.68292365456821,,36924841394.2605,1829186719575.1,4.14968003360264,6.69445891957613,118.134081604947,73.65435,1.6038982301106046,131.84,124.63,4889.868,0,0,0,0,0,0,0,0,6.602131885927634,5.302060352826871,1.543922627392497,24.332150370033315,28.234892568467842,4.889145396508546,4.833341079016327,8.495125071829223,0.9570096414438113
887,2021,9,Netherlands,Russian Federation,NLD,RUS,Netherlands,NLD,import,29670.632,5501.598,5.393093424855833,,1054472123449.6,1829186719575.1,2.67572008805385,6.69445891957613,0.84549413889045,73.65435,0.0114792152654995,113.64,124.63,2155.229,0,0,1,1,1,0,0,0,10.297946716827756,8.612975623328344,1.8552182552951797,27.68406140071742,28.234892568467842,4.741796783519916,4.833341079016327,7.67611614160181,0.011413828986957926
888,2021,9,Nicaragua,Russian Federation,NIC,RUS,Nicaragua,NIC,import,4256.813,1263.72,3.368477985629728,,14209020361.8508,1829186719575.1,4.92841396948965,6.69445891957613,35.1710166666667,73.65435,0.4775144532083537,122.44,124.63,10876.95,0,0,0,0,0,0,0,0,8.35651092715695,7.142606032787932,1.4744146614002285,23.3771428366966,28.234892568467842,4.815755208054905,4.833341079016327,9.294493083539175,0.3903612524555863
889,2021,9,Nigeria,Russian Federation,NGA,RUS,Nigeria,NGA,import,882.144,339.369,2.5993652926460578,,440833635873.827,1829186719575.1,16.9528457221608,6.69445891957613,401.152029220779,73.65435,5.446413269831029,98.18,124.63,6263.33,0,0,0,0,0,0,0,0,6.783488267715497,5.830030323221957,1.2807575223197354,26.811933398305023,28.234892568467842,4.596936381060988,4.833341079016327,8.74262691827533,1.8635238939398941
890,2021,9,Norway,Russian Federation,NOR,RUS,Norway,NOR,import,1.569,0.045,34.86666666666667,,503367986030.268,1829186719575.1,3.48388055266683,6.69445891957613,8.59,73.65435,0.1166258340478193,99.8,124.63,1649.799,1,0,1,1,0,0,0,0,0.9435167181277465,0.04401688541677426,3.5798083590595744,26.944587322137203,28.234892568467842,4.613138355637268,4.833341079016327,7.4090146921113424,0.11031148997595273
891,2021,9,Panama,Russian Federation,PAN,RUS,Panama,PAN,import,226.804,11.497,19.727233191267285,,67396392500.0,1829186719575.1,1.63070337301895,6.69445891957613,1.0,73.65435,0.0135769306225633,92.22,124.63,10819.55,0,0,0,0,0,0,0,0,5.428485610121431,2.5254886155036465,3.031448448715392,24.933857329708193,28.234892568467842,4.534962290944595,4.833341079016327,9.289202382901557,0.013485589922218814
892,2021,9,Papua New Guinea,Russian Federation,PNG,RUS,Papua New Guinea,PNG,import,3072.614,1039.416,2.9560965003425004,,26109413521.3117,1829186719575.1,4.48359014042398,6.69445891957613,3.50877192982456,73.65435,0.0476383530616258,100.15,124.63,12100.54,0,0,0,0,0,0,0,0,8.030609346923232,6.947375912156745,1.3752578068761212,23.98556175760172,28.234892568467842,4.6166045636137545,4.833341079016327,9.401087996213619,0.04653844338756175
893,2021,9,Paraguay,Russian Federation,PRY,RUS,Paraguay,PRY,import,67.314,11.16,6.031720430107527,,39950899938.7482,1829186719575.1,4.78798310123602,6.69445891957613,6774.16273484849,73.65435,91.97233747699208,118.69,124.63,12642.6,0,0,0,0,0,0,0,0,4.224114723609684,2.498151876538021,1.9504314027819054,24.410917035556995,28.234892568467842,4.784905066885279,4.833341079016327,9.444906437276726,4.532302002423321
894,2021,9,Peru,Russian Federation,PER,RUS,Peru,PER,import,11764.136,4729.159,2.487574640649638,,226328766459.634,1829186719575.1,4.27166381536798,6.69445891957613,3.88055413137587,73.65435,0.0526860142187918,106.32,124.63,12666.63,0,0,0,0,0,0,0,0,9.372895860805658,8.461714096142988,1.249206549255271,26.145254497992635,28.234892568467842,4.675815025557423,4.833341079016327,9.446805199780137,0.05134500655830531
895,2021,9,Poland,Russian Federation,POL,RUS,Poland,POL,import,15744.408,1459.698,10.786072187534682,,689170171187.004,1829186719575.1,5.05502704719269,6.69445891957613,3.86191666666667,73.65435,0.0524329746534545,139.66,124.63,1156.427,1,0,1,1,1,0,0,0,9.66430404618764,7.286669682649283,2.4669185112514262,27.258754060321145,28.234892568467842,4.946345630879872,4.833341079016327,7.053954717016941,0.05110460250713903
896,2021,9,Portugal,Russian Federation,PRT,RUS,Portugal,PRT,import,5881.8550000000005,1011.276,5.816270731234599,,256055879091.139,1829186719575.1,1.26565719069041,6.69445891957613,0.84549413889045,73.65435,0.0114792152654995,97.56,124.63,3913.34,0,0,1,1,1,0,0,0,8.679797467271909,6.919956539936816,1.9193125086963259,26.268661535310528,28.234892568467842,4.59066549978521,4.833341079016327,8.27240201183782,0.011413828986957926
897,2021,9,Romania,Russian Federation,ROU,RUS,Romania,ROU,import,9.358,1.2559999999999998,7.450636942675161,,286578196368.297,1829186719575.1,5.05232876096582,6.69445891957613,4.16041666666666,73.65435,0.0564856884442895,111.61,124.63,,,,1,1,1,0,0,0,2.3377591680017,0.8135933336358123,2.1342418163596966,26.381277272577325,28.234892568467842,4.723930521708934,4.833341079016327,,0.05494801178656784
899,2021,9,Russian Federation,Azerbaijan,RUS,AZE,Azerbaijan,AZE,export,6558.674999999999,1303.905,5.030025193553211,5856.517999999999,54825411764.7059,1829186719575.1,6.65029912708779,6.69445891957613,1.7,73.65435,0.0230807820583577,158.04,124.63,1930.747,1,0,0,0,0,0,0,1,8.788696338027929,7.173885520172102,1.7967511887657244,24.72741964176855,28.234892568467842,5.069155742908264,4.833341079016327,7.566180053816499,0.02281844969579814
900,2021,9,Russian Federation,Australia,RUS,AUS,Australia,AUS,export,7.941,0.779,10.193838254172016,-6.155,1556735770437.26,1829186719575.1,2.86391042204996,6.69445891957613,1.33122425957081,73.65435,0.0180739394152661,100.66,124.63,14503.07,0,0,1,1,0,0,0,0,2.1906474397531808,0.5760514086836981,2.4153634710322773,28.073612290100435,28.234892568467842,4.621633912018757,4.833341079016327,9.582184578677866,0.017912547529323936
901,2021,9,Russian Federation,Austria,RUS,AUT,Austria,AUT,export,434.106,323.49600000000004,1.3419207656354328,-20059.138,480467037338.783,1829186719575.1,2.7666666666667,6.69445891957613,0.84549413889045,73.65435,0.0114792152654995,116.55,124.63,1675.699,0,0,1,1,1,0,0,0,6.075589679564903,5.782273209411777,0.8509714326798283,26.898024462253947,28.234892568467842,4.766863774986079,4.833341079016327,7.42458225853397,0.011413828986957926
903,2021,9,Russian Federation,Bahrain,RUS,BHR,Bahrain,BHR,export,5.406000000000001,0.992,5.449596774193549,5.406000000000001,40840212765.9574,1829186719575.1,-0.606319385140878,6.69445891957613,0.376,73.65435,0.0051049259140838,115.96,124.63,3450.924,0,0,0,0,0,0,0,0,1.8572350511869664,0.6891391591624065,1.8640176132245907,24.432933039998094,28.234892568467842,4.761831996001468,4.833341079016327,8.146687035738479,0.005091939955942572
904,2021,9,Russian Federation,Armenia,RUS,ARM,Armenia,ARM,export,4213.708,1127.525,3.737130440566728,-1298.5740000000014,13878908628.9378,1829186719575.1,7.18483629443367,6.69445891957613,503.769674961652,73.65435,6.839645926705646,161.34,124.63,1803.035,0,0,0,0,0,1,0,1,8.346335591642404,7.028666749313052,1.5554315600975828,23.353636159966634,28.234892568467842,5.08969290133303,4.833341079016327,7.497781101764742,2.05919367093247
905,2021,9,Russian Federation,Belgium,RUS,BEL,Belgium,BEL,export,1.355,0.024,56.45833333333333,-3793.771,598522422241.851,1829186719575.1,2.44024851144083,6.69445891957613,0.84549413889045,73.65435,0.0114792152654995,136.8,124.63,2261.25,0,0,1,1,1,0,0,0,0.8565407274683811,0.023716526617316065,4.051060047445356,27.117729825307592,28.234892568467842,4.925803358579558,4.833341079016327,7.724115172231243,0.011413828986957926
906,2021,9,Russian Federation,Bosnia Herzegovina,RUS,BIH,Bosnia Herzegovina,BIH,export,1.675,1.061,1.578699340245052,1.675,23672712242.2149,1829186719575.1,1.98163900587619,6.69445891957613,1.65360615435868,73.65435,0.0224508960347716,106.08,124.63,1902.116,0,0,0,0,0,0,0,0,0.9839493803479697,0.7231913019083219,0.947285140128458,23.88758883959502,28.234892568467842,4.673576218652152,4.833341079016327,7.551247821823041,0.022202584343781334
908,2021,9,Russian Federation,Bulgaria,RUS,BGR,Bulgaria,BGR,export,321.724,115.389,2.788168716255449,148.141,84414122840.1687,1829186719575.1,3.29774435299508,6.69445891957613,1.653775,73.65435,0.0224531884403297,116.69,124.63,1785.898,0,0,1,1,1,0,0,0,5.7767974687746015,4.756938029113556,1.3318827139981395,25.15900055679118,28.234892568467842,4.768054048889571,4.833341079016327,7.488236434627176,0.022204826410365728
909,2021,9,Russian Federation,Myanmar,RUS,MMR,Myanmar,MMR,export,0.038,0.001,38.0,-26.438,66345291160.1683,1829186719575.1,,6.69445891957613,,73.65435,,116.91,124.63,6526.041,0,0,0,0,0,0,0,0,0.03729578474369693,0.0009995003330834232,3.6635616461296463,24.918138625517663,28.234892568467842,4.769921621588582,4.833341079016327,8.783708980214998,
910,2021,9,Russian Federation,Belarus,RUS,BLR,Belarus,BLR,export,69774.815,16658.625,4.188509856005523,61377.412,69673747131.87,1829186719575.1,9.46028389623105,6.69445891957613,2.538675,73.65435,0.034467414348236,118.62,124.63,686.9657,1,0,0,0,0,1,0,1,11.153042738737598,9.720743406463901,1.6464465376480784,24.96708942856495,28.234892568467842,4.784320051616411,4.833341079016327,6.533738982039396,0.0338867187689691
911,2021,9,Russian Federation,Cambodia,RUS,KHM,Cambodia,KHM,export,3.423,1.04,3.291346153846154,-82.513,36790163687.4421,1829186719575.1,2.92073477592951,6.69445891957613,4098.72279505888,73.65435,55.64807502963343,170.0,124.63,7534.794,0,0,0,0,0,0,0,0,1.4868181988861897,0.712949807856125,1.4566004724938517,24.32849635531773,28.234892568467842,5.14166355650266,4.833341079016327,8.927419480426103,4.036858006837252
912,2021,9,Russian Federation,Canada,RUS,CAN,Canada,CAN,export,252.853,26.811,9.430942523591064,151.354,2022378748423.23,1829186719575.1,3.39519318527533,6.69445891957613,1.2538769021268,73.65435,0.0170237997094102,101.06,124.63,7495.521,0,0,1,1,0,0,0,0,5.536755359326329,3.3254316258877754,2.344776631525366,28.335295532746542,28.234892568467842,4.625560875635825,4.833341079016327,8.92219432523831,0.016880518670096115
913,2021,9,Russian Federation,Sri Lanka,RUS,LKA,Sri Lanka,LKA,export,4238.687,4858.383,0.8724480964139715,-114708.276,88556698937.7033,1829186719575.1,7.01478071238194,6.69445891957613,198.764316844656,73.65435,2.6986093400410978,104.26,124.63,6576.936,0,0,0,0,0,0,0,0,8.3522447247464,8.488666754102596,0.6272467171540191,25.20690884979551,28.234892568467842,4.656433479925633,4.833341079016327,8.791476297300637,1.307956894956398
914,2021,9,Russian Federation,Chile,RUS,CHL,Chile,CHL,export,426.136,64.834,6.572724187926087,426.136,315325547162.072,1829186719575.1,4.52456838259137,6.69445891957613,758.955378658977,73.65435,10.30428452167424,104.32,124.63,14153.3,0,0,0,0,0,0,0,0,6.057102463688854,4.187136422204072,2.0245528690176444,26.476871425153465,28.234892568467842,4.657003334628109,4.833341079016327,9.557773743832898,2.4251818150649576
915,2021,9,Russian Federation,China,RUS,CHN,China,CHN,export,2284.201,299.64300000000003,7.623074792336211,-78576.005,18201698719564.0,1829186719575.1,0.981015135544894,6.69445891957613,6.44897518024316,73.65435,0.0875572886087944,148.03,124.63,5795.045,1,0,0,0,0,0,1,0,7.734209264448672,5.705923514327449,2.1544417255190513,30.53253604189558,28.234892568467842,5.004147627960702,4.833341079016327,8.664931067385588,0.08393416177370332
916,2021,9,Russian Federation,Croatia,RUS,HRV,Croatia,HRV,export,0.276,0.153,1.8039215686274512,-44.603,69006802298.6956,1829186719575.1,2.55450699642037,6.69445891957613,6.36008316666667,73.65435,0.0863504079075665,109.45,124.63,1875.36,0,0,1,1,1,0,0,0,0.24373018492259815,0.142367241286922,1.0310189975355817,24.957470920738142,28.234892568467842,4.7045629298661265,4.833341079016327,7.537089008810755,0.08282382868352417
917,2021,9,Russian Federation,Cyprus,RUS,CYP,Cyprus,CYP,export,88.228,17.621,5.006980307587538,65.65899999999999,30372642502.4897,1829186719575.1,2.44608867175474,6.69445891957613,0.84549413889045,73.65435,0.0114792152654995,137.9,124.63,2316.67,0,0,1,0,1,0,0,0,4.491194891674535,2.9242899760996255,1.7929221776185253,24.136808122541236,28.234892568467842,4.933754249760298,4.833341079016327,7.748317649657977,0.011413828986957926
918,2021,9,Russian Federation,Czechia,RUS,CZE,Czechia,CZE,export,338.753,111.797,3.0300723633013407,144.933,290972714482.313,1829186719575.1,3.83984491500143,6.69445891957613,21.6781666666667,73.65435,0.2943229648576995,114.81,124.63,1673.0,0,0,1,1,1,0,0,0,5.828218883014344,4.725589742965605,1.3937843319515606,26.39649533505957,28.234892568467842,4.751950917196286,4.833341079016327,7.422971251049421,0.2579877513805476
919,2021,9,Russian Federation,Denmark,RUS,DNK,Denmark,DNK,export,2.951,0.282,10.464539007092196,-17.081,408378204639.999,1829186719575.1,1.85304543989681,6.69445891957613,6.2871130825,73.65435,0.085359698137313,122.25,124.63,1566.362,0,0,1,1,1,0,0,0,1.3739687114292538,0.24842135849847832,2.439258706787319,26.735459554136515,28.234892568467842,4.814214812922799,4.833341079016327,7.357149230353968,0.08191145107269955
920,2021,9,Russian Federation,Dominican Rep.,RUS,DOM,Dominican Rep.,DOM,export,154.857,44.425,3.4858075407991,-176.72299999999998,94850719516.7127,1829186719575.1,8.2430034798181,6.69445891957613,57.2211166666667,73.65435,0.7768871311289381,125.77,124.63,9365.754,0,0,0,0,0,0,0,0,5.048938920187053,3.816062614282235,1.5009185329929167,25.275570119146977,28.234892568467842,4.842374420950636,4.833341079016327,9.144921890453677,0.5748630306268008
921,2021,9,Russian Federation,El Salvador,RUS,SLV,El Salvador,SLV,export,0.003,0.001,3.0,-309.98,29043140000.0,1829186719575.1,3.46692585313084,6.69445891957613,1.0,73.65435,0.0135769306225633,100.81,124.63,10866.28,0,0,0,0,0,0,0,0,0.002995508979798371,0.0009995003330834232,1.3862943611198906,24.09204814781393,28.234892568467842,4.623108331119105,4.833341079016327,9.293511718811708,0.013485589922218814
922,2021,9,Russian Federation,Estonia,RUS,EST,Estonia,EST,export,1493.774,276.564,5.401187428587958,491.89800000000014,37204563051.4723,1829186719575.1,4.65316673847475,6.69445891957613,0.84549413889045,73.65435,0.0114792152654995,133.16,124.63,871.7853,1,0,1,1,1,0,0,0,7.309730303828803,5.6260515372259645,1.8564835088728722,24.339697253403926,28.234892568467842,4.8990331175149535,4.833341079016327,6.771689592030556,0.011413828986957926
923,2021,9,Russian Federation,Finland,RUS,FIN,Finland,FIN,export,1051.65,234.257,4.489300213013912,-9658.862,294223210496.119,1829186719575.1,2.19457432340004,6.69445891957613,0.84549413889045,73.65435,0.0114792152654995,115.34,124.63,892.6777,1,0,1,1,1,0,0,0,6.959066073216564,5.460678533601972,1.702800781643604,26.40760453560181,28.234892568467842,4.756516938482616,4.833341079016327,6.795345195631136,0.011413828986957926
924,2021,9,Russian Federation,France,RUS,FRA,France,FRA,export,175.66099999999997,20.501,8.5684112970099,-3829.791,2966433692008.09,1829186719575.1,1.64233141038393,6.69445891957613,0.84549413889045,73.65435,0.0114792152654995,97.56,124.63,2494.316,0,0,1,1,1,0,0,0,5.174232641891931,3.068099445679892,2.2584671830119962,28.718381570131378,28.234892568467842,4.59066549978521,4.833341079016327,7.822170653472379,0.011413828986957926
926,2021,9,Russian Federation,Georgia,RUS,GEO,Georgia,GEO,export,4186.96,1312.869,3.1891681500591456,-440.3249999999998,18853115588.8106,1829186719575.1,9.56691433824769,6.69445891957613,3.22155833333333,73.65435,0.0437388739882074,119.04,124.63,1644.856,1,0,0,0,0,0,0,0,8.33996902084644,7.1807314984886235,1.432502182018465,23.659944020461733,28.234892568467842,4.787825020572167,4.833341079016327,7.406015892598331,0.04280933747409684
928,2021,9,Russian Federation,Germany,RUS,DEU,Germany,DEU,export,4156.3,1563.149,2.658927587837116,-46615.797,4348297440387.53,1829186719575.1,3.0666666666667,6.69445891957613,0.84549413889045,73.65435,0.0114792152654995,97.09,124.63,2065.183,0,0,1,1,1,0,0,0,8.332621104077129,7.355097185109696,1.2971700956901397,29.100805491400774,28.234892568467842,4.585885424576224,4.833341079016327,7.633458222717186,0.011413828986957926
929,2021,9,Russian Federation,Greece,RUS,GRC,Greece,GRC,export,23.794,18.127,1.3126275721299718,-179.442,218303801895.326,1829186719575.1,1.22382501019854,6.69445891957613,0.84549413889045,73.65435,0.0114792152654995,118.34,124.63,2233.583,0,0,1,1,1,0,0,0,3.210601688415955,2.951100949408397,0.8383843552093116,26.10915351627519,28.234892568467842,4.781976562093936,4.833341079016327,7.711809912458774,0.011413828986957926
930,2021,9,Russian Federation,Guyana,RUS,GUY,Guyana,GUY,export,4.476,1.875,2.3872,4.476,8041362110.31175,1829186719575.1,5.03285574626701,6.69445891957613,208.5,73.65435,2.830790034804462,94.41,124.63,9760.068,0,0,0,0,0,0,0,0,1.7003749074262025,1.0560526742493137,1.2200036213984637,22.807864322617696,28.234892568467842,4.558183394763755,4.833341079016327,9.186157099650034,1.343071057326573
931,2021,9,Russian Federation,"China, Hong Kong SAR",RUS,HKG,"China, Hong Kong SAR",HKG,export,103.805,5.562,18.66325062927005,97.156,368954169748.818,1829186719575.1,1.56875834445923,6.69445891957613,7.77325,73.65435,0.1055368759618406,101.03,124.63,7145.355,0,0,0,0,0,0,0,0,4.652101480672524,1.88129543453891,2.9787514433337936,26.633938272053324,28.234892568467842,4.625266887687213,4.833341079016327,8.874357715491055,0.1003310775766231
932,2021,9,Russian Federation,Hungary,RUS,HUN,Hungary,HUN,export,187.645,59.973000000000006,3.1288246377536555,180.28,183282685440.486,1829186719575.1,5.1109653438286,6.69445891957613,303.140833333333,73.65435,4.115722063032706,119.19,124.63,1574.19,0,0,1,0,1,0,0,0,5.239866941950942,4.110431143236038,1.4179927751261998,25.9342955271094,28.234892568467842,4.7890738239646975,4.833341079016327,7.362131178904561,1.6323185552339323
933,2021,9,Russian Federation,Iceland,RUS,ISL,Iceland,ISL,export,3.335,1.6720000000000002,1.9946172248803824,3.328,25770339317.3897,1829186719575.1,4.44423970189744,6.69445891957613,126.988860204557,73.65435,1.7241189448356684,120.1,124.63,3316.138,0,0,1,1,0,0,0,0,1.4667216102325051,0.9828272556743993,1.0968164186852978,23.97249002871025,28.234892568467842,4.796616650559047,4.833341079016327,8.106857641940545,1.0021450528389733
934,2021,9,Russian Federation,Indonesia,RUS,IDN,Indonesia,IDN,export,9909.753,12703.71,0.7800676337857209,-26925.071,1186509691086.73,1829186719575.1,1.56007882983335,6.69445891957613,14308.1439011897,73.65435,194.2606770841057,113.94,124.63,9302.706,0,0,0,0,0,0,0,0,9.2013756082921,9.449728069834565,0.5766513600909766,27.802037080583,28.234892568467842,4.744410253079596,4.833341079016327,9.138168094387108,5.2743354713942265
935,2021,9,Russian Federation,Ireland,RUS,IRL,Ireland,IRL,export,116.776,2.365,49.37674418604651,102.811,531306516907.984,1829186719575.1,2.34034113447046,6.69445891957613,0.84549413889045,73.65435,0.0114792152654995,170.81,124.63,2802.315,0,0,1,1,1,0,0,0,4.76878451531635,1.213427963096691,3.919529643708074,26.99860493629643,28.234892568467842,5.146389215073875,4.833341079016327,7.938557924443968,0.011413828986957926
936,2021,9,Russian Federation,Israel,RUS,ISR,Israel,ISR,export,3851.945,997.182,3.862830456225644,3385.8410000000003,489851549972.347,1829186719575.1,1.47965474722565,6.69445891957613,3.23019832251082,73.65435,0.0438561785218499,114.84,124.63,2643.989,0,0,0,0,0,0,0,0,8.256593069933047,6.905935624414497,1.581620666784611,26.917368222911595,28.234892568467842,4.752209928637407,4.833341079016327,7.880422185493582,0.042921719934119314
937,2021,9,Russian Federation,Italy,RUS,ITA,Italy,ITA,export,485.129,140.961,3.4415831329232907,-100107.97,2179207773596.09,1829186719575.1,1.87378325762482,6.69445891957613,0.84549413889045,73.65435,0.0114792152654995,105.71,124.63,2383.171,0,0,1,1,1,0,0,0,6.186474020778392,4.955552371991299,1.491010874360409,28.409982520074525,28.234892568467842,4.6701148746284735,4.833341079016327,7.776606753800817,0.011413828986957926
938,2021,9,Russian Federation,Japan,RUS,JPN,Japan,JPN,export,79.419,19.331,4.108375148724846,-3172.022,5039148168861.22,1829186719575.1,-0.23335277939831,6.69445891957613,109.754323839417,73.65435,1.4901268402941172,95.36,124.63,7486.303,0,0,1,1,0,0,0,0,4.387250466674084,3.012146814822086,1.6308813788416765,29.24825816961269,28.234892568467842,4.568091177746671,4.833341079016327,8.920963931560047,0.9123336490563801
939,2021,9,Russian Federation,Kazakhstan,RUS,KAZ,Kazakhstan,KAZ,export,36331.094,7913.476000000001,4.591041155618592,18546.748,197112255360.612,1829186719575.1,8.04147134028391,6.69445891957613,425.9075,73.65435,5.782516579129408,146.98,124.63,3104.607,1,1,0,0,0,1,0,1,10.500456761869666,8.976448766712325,1.7211655230652771,26.007039227566874,28.234892568467842,4.997077129497405,4.833341079016327,8.040964466404994,1.9143482099459581
940,2021,9,Russian Federation,Kenya,RUS,KEN,Kenya,KEN,export,26.959000000000003,39.8,0.6773618090452262,-51031.707,109703658904.994,1829186719575.1,6.10793603659178,6.69445891957613,109.637746592367,73.65435,1.48854407909875,118.07,124.63,6348.253,0,0,0,0,0,0,0,0,3.3307391513469002,3.708682081410116,0.5172222073616967,25.421048557417897,28.234892568467842,4.779711555463083,4.833341079016327,8.756092447171593,0.9116978322794477
941,2021,9,Russian Federation,Rep. of Korea,RUS,KOR,Rep. of Korea,KOR,export,384.165,74.039,5.1886843420359545,118.64600000000002,1818432106880.04,1829186719575.1,2.4983333333334,6.69445891957613,1143.95166666667,73.65435,15.531352413899112,,124.63,6614.064,0,0,1,0,0,0,0,0,5.953671813905852,4.318007978383162,1.8227225183923705,28.22899576599464,28.234892568467842,,4.833341079016327,8.797104751483356,2.8052587242090836
942,2021,9,Russian Federation,Kuwait,RUS,KWT,Kuwait,KWT,export,17.471,1.023,17.078201368523946,17.471,148350671614.185,1829186719575.1,3.42362947609189,6.69445891957613,0.301643110769949,73.65435,0.0040953875876977,190.3,124.63,3051.533,0,0,0,0,0,0,0,0,2.916201934597183,0.7045815581856083,2.894706868185957,25.722844710907136,28.234892568467842,5.253842876446207,4.833341079016327,8.023727016737235,0.004087024314073108
943,2021,9,Russian Federation,Kyrgyzstan,RUS,KGZ,Kyrgyzstan,KGZ,export,7068.533,1564.1039999999998,4.519221867599597,7032.200000000001,9249133946.26531,1829186719575.1,11.9050398185146,6.69445891957613,84.6408220065285,73.65435,1.149162568219372,130.5,124.63,2985.871,0,1,0,0,0,1,0,1,8.863549702960741,7.355707554440428,1.7082368843377957,22.947795756764766,28.234892568467842,4.879006851617819,4.833341079016327,8.001981630139227,0.7650782631097343
944,2021,9,Russian Federation,Lebanon,RUS,LBN,Lebanon,LBN,export,54.761,100.0,0.54761,45.705,23131941556.7843,1829186719575.1,154.756096023393,6.69445891957613,1507.5,73.65435,20.467222913514277,,124.63,2441.484,0,0,0,0,0,0,0,0,4.021074700294325,4.61512051684126,0.4367118054413339,23.86448025077301,28.234892568467842,,4.833341079016327,7.80077083323018,3.066527256226715
945,2021,9,Russian Federation,Latvia,RUS,LVA,Latvia,LVA,export,3812.209,505.111,7.547269808022395,-433.5069999999996,38183326784.9335,1829186719575.1,3.27582937431156,6.69445891957613,0.84549413889045,73.65435,0.0114792152654995,127.55,124.63,847.8519,1,0,1,1,1,0,0,0,8.246226370839024,6.226756012818847,2.1456119112558234,24.365664785705075,28.234892568467842,4.856317933711899,4.833341079016327,6.743884730576574,0.011413828986957926
946,2021,9,Russian Federation,Liberia,RUS,LBR,Liberia,LBR,export,3.748,0.316,11.860759493670889,3.748,3513049500.0,1829186719575.1,7.8155938585865,6.69445891957613,166.153700752442,73.65435,2.2558572677980595,,124.63,6953.84,0,0,0,0,0,0,0,0,1.5577234767474217,0.2745968329031255,2.554180775671406,21.979750300936406,28.234892568467842,,4.833341079016327,8.847193099060572,1.1804556105080812
947,2021,9,Russian Federation,Libya,RUS,LBY,Libya,LBY,export,38.484,46.988,0.8190176215203883,38.484,35217995647.2862,1829186719575.1,2.86833027751023,6.69445891957613,4.514425,73.65435,0.0612920350257656,,124.63,3189.875,0,0,0,0,0,0,0,0,3.6758955265556414,3.8709509796526818,0.5982965869659108,24.284823028919945,28.234892568467842,,4.833341079016327,8.06805045283783,0.0594870668349916
948,2021,9,Russian Federation,Lithuania,RUS,LTU,Lithuania,LTU,export,2091.513,375.719,5.566694790521639,-6714.549,67037321008.9679,1829186719575.1,4.68354420903455,6.69445891957613,0.84549413889045,73.65435,0.0114792152654995,146.41,124.63,794.0689,1,0,1,1,1,0,0,0,7.646121015008609,5.9314995514403765,1.8820106298872161,24.928515331253276,28.234892568467842,4.993217820059186,4.833341079016327,6.67842877756566,0.011413828986957926
949,2021,9,Russian Federation,Malaysia,RUS,MYS,Malaysia,MYS,export,663.725,857.5419999999999,0.773985414125489,616.671,373784823672.946,1829186719575.1,2.47710241465446,6.69445891957613,4.14329759817721,73.65435,0.0562532640390854,128.06,124.63,8130.454,0,0,0,0,0,0,0,0,6.499373421292572,6.755235601680175,0.5732286618273686,26.64694613102046,28.234892568467842,4.860277412507694,4.833341079016327,9.00349503033965,0.05472798989899054
950,2021,9,Russian Federation,Maldives,RUS,MDV,Maldives,MDV,export,0.01,0.002,5.0,0.01,5252457369.55218,1829186719575.1,0.543149688736963,6.69445891957613,15.3726984126984,73.65435,0.2087140598307961,132.59,124.63,6563.114,0,0,0,0,0,0,0,0,0.009950330853168092,0.001998002662673058,1.791759469228055,22.381961874620448,28.234892568467842,4.8947754080017205,4.833341079016327,8.789372819518036,0.1895570340078903
951,2021,9,Russian Federation,Mali,RUS,MLI,Mali,MLI,export,137.536,25.955,5.299017530340975,137.536,22999245262.6719,1829186719575.1,3.9256028310427,6.69445891957613,554.530675033104,73.65435,7.528824503007685,123.75,124.63,6188.962,0,0,0,0,0,0,0,0,4.93113021964985,3.294168808903632,1.8403936736714765,23.858727237714188,28.234892568467842,4.826311734631628,4.833341079016327,8.730684226726034,2.143451544622481
952,2021,9,Russian Federation,Malta,RUS,MLT,Malta,MLT,export,7.297,0.3429999999999999,21.274052478134116,7.297,19723563354.6779,1829186719575.1,1.49789217934731,6.69445891957613,0.84549413889045,73.65435,0.0114792152654995,100.7,124.63,2819.734,0,0,1,1,1,0,0,0,2.1158940036821483,0.2949059175411005,3.1034224349946267,23.705079867346655,28.234892568467842,4.622027303054514,4.833341079016327,7.94475241375218,0.011413828986957926
953,2021,9,Russian Federation,Mauritius,RUS,MUS,Mauritius,MUS,export,135.011,131.68300000000002,1.0252728142584842,135.011,11484348857.8529,1829186719575.1,4.02852888157382,6.69445891957613,41.6921333333333,73.65435,0.5660512017733278,92.64,124.63,8654.018,0,0,0,0,0,0,0,0,4.912735764818192,4.887962824616117,0.7057044145747713,23.164250976561046,28.234892568467842,4.53945764262271,4.833341079016327,9.065894547330851,0.4485572929302346
954,2021,9,Russian Federation,Mexico,RUS,MEX,Mexico,MEX,export,40.329,4.694,8.591606305922454,-4664.293000000001,1316569466735.28,1829186719575.1,5.68920847683757,6.69445891957613,20.2724083333333,73.65435,0.2752370814939416,104.68,124.63,10736.3,0,0,0,0,0,0,0,0,3.721564432731288,1.7394129888558458,2.260888372879805,27.9060505807165,28.234892568467842,4.66041566021407,4.833341079016327,9.281478939809377,0.24313210759428272
956,2021,9,Russian Federation,Mongolia,RUS,MNG,Mongolia,MNG,export,2297.021,400.384,5.737044936860614,2294.741,15286441737.6686,1829186719575.1,7.35894657888157,6.69445891957613,2849.2886145414,73.65435,38.68459384328828,137.12,124.63,4632.875,1,0,0,0,0,0,0,0,7.739803596748147,5.994918575079496,1.907621392115193,23.45023211160081,28.234892568467842,4.928122872521792,4.833341079016327,8.441148730092465,3.6809630479758706
957,2021,9,Russian Federation,Rep. of Moldova,RUS,MDA,Rep. of Moldova,MDA,export,6528.766,924.147,7.064640149240326,6521.057,13691869264.0794,1829186719575.1,5.10641129002836,6.69445891957613,17.6804661418331,73.65435,0.2400464621822486,117.02,124.63,1150.314,0,0,0,0,0,0,0,1,8.784126387018906,6.82995264380507,2.0874890917646525,23.340068009298196,28.234892568467842,4.7708541016290225,4.833341079016327,7.0486591777724525,0.21514884841679469
958,2021,9,Russian Federation,Montenegro,RUS,MNE,Montenegro,MNE,export,4.854,0.269,18.044609665427508,4.854,5861427505.12493,1829186719575.1,2.41080198403166,6.69445891957613,0.845376564367945,73.65435,0.0114776189643645,98.33,124.63,,,,1,0,0,0,0,0,1.7671251882696941,0.2382291887322507,2.9467841043373633,22.491659012597054,28.234892568467842,4.598447640227264,4.833341079016327,,0.011412250800900721
959,2021,9,Russian Federation,Nepal,RUS,NPL,Nepal,NPL,export,2103.273,2511.112,0.8375862964296296,1367.6090000000002,36924841394.2605,1829186719575.1,4.14968003360264,6.69445891957613,118.134081604947,73.65435,1.6038982301106046,131.84,124.63,4889.868,0,0,0,0,0,0,0,0,7.651725318292138,7.828879112581425,0.6084529150454144,24.332150370033315,28.234892568467842,4.889145396508546,4.833341079016327,8.495125071829223,0.9570096414438113
960,2021,9,Russian Federation,Netherlands,RUS,NLD,Netherlands,NLD,export,876.2520000000001,758.7669999999999,1.1548367285345833,-28794.38,1054472123449.6,1829186719575.1,2.67572008805385,6.69445891957613,0.84549413889045,73.65435,0.0114792152654995,113.64,124.63,2155.229,0,0,1,1,1,0,0,0,6.776794294312535,6.633011807328075,0.7677149566643977,27.68406140071742,28.234892568467842,4.741796783519916,4.833341079016327,7.67611614160181,0.011413828986957926
961,2021,9,Russian Federation,New Zealand,RUS,NZL,New Zealand,NZL,export,4.164,0.438,9.506849315068491,4.164,253977931814.967,1829186719575.1,3.94112060778727,6.69445891957613,1.4138,73.65435,0.01919506451418,108.34,124.63,16774.49,0,0,1,0,0,0,0,0,1.641711472984396,0.3632532592988549,2.352027360218865,26.260513217576133,28.234892568467842,4.694462293466853,4.833341079016327,9.727674171547402,0.01901316331440192
962,2021,9,Russian Federation,Nigeria,RUS,NGA,Nigeria,NGA,export,44.68899999999999,3.986,11.21149021575514,-837.455,440833635873.827,1829186719575.1,16.9528457221608,6.69445891957613,401.152029220779,73.65435,5.446413269831029,98.18,124.63,6263.33,0,0,0,0,0,0,0,0,3.8218575687083933,1.6066339851013662,2.5023773294676603,26.811933398305023,28.234892568467842,4.596936381060988,4.833341079016327,8.74262691827533,1.8635238939398941
963,2021,9,Russian Federation,Norway,RUS,NOR,Norway,NOR,export,23.067,6.572,3.5098904443091903,21.498,503367986030.268,1829186719575.1,3.48388055266683,6.69445891957613,8.59,73.65435,0.1166258340478193,99.8,124.63,1649.799,1,0,1,1,0,0,0,0,3.180841607550267,2.0244572333470763,1.506272861492086,26.944587322137203,28.234892568467842,4.613138355637268,4.833341079016327,7.4090146921113424,0.11031148997595273
965,2021,9,Russian Federation,Pakistan,RUS,PAK,Pakistan,PAK,export,86.087,112.134,0.767715411917884,86.087,348516647445.148,1829186719575.1,9.49621056124947,6.69445891957613,162.906253747418,73.65435,2.2117669051103976,120.23,124.63,3658.638,0,0,0,0,0,0,0,0,4.466907618987667,4.728572956866569,0.5696879851492229,26.576951834861614,28.234892568467842,4.797689567758492,4.833341079016327,8.205119514399957,1.1668212234357414
966,2021,9,Russian Federation,Panama,RUS,PAN,Panama,PAN,export,0.623,0.03,20.766666666666666,-226.181,67396392500.0,1829186719575.1,1.63070337301895,6.69445891957613,1.0,73.65435,0.0135769306225633,92.22,124.63,10819.55,0,0,0,0,0,0,0,0,0.48427628853245414,0.02955880224154443,3.0803797476142756,24.933857329708193,28.234892568467842,4.534962290944595,4.833341079016327,9.289202382901557,0.013485589922218814
967,2021,9,Russian Federation,Poland,RUS,POL,Poland,POL,export,4797.345,5421.176,0.8849269973894963,-10947.063000000002,689170171187.004,1829186719575.1,5.05502704719269,6.69445891957613,3.86191666666667,73.65435,0.0524329746534545,139.66,124.63,1156.427,1,0,1,1,1,0,0,0,8.476026345775002,8.59825248987852,0.6338890919746855,27.258754060321145,28.234892568467842,4.946345630879872,4.833341079016327,7.053954717016941,0.05110460250713903
968,2021,9,Russian Federation,Portugal,RUS,PRT,Portugal,PRT,export,0.6010000000000001,0.011,54.63636363636365,-5881.254000000001,256055879091.139,1829186719575.1,1.26565719069041,6.69445891957613,0.84549413889045,73.65435,0.0114792152654995,97.56,124.63,3913.34,0,0,1,1,1,0,0,0,0.4706284340145776,0.010939940038334263,4.018837009713955,26.268661535310528,28.234892568467842,4.59066549978521,4.833341079016327,8.27240201183782,0.011413828986957926
969,2021,9,Russian Federation,Qatar,RUS,QAT,Qatar,QAT,export,9515.553999999998,831.542,11.443263238657815,9515.553999999998,179732009560.44,1829186719575.1,2.30446565742007,6.69445891957613,3.64,73.65435,0.0494200274661306,102.51,124.63,3575.788,0,0,0,0,0,0,0,0,9.160788087466807,6.724483671032468,2.5211793711317063,25.914732742649573,28.234892568467842,4.639668226395659,4.833341079016327,8.182220469959994,0.04823765677116426
970,2021,9,Russian Federation,Romania,RUS,ROU,Romania,ROU,export,117.311,93.622,1.2530281344128515,107.953,286578196368.297,1829186719575.1,5.05232876096582,6.69445891957613,4.16041666666666,73.65435,0.0564856884442895,111.61,124.63,,,,1,1,1,0,0,0,4.77331675060074,4.549890007159915,0.8122751489055837,26.381277272577325,28.234892568467842,4.723930521708934,4.833341079016327,,0.05494801178656784
972,2021,9,Russian Federation,Saudi Arabia,RUS,SAU,Saudi Arabia,SAU,export,955.961,852.549,1.1212974268927651,954.775,982661066666.667,1829186719575.1,3.06328988941548,6.69445891957613,3.75,73.65435,0.0509134898346126,117.66,124.63,3539.516,0,0,0,0,0,0,0,0,6.863762638271457,6.7494029512485465,0.7520278953094164,27.613530102793476,28.234892568467842,4.776262260830497,4.833341079016327,8.172027758217332,0.049659776265883956
973,2021,9,Russian Federation,Serbia,RUS,SRB,Serbia,SRB,export,144.72899999999998,15.555,9.30433944069431,-150.56100000000004,66159884072.5308,1829186719575.1,4.08510285335106,6.69445891957613,99.3959416666667,73.65435,1.349491804172689,120.48,124.63,,,,0,0,0,0,0,0,4.981748732516984,2.8066881709992098,2.332565111433368,24.91534013544645,28.234892568467842,4.799749640177548,4.833341079016327,,0.8541990512263617
975,2021,9,Russian Federation,India,RUS,IND,India,IND,export,4329.079,5733.224,0.7550863179251325,-101316.662,3167270623260.47,1829186719575.1,5.13140747176368,6.69445891957613,73.9180128154351,73.65435,1.0035797317529125,114.03,124.63,4341.881,0,0,0,0,0,0,1,0,8.373341065633797,8.654207710905263,0.5625180397112601,28.78389133081679,28.234892568467842,4.745192963907919,4.833341079016327,8.376293231744963,0.6949354465352616
976,2021,9,Russian Federation,Singapore,RUS,SGP,Singapore,SGP,export,604.703,110.163,5.489166053938255,476.649,436591382250.464,1829186719575.1,2.31610315765142,6.69445891957613,1.34348333333333,73.65435,0.0182403800092367,147.12,124.63,8431.775,0,0,1,0,0,0,0,0,6.406389766921639,4.710997592635355,1.8701340253776082,26.802263542551977,28.234892568467842,4.998022756045412,4.833341079016327,9.039881178322222,0.018076019929192385
977,2021,9,Russian Federation,Slovakia,RUS,SVK,Slovakia,SVK,export,96.139,59.41,1.618229254334287,94.233,120560912620.599,1829186719575.1,3.14960629921267,6.69445891957613,0.84549413889045,73.65435,0.0114792152654995,95.33,124.63,1632.621,0,0,1,1,1,0,0,0,4.576142942444187,4.101154654150649,0.9624982321543026,25.515420961090005,28.234892568467842,4.567779796769532,4.833341079016327,7.39855430237185,0.011413828986957926
978,2021,9,Russian Federation,Viet Nam,RUS,VNM,Viet Nam,VNM,export,418.493,140.31099999999998,2.9826100590830373,-189240.434,366474752771.009,1829186719575.1,1.83471554810446,6.69445891957613,23159.7825925926,73.65435,314.4387614932805,156.05,124.63,6737.911,0,0,0,0,0,0,0,0,6.039046839236454,4.950963135209626,1.3819373980970537,26.627195468511484,28.234892568467842,5.056564225984656,4.833341079016327,8.815653618151782,5.7539645632786325
979,2021,9,Russian Federation,Slovenia,RUS,SVN,Slovenia,SVN,export,14.363,1.529,9.39372138652714,-64.272,61529280461.092,1829186719575.1,1.91706506089263,6.69445891957613,0.84549413889045,73.65435,0.0114792152654995,135.32,124.63,1937.979,0,0,1,1,1,0,0,0,2.7319620211485227,0.927823967687828,2.341201911005427,24.84277900353149,28.234892568467842,4.915005063081005,4.833341079016327,7.569916824859094,0.011413828986957926
980,2021,9,Russian Federation,South Africa,RUS,ZAF,South Africa,ZAF,export,541.1999999999999,532.186,1.016937687199588,497.904,420886877628.703,1829186719575.1,4.61874544887136,6.69445891957613,14.7786782139167,73.65435,0.2006490888035357,93.02,124.63,10147.89,0,0,0,0,0,0,1,0,6.295634937064565,6.278870331395703,0.70158036469197,26.76562993530583,28.234892568467842,4.5435075255959845,4.833341079016327,9.225119618883824,0.1828623178925928
981,2021,9,Russian Federation,Spain,RUS,ESP,Spain,ESP,export,35.605000000000004,7.632,4.665225366876311,-13795.896,1461244901852.69,1829186719575.1,3.09313511976412,6.69445891957613,0.84549413889045,73.65435,0.0114792152654995,104.93,124.63,3449.3,0,0,1,1,1,0,0,0,3.600184843098606,2.1554762279558335,1.7343466760145894,28.010309860832635,28.234892568467842,4.662778498608405,4.833341079016327,8.146216462766645,0.011413828986957926
983,2021,9,Russian Federation,Sweden,RUS,SWE,Sweden,SWE,export,183.049,26.059,7.024406155263057,-2043.262,637186904843.636,1829186719575.1,2.16319736447151,6.69445891957613,8.57656671607378,73.65435,0.1164434512839198,116.28,124.63,1232.383,0,0,1,1,1,0,0,0,5.215202026504103,3.298019667144789,2.0824876669338255,27.180328863679847,28.234892568467842,4.764564238138341,4.833341079016327,7.117516079423651,0.11014814281471336
984,2021,9,Russian Federation,Switzerland,RUS,CHE,Switzerland,CHE,export,78.14,31.859,2.452682130638125,-39733.551,815309330986.719,1829186719575.1,0.581814168489858,6.69445891957613,0.913845833333333,73.65435,0.0124072214788852,123.32,124.63,2296.397,0,0,1,0,0,0,0,0,4.371218435957278,3.492225680009719,1.2391513581722156,27.426833425401643,28.234892568467842,4.822858886619337,4.833341079016327,7.739532021886476,0.012330882692713702
985,2021,9,Russian Federation,Tajikistan,RUS,TJK,Tajikistan,TJK,export,1548.7199999999998,471.332,3.2858367350402684,1546.0509999999997,8937805347.13963,1829186719575.1,,6.69445891957613,11.30885,73.65435,0.1535394718709757,,124.63,2986.597,0,0,0,0,0,0,0,1,7.3458295484336995,6.157682128153378,1.4553158037080802,22.913555909209744,28.234892568467842,,4.833341079016327,8.00222466433192,0.14283501726681894
986,2021,9,Russian Federation,Thailand,RUS,THA,Thailand,THA,export,369.204,383.93,0.9616440496965593,96.916,506194668789.937,1829186719575.1,1.23039541318384,6.69445891957613,31.9770934417717,73.65435,0.4341507791701604,99.04,124.63,7067.929,0,0,0,0,0,0,0,0,5.91405420505131,5.953061499575036,0.6737829225111707,26.95018715317846,28.234892568467842,4.605570106009418,4.833341079016327,8.863464262267069,0.36057288251481556
988,2021,9,Russian Federation,United Arab Emirates,RUS,ARE,United Arab Emirates,ARE,export,1362.385,1165.207,1.169221434474733,-24773.948000000004,415178792756.978,1829186719575.1,0.17993533617437,6.69445891957613,3.6725,73.65435,0.0498612777113639,115.3,124.63,3739.195,0,0,0,0,0,0,0,0,7.217725856961167,7.061511881171001,0.7743683172169433,26.751975090321107,28.234892568467842,4.7561730595246186,4.833341079016327,8.226893028086819,0.04865803897591526
989,2021,9,Russian Federation,TÃ¼rkiye,RUS,TUR,TÃ¼rkiye,TUR,export,893.59,1351.365,0.6612499213757941,-2632.265,819865223976.115,1829186719575.1,19.5964926913324,6.69445891957613,8.85040754928315,73.65435,0.1201613692780283,135.87,124.63,1757.71,0,0,0,0,0,0,0,0,6.796365512756079,7.209610190581656,0.5075702837169762,27.432405802692443,28.234892568467842,4.919031570223175,4.833341079016327,7.472335864744235,0.11347275464104357
990,2021,9,Russian Federation,Turkmenistan,RUS,TKM,Turkmenistan,TKM,export,717.5989999999999,256.837,2.7939860689853875,717.5989999999999,50007428571.4286,1829186719575.1,,6.69445891957613,,73.65435,,,124.63,2510.13,0,0,0,0,0,0,0,1,6.577303483083682,5.552327602316937,1.3334171996519397,24.635437402787485,28.234892568467842,,4.833341079016327,7.82848813001976,
991,2021,9,Russian Federation,Ukraine,RUS,UKR,Ukraine,UKR,export,25940.139,4637.639,5.593393319316143,24703.291,199765859570.935,1829186719575.1,9.36313917695222,6.69445891957613,27.2861893833333,73.65435,0.3704627002116413,110.23,124.63,763.4056,1,0,1,0,0,0,0,0,10.163585365927279,8.442176283228362,1.8860681354602182,26.02041181554707,28.234892568467842,4.711600129603938,4.833341079016327,6.639098538346609,0.31514842020036277
992,2021,9,Russian Federation,North Macedonia,RUS,MKD,North Macedonia,MKD,export,0.008,0.002,4.0,-301.498,14000283827.0154,1829186719575.1,3.23074912132919,6.69445891957613,52.1021583333333,73.65435,0.707387388977478,104.49,124.63,1927.484,0,0,0,0,0,0,0,0,0.007968169649176881,0.001998002662673058,1.6094379124341003,23.36234343978584,28.234892568467842,4.658616161693717,4.833341079016327,7.564489481010288,0.5349643594694963
993,2021,9,Russian Federation,Egypt,RUS,EGY,Egypt,EGY,export,2187.896,3127.6,0.6995446988105897,1139.331,424671765455.704,1829186719575.1,5.21404940513041,6.69445891957613,15.6445272777113,73.65435,0.2124046614722864,106.05,124.63,2905.404,0,0,0,0,0,0,0,0,7.691152586115548,8.04834089912767,0.5303603909617918,26.77458239090828,28.234892568467842,4.6732960150356915,4.833341079016327,7.974671857179097,0.19260571102444493
994,2021,9,Russian Federation,United Kingdom,RUS,GBR,United Kingdom,GBR,export,567.482,853.021,0.6652614648408421,-17446.966,3143323050707.26,1829186719575.1,2.5183710961421,6.69445891957613,0.727064944688323,73.65435,0.0098713103121312,111.58,124.63,2510.88,0,0,1,1,0,0,0,0,6.342969650420201,6.749955783650171,0.5099821470440002,28.776301652651757,28.234892568467842,4.7236640800358805,4.833341079016327,7.828786755746396,0.009822907202576251
995,2021,9,Russian Federation,USA,RUS,USA,USA,USA,export,1618.186,207.712,7.79052726852565,1123.59,23681171000000.0,1829186719575.1,4.69785886363742,6.69445891957613,1.0,73.65435,0.0135769306225633,97.62,124.63,7517.972,0,0,1,1,0,0,0,0,7.389678832810708,5.34095531123227,2.1736746949407912,30.79570137573525,28.234892568467842,4.59127408079598,4.833341079016327,8.925184705471638,0.013485589922218814
996,2021,9,Russian Federation,Uzbekistan,RUS,UZB,Uzbekistan,UZB,export,2945.602,588.069,5.008939427176063,401.8670000000002,77340060003.0347,1829186719575.1,10.8492397508122,6.69445891957613,10609.464390809,73.65435,144.0439619765703,149.44,124.63,2789.856,0,0,0,0,0,0,0,1,7.988407921021412,6.37854332449831,1.793248264950853,25.07147789897262,28.234892568467842,5.013564333602136,4.833341079016327,7.93410363779468,4.977036882514286
997,2021,9,Russian Federation,Yemen,RUS,YEM,Yemen,YEM,export,418.8490000000001,506.369,0.8271616153437513,357.77700000000004,,1829186719575.1,,6.69445891957613,1028.107754329,73.65435,13.958547653044254,,124.63,4525.518,0,0,0,0,0,0,0,0,6.039895122823711,6.229238549516338,0.6027637328944869,,28.234892568467842,,4.833341079016327,8.417708269489937,2.705282885817809
998,2021,9,Rwanda,Russian Federation,RWA,RUS,Rwanda,RWA,import,4892.236,1802.967,2.713436241484176,,11078787095.1791,1829186719575.1,-0.391346748300811,6.69445891957613,988.624806551768,73.65435,13.422490410298485,171.03,124.63,6457.65,0,0,0,0,0,0,0,0,8.495609122294393,7.497743407772329,1.3119576585935726,23.128298044419633,28.234892568467842,5.147668880208948,4.833341079016327,8.77317559660946,2.668788822236118
999,2021,9,Saudi Arabia,Russian Federation,SAU,RUS,Saudi Arabia,SAU,import,1.186,0.19,6.242105263157894,,982661066666.667,1829186719575.1,3.06328988941548,6.69445891957613,3.75,73.65435,0.0509134898346126,117.66,124.63,3539.516,0,0,0,0,0,0,0,0,0.7820733897543468,0.17395330712343798,1.9799119463328028,27.613530102793476,28.234892568467842,4.776262260830497,4.833341079016327,8.172027758217332,0.049659776265883956
1000,2021,9,Serbia,Russian Federation,SRB,RUS,Serbia,SRB,import,295.29,22.024,13.407646204140937,,66159884072.5308,1829186719575.1,4.08510285335106,6.69445891957613,99.3959416666667,73.65435,1.349491804172689,120.48,124.63,,,,0,0,0,0,0,0,5.6913387044318595,3.136537150145012,2.6677590520572365,24.91534013544645,28.234892568467842,4.799749640177548,4.833341079016327,,0.8541990512263617
1001,2021,9,India,Russian Federation,IND,RUS,India,IND,import,105645.741,45121.276000000005,2.34137308084993,,3167270623260.47,1829186719575.1,5.13140747176368,6.69445891957613,73.9180128154351,73.65435,1.0035797317529125,114.03,124.63,4341.881,0,0,0,0,0,0,1,0,11.567856175431647,10.717131328162134,1.2063818245601905,28.78389133081679,28.234892568467842,4.745192963907919,4.833341079016327,8.376293231744963,0.6949354465352616
1002,2021,9,Singapore,Russian Federation,SGP,RUS,Singapore,SGP,import,128.054,4.592,27.88632404181185,,436591382250.464,1829186719575.1,2.31610315765142,6.69445891957613,1.34348333333333,73.65435,0.0182403800092367,147.12,124.63,8431.775,0,0,1,0,0,0,0,0,4.860230921422351,1.721337004931509,3.363368266569798,26.802263542551977,28.234892568467842,4.998022756045412,4.833341079016327,9.039881178322222,0.018076019929192385
1003,2021,9,Slovakia,Russian Federation,SVK,RUS,Slovakia,SVK,import,1.906,0.222,8.585585585585585,,120560912620.599,1829186719575.1,3.14960629921267,6.69445891957613,0.84549413889045,73.65435,0.0114792152654995,95.33,124.63,1632.621,0,0,1,1,1,0,0,0,1.066777565148091,0.20048886074940356,2.2602604685892556,25.515420961090005,28.234892568467842,4.567779796769532,4.833341079016327,7.39855430237185,0.011413828986957926
1004,2021,9,Viet Nam,Russian Federation,VNM,RUS,Viet Nam,VNM,import,189658.927,103859.197,1.8261158614580852,,366474752771.009,1829186719575.1,1.83471554810446,6.69445891957613,23159.7825925926,73.65435,314.4387614932805,156.05,124.63,6737.911,0,0,0,0,0,0,0,0,12.15298788953835,11.550801014180644,1.038903281814736,26.627195468511484,28.234892568467842,5.056564225984656,4.833341079016327,8.815653618151782,5.7539645632786325
1005,2021,9,Slovenia,Russian Federation,SVN,RUS,Slovenia,SVN,import,78.635,5.898,13.33248558833503,,61529280461.092,1829186719575.1,1.91706506089263,6.69445891957613,0.84549413889045,73.65435,0.0114792152654995,135.32,124.63,1937.979,0,0,1,1,1,0,0,0,4.377453694703744,1.931231514514649,2.6625286802764365,24.84277900353149,28.234892568467842,4.915005063081005,4.833341079016327,7.569916824859094,0.011413828986957926
1006,2021,9,South Africa,Russian Federation,ZAF,RUS,South Africa,ZAF,import,43.296,10.731,4.034665921162985,,420886877628.703,1829186719575.1,4.61874544887136,6.69445891957613,14.7786782139167,73.65435,0.2006490888035357,93.02,124.63,10147.89,0,0,0,0,0,0,1,0,3.790894379520666,2.4622349105235832,1.616347172660935,26.76562993530583,28.234892568467842,4.5435075255959845,4.833341079016327,9.225119618883824,0.1828623178925928
1007,2021,9,Zimbabwe,Russian Federation,ZWE,RUS,Zimbabwe,ZWE,import,925.899,1273.842,0.7268554498909597,,27240507841.6729,1829186719575.1,98.5461050920623,6.69445891957613,88.5524472597436,73.65435,1.2022704329037404,75.98,124.63,8213.716,0,0,0,0,0,0,0,0,6.831844606016171,7.1505775283449875,0.5463020955404485,24.02797096132387,28.234892568467842,4.3435456478556,4.833341079016327,9.013682458966903,0.7894888431591817
1008,2021,9,Spain,Russian Federation,ESP,RUS,Spain,ESP,import,13831.501,3803.633,3.636392101971983,,1461244901852.69,1829186719575.1,3.09313511976412,6.69445891957613,0.84549413889045,73.65435,0.0114792152654995,104.93,124.63,3449.3,0,0,1,1,1,0,0,0,9.534776247065773,8.243974813607196,1.5339364995481237,28.010309860832635,28.234892568467842,4.662778498608405,4.833341079016327,8.146216462766645,0.011413828986957926
1009,2021,9,Sweden,Russian Federation,SWE,RUS,Sweden,SWE,import,2226.311,326.343,6.821997101209465,,637186904843.636,1829186719575.1,2.16319736447151,6.69445891957613,8.57656671607378,73.65435,0.1164434512839198,116.28,124.63,1232.383,0,0,1,1,1,0,0,0,7.708550307260279,5.791008550818536,2.0569399057387083,27.180328863679847,28.234892568467842,4.764564238138341,4.833341079016327,7.117516079423651,0.11014814281471336
1010,2021,9,Switzerland,Russian Federation,CHE,RUS,Switzerland,CHE,import,39811.691,2265.8140000000003,17.570590966425307,,815309330986.719,1829186719575.1,0.581814168489858,6.69445891957613,0.913845833333333,73.65435,0.0124072214788852,123.32,124.63,2296.397,0,0,1,0,0,0,0,0,10.591941009791237,7.72613060038368,2.9215791985752837,27.426833425401643,28.234892568467842,4.822858886619337,4.833341079016327,7.739532021886476,0.012330882692713702
1011,2021,9,Tajikistan,Russian Federation,TJK,RUS,Tajikistan,TJK,import,2.669,0.949,2.812434141201264,,8937805347.13963,1829186719575.1,,6.69445891957613,11.30885,73.65435,0.1535394718709757,,124.63,2986.597,0,0,0,0,0,0,0,1,1.299919145373145,0.6673164205254237,1.3382678673453126,22.913555909209744,28.234892568467842,,4.833341079016327,8.00222466433192,0.14283501726681894
1012,2021,9,Thailand,Russian Federation,THA,RUS,Thailand,THA,import,272.288,36.786,7.401946392649378,,506194668789.937,1829186719575.1,1.23039541318384,6.69445891957613,31.9770934417717,73.65435,0.4341507791701604,99.04,124.63,7067.929,0,0,0,0,0,0,0,0,5.610526184176414,3.6319386636511264,2.128463392418502,26.95018715317846,28.234892568467842,4.605570106009418,4.833341079016327,8.863464262267069,0.36057288251481556
1013,2021,9,United Arab Emirates,Russian Federation,ARE,RUS,United Arab Emirates,ARE,import,26136.333,5159.965,5.065215171033137,,415178792756.978,1829186719575.1,0.17993533617437,6.69445891957613,3.6725,73.65435,0.0498612777113639,115.3,124.63,3739.195,0,0,0,0,0,0,0,0,10.171119954429056,8.548878856494264,1.8025700192659826,26.751975090321107,28.234892568467842,4.7561730595246186,4.833341079016327,8.226893028086819,0.04865803897591526
1014,2021,9,Tunisia,Russian Federation,TUN,RUS,Tunisia,TUN,import,9.104,3.746,2.430325680726108,,47073234359.1819,1829186719575.1,5.70635020830701,6.69445891957613,2.79446666666667,73.65435,0.0379402800603992,98.66,124.63,2946.28,0,0,0,0,0,0,0,0,2.31293138504819,1.557302158013572,1.2326552073193322,24.574970403833106,28.234892568467842,4.601764392853259,4.833341079016327,7.988637990100837,0.037238249428070615
1015,2021,9,TÃ¼rkiye,Russian Federation,TUR,RUS,TÃ¼rkiye,TUR,import,3525.855,977.46,3.6071603953102938,,819865223976.115,1829186719575.1,19.5964926913324,6.69445891957613,8.85040754928315,73.65435,0.1201613692780283,135.87,124.63,1757.71,0,0,0,0,0,0,0,0,8.168161817964814,6.885979907104296,1.5276117009132397,27.432405802692443,28.234892568467842,4.919031570223175,4.833341079016327,7.472335864744235,0.11347275464104357
1016,2021,9,Uganda,Russian Federation,UGA,RUS,Uganda,UGA,import,12251.958,6388.161,1.9179162829490364,,40529788744.0595,1829186719575.1,2.20457204757409,6.69445891957613,3587.05170733909,73.65435,48.7011521700903,116.79,124.63,6185.184,0,0,0,0,0,0,0,0,9.413522656211589,8.762358239846586,1.0708697598155006,24.425303065262643,28.234892568467842,4.768903377970693,4.833341079016327,8.7300736973872,3.9060281153306597
1017,2021,9,Ukraine,Russian Federation,UKR,RUS,Ukraine,UKR,import,1236.848,216.72,5.707124400147656,,199765859570.935,1829186719575.1,9.36313917695222,6.69445891957613,27.2861893833333,73.65435,0.3704627002116413,110.23,124.63,763.4056,1,0,1,0,0,0,0,0,7.12112966703134,5.383209833565999,1.9031703047535022,26.02041181554707,28.234892568467842,4.711600129603938,4.833341079016327,6.639098538346609,0.31514842020036277
1018,2021,9,North Macedonia,Russian Federation,MKD,RUS,North Macedonia,MKD,import,301.506,42.857,7.035163450544834,,14000283827.0154,1829186719575.1,3.23074912132919,6.69445891957613,52.1021583333333,73.65435,0.707387388977478,104.49,124.63,1927.484,0,0,0,0,0,0,0,0,5.712101111984935,3.7809343411975886,2.083827341303026,23.36234343978584,28.234892568467842,4.658616161693717,4.833341079016327,7.564489481010288,0.5349643594694963
1019,2021,9,Egypt,Russian Federation,EGY,RUS,Egypt,EGY,import,1048.565,577.113,1.816914538400625,,424671765455.704,1829186719575.1,5.21404940513041,6.69445891957613,15.6445272777113,73.65435,0.2124046614722864,106.05,124.63,2905.404,0,0,0,0,0,0,0,0,6.956131071597248,6.359769351294508,1.0356421506280802,26.77458239090828,28.234892568467842,4.6732960150356915,4.833341079016327,7.974671857179097,0.19260571102444493
1020,2021,9,United Kingdom,Russian Federation,GBR,RUS,United Kingdom,GBR,import,18014.448,2329.073,7.734599988922632,,3143323050707.26,1829186719575.1,2.5183710961421,6.69445891957613,0.727064944688323,73.65435,0.0098713103121312,111.58,124.63,2510.88,0,0,1,1,0,0,0,0,9.798984891038403,7.75365487654106,2.1672921484816454,28.776301652651757,28.234892568467842,4.7236640800358805,4.833341079016327,7.828786755746396,0.009822907202576251
1021,2021,9,United Rep. of Tanzania,Russian Federation,TZA,RUS,United Rep. of Tanzania,TZA,import,7103.834999999999,3394.503,2.0927467143201817,,70655628147.8986,1829186719575.1,3.69091958802198,6.69445891957613,2297.76422623792,73.65435,31.196585486640235,150.52,124.63,6968.894,0,0,0,0,0,0,0,0,8.868530817179204,8.130207188075765,1.1290596003789226,24.98108360530886,28.234892568467842,5.020717629437768,4.833341079016327,8.849355295604493,3.4718604061400704
1022,2021,9,USA,Russian Federation,USA,RUS,USA,USA,import,494.596,36.086,13.70603558166602,,23681171000000.0,1829186719575.1,4.69785886363742,6.69445891957613,1.0,73.65435,0.0135769306225633,97.62,124.63,7517.972,0,0,1,1,0,0,0,0,6.205761078697396,3.6132395399051913,2.6882579933050366,30.79570137573525,28.234892568467842,4.59127408079598,4.833341079016327,8.925184705471638,0.013485589922218814
1023,2021,9,Uruguay,Russian Federation,URY,RUS,Uruguay,URY,import,31.919,4.33,7.371593533487298,,60739084240.8633,1829186719575.1,7.74791402314763,6.69445891957613,43.554575,73.65435,0.5913374430702328,104.21,124.63,13387.23,0,0,0,0,0,0,0,0,3.4940499986767715,1.673351238177753,2.124844252698882,24.829853219760587,28.234892568467842,4.655958352820196,4.833341079016327,9.502131241747438,0.46457482181970117
1024,2021,9,Uzbekistan,Russian Federation,UZB,RUS,Uzbekistan,UZB,import,2543.735,786.085,3.235954127098214,,77340060003.0347,1829186719575.1,10.8492397508122,6.69445891957613,10609.464390809,73.65435,144.0439619765703,149.44,124.63,2789.856,0,0,0,0,0,0,0,1,7.841781797826424,6.668336247667867,1.4436085983835951,25.07147789897262,28.234892568467842,5.013564333602136,4.833341079016327,7.93410363779468,4.977036882514286
1025,2021,9,Yemen,Russian Federation,YEM,RUS,Yemen,YEM,import,61.072,3.28,18.619512195121956,,,1829186719575.1,,6.69445891957613,1028.107754329,73.65435,13.958547653044254,,124.63,4525.518,0,0,0,0,0,0,0,0,4.128295001591648,1.4539530095937052,2.9765245911941896,,28.234892568467842,,4.833341079016327,8.417708269489937,2.705282885817809
1026,2021,9,Zambia,Russian Federation,ZMB,RUS,Zambia,ZMB,import,11.294,1.602,7.049937578027466,,22096416932.0089,1829186719575.1,22.0207676245776,6.69445891957613,20.0184865859688,73.65435,0.2717896035464138,,124.63,7975.7,0,0,0,0,0,0,0,0,2.509111338484818,0.9562803800903137,2.085664337118105,23.818681302597568,28.234892568467842,,4.833341079016327,8.98428007108057,0.24042504521987623
1027,2022,9,Azerbaijan,Russian Federation,AZE,RUS,Azerbaijan,AZE,import,4391.490000000001,1039.863,4.223142856318574,,78807470588.2353,2291612121334.64,13.8522590144267,13.75,1.7,68.4849416666667,0.0248229750749343,165.39,125.33,1930.747,1,0,0,0,0,0,0,1,8.387651543450806,6.947805455727668,1.6530993004717665,25.09027363374851,28.460276668930817,5.114334430427416,4.838897530841946,7.566180053816499,0.024519890430791474
1028,2022,9,Argentina,Russian Federation,ARG,RUS,Argentina,ARG,import,2082.597,2608.74,0.7983152786402633,,632790070063.124,2291612121334.64,72.430757531824,13.75,130.61655,68.4849416666667,1.9072302147199505,97.06,125.33,13505.36,0,0,0,0,0,0,0,0,7.641851006054297,7.867005878496412,0.5868502703105506,27.17340456121625,28.460276668930817,4.585579536223087,4.838897530841946,9.510915964599635,1.0672008116712377
1029,2022,9,Austria,Russian Federation,AUT,RUS,Austria,AUT,import,41672.585,5143.768,8.101567761220958,,471773629830.381,2291612121334.64,8.54686993188449,13.75,0.949623753156941,68.4849416666667,0.0138661686795178,122.96,125.33,1675.699,0,0,1,1,1,0,0,0,10.637622753833213,8.545735554928818,2.2084466801369116,26.87976510967328,28.460276668930817,4.819958932919548,4.838897530841946,7.42458225853397,0.01377091290762478
1030,2022,9,Armenia,Russian Federation,ARM,RUS,Armenia,ARM,import,22296.144,5039.349,4.424409581475702,,19513506553.1251,2291612121334.64,8.64091108973852,13.75,435.6661796523,68.4849416666667,6.361488657941712,183.33,125.33,1803.035,0,0,0,0,0,1,0,1,10.012213877497445,8.525230604699765,1.690909060596088,23.69437270655039,28.460276668930817,5.216727629508083,4.838897530841946,7.497781101764742,1.9962621755956178
1031,2022,9,Belgium,Russian Federation,BEL,RUS,Belgium,BEL,import,5014.089,533.63,9.396190244176676,,593614574325.878,2291612121334.64,9.59751172872501,13.75,0.949623753156941,68.4849416666667,0.0138661686795178,136.39,125.33,2261.25,0,0,1,1,1,0,0,0,8.520206446998285,6.281574918853118,2.341439416359466,27.10949608093564,28.460276668930817,4.9228235969358565,4.838897530841946,7.724115172231243,0.01377091290762478
1032,2022,9,Brazil,Russian Federation,BRA,RUS,Brazil,BRA,import,130409.72,32477.73,4.015358216230013,,1951923942083.32,2291612121334.64,9.28010608956872,13.75,5.16397029102111,68.4849416666667,0.0754030034245402,96.56,125.33,11820.15,0,0,0,0,0,0,1,0,11.778444133684706,10.38834069252593,1.6125048478220976,28.299836639064182,28.460276668930817,4.580467573347719,4.838897530841946,9.377645578951656,0.07269547823363619
1033,2022,9,Bulgaria,Russian Federation,BGR,RUS,Bulgaria,BGR,import,156.375,36.446,4.290594303901663,,90509236929.2237,2291612121334.64,15.3252589264367,13.75,1.86014166666667,68.4849416666667,0.0271613236632432,131.62,125.33,1785.898,0,0,1,1,1,0,0,0,5.058631492364511,3.6228998951799607,1.6659305843429286,25.228717747971295,28.460276668930817,4.887487895940722,4.838897530841946,7.488236434627176,0.026799001047699576
1034,2022,9,Cambodia,Russian Federation,KHM,RUS,Cambodia,KHM,import,46.609,6.624,7.036382850241546,,39994532959.6074,2291612121334.64,5.34370264895434,13.75,4102.03786482335,68.4849416666667,59.896931573498186,188.05,125.33,7534.794,0,0,0,0,0,0,0,0,3.8630218189950822,2.031301166351901,2.0839790877095297,24.41200860573452,28.460276668930817,5.242011530336942,4.838897530841946,8.927419480426103,4.109182788774879
1035,2022,9,Sri Lanka,Russian Federation,LKA,RUS,Sri Lanka,LKA,import,131543.87,24848.558,5.293823086233012,,74143020262.8076,2291612121334.64,49.7211021114328,13.75,322.632674256475,68.4849416666667,4.711001665545818,92.23,125.33,6576.936,0,0,0,0,0,0,0,0,11.787103289128805,10.120595244646267,1.8395686899270245,25.02926177114446,28.460276668930817,4.535069558308602,4.838897530841946,8.791476297300637,1.7423944313208934
1036,2022,9,China,Russian Federation,CHN,RUS,China,CHN,import,86281.05900000001,31128.08,2.7718079303317134,,18316765021690.2,2291612121334.64,1.97357555739052,13.75,6.73715811237119,68.4849416666667,0.0983742987642833,153.17,125.33,5795.045,1,0,0,0,0,0,1,0,11.365376964381538,10.345897709513558,1.3275544436263194,30.53883787779672,28.460276668930817,5.038055889672248,4.838897530841946,8.664931067385588,0.09383117640351574
1037,2022,9,Colombia,Russian Federation,COL,RUS,Colombia,COL,import,10907.979,1743.722,6.2555722758559,,345632492851.448,2291612121334.64,10.1772313546166,13.75,4256.19416666667,68.4849416666667,62.14788336073394,127.75,125.33,10979.1,0,0,0,0,0,0,0,0,9.297341490579862,7.4643505096240546,1.981769763425947,26.56864188812711,28.460276668930817,4.857872539543846,4.838897530841946,9.303839822490172,4.14547933059002
1038,2022,9,Costa Rica,Russian Federation,CRI,RUS,Costa Rica,CRI,import,251.615,45.985,5.471675546373818,,69243626028.6698,2291612121334.64,8.27477490232656,13.75,647.135817631363,68.4849416666667,9.449315453623871,132.1,125.33,10967.48,0,0,0,0,0,0,0,0,5.5318665905761275,3.8498284018350284,1.867435046604276,24.960896934884797,28.460276668930817,4.891100725401066,4.838897530841946,9.302780983960698,2.3465364694349025
1039,2022,9,Croatia,Russian Federation,HRV,RUS,Croatia,HRV,import,5.648000000000001,0.865,6.529479768786128,,71198635101.9514,2291612121334.64,10.7805806758686,13.75,7.1597415,68.4849416666667,0.1045447557632194,110.99,125.33,1875.36,0,0,1,1,1,0,0,0,1.8943160575531472,0.6232610530957788,2.0188259516145224,24.988739485278227,28.460276668930817,4.718409581594602,4.838897530841946,7.537089008810755,0.09943326434563392
1041,2022,9,Cyprus,Russian Federation,CYP,RUS,Cyprus,CYP,import,20.222,2.227,9.080377189043558,,30935566076.6788,2291612121334.64,8.39548297993332,13.75,0.949623753156941,68.4849416666667,0.0138661686795178,142.69,125.33,2316.67,0,0,1,0,1,0,0,0,3.0550383794513984,1.1715529130698248,2.310590681491101,24.155172364700967,28.460276668930817,4.9676582012411155,4.838897530841946,7.748317649657977,0.01377091290762478
1042,2022,9,Czechia,Russian Federation,CZE,RUS,Czechia,CZE,import,299.512,43.599,6.869698846303813,,301831228325.556,2291612121334.64,15.1001651468372,13.75,23.357,68.4849416666667,0.3410530757795538,117.8,125.33,1673.0,0,0,1,1,1,0,0,0,5.705487686622203,3.7977114372499883,2.063019795662055,26.43313385150751,28.460276668930817,4.777441406928545,4.838897530841946,7.422971251049421,0.29345518277025856
1043,2022,9,Dominican Rep.,Russian Federation,DOM,RUS,Dominican Rep.,DOM,import,22.018,2.466,8.928629359286294,,113478087134.8,2291612121334.64,8.81109209279586,13.75,55.1409916666667,68.4849416666667,0.8051549774993116,128.95,125.33,9365.754,0,0,0,0,0,0,0,0,3.1362765185462993,1.2430011912934145,2.295422438246671,25.454875590345626,28.460276668930817,4.867149761087499,4.838897530841946,9.144921890453677,0.5906464482094979
1044,2022,9,El Salvador,Russian Federation,SLV,RUS,El Salvador,SLV,import,197.496,32.773,6.026180087266956,,31870120000.0,2291612121334.64,7.19861615609861,13.75,1.0,68.4849416666667,0.014601750044079,97.74,125.33,10866.28,0,0,0,0,0,0,0,0,5.290768948790707,3.519661666696959,1.949643185064677,24.18493473069646,28.460276668930817,4.592490132830717,4.838897530841946,9.293511718811708,0.014496171010071765
1045,2022,9,Ethiopia,Russian Federation,ETH,RUS,Ethiopia,ETH,import,10099.85,2208.21,4.573772422006965,,126772707851.339,2291612121334.64,33.8898797100898,13.75,51.7562150334169,68.4849416666667,0.7557313151455588,,125.33,5198.625,0,0,0,0,0,0,0,0,9.220374857704071,7.700390264542227,1.7180720997380856,25.565661618024986,28.460276668930817,,4.838897530841946,8.556341786584463,0.562885473907561
1046,2022,9,Estonia,Russian Federation,EST,RUS,Estonia,EST,import,16890.294,3244.932,5.205130338632675,,38376046174.971,2291612121334.64,19.3982634080616,13.75,0.949623753156941,68.4849416666667,0.0138661686795178,133.29,125.33,871.7853,1,0,1,1,1,0,0,0,9.734553620247889,8.08515779899497,1.8253764238562136,24.370699304396727,28.460276668930817,4.900001640593084,4.838897530841946,6.771689592030556,0.01377091290762478
1047,2022,9,Finland,Russian Federation,FIN,RUS,Finland,FIN,import,22392.742,3948.81,5.670757012872233,,280253099309.34,2291612121334.64,7.12350773301401,13.75,0.949623753156941,68.4849416666667,0.0138661686795178,120.42,125.33,892.6777,1,0,1,1,1,0,0,0,10.016536823810666,8.281422755472441,1.8977333486706847,26.35895895792884,28.460276668930817,4.799255609702288,4.838897530841946,6.795345195631136,0.01377091290762478
1048,2022,9,France,Russian Federation,FRA,RUS,France,FRA,import,2287.799,157.42700000000002,14.532443608783751,,2796302210398.84,2291612121334.64,5.22236748369736,13.75,0.949623753156941,68.4849416666667,0.0138661686795178,99.32,125.33,2494.316,0,0,1,1,1,0,0,0,7.735782504825634,5.065293919400054,2.7429309724185407,28.65931902115439,28.460276668930817,4.608365076884611,4.838897530841946,7.822170653472379,0.01377091290762478
1049,2022,9,Georgia,Russian Federation,GEO,RUS,Georgia,GEO,import,6504.1720000000005,2165.701,3.003264070155576,,24984568959.605,2291612121334.64,11.8981654203198,13.75,2.9162,68.4849416666667,0.0425816234785432,134.99,125.33,1644.856,1,0,0,0,0,0,0,0,8.78035283179612,7.680961013243916,1.3871100458974865,23.941524229666808,28.460276668930817,4.912581353620868,4.838897530841946,7.406015892598331,0.0416999675285346
1050,2022,9,Germany,Russian Federation,DEU,RUS,Germany,DEU,import,97887.516,18864.604,5.188951541203833,,4163596357879.39,2291612121334.64,6.87257438551096,13.75,0.949623753156941,68.4849416666667,0.0138661686795178,96.89,125.33,2065.183,0,0,1,1,1,0,0,0,11.491584518267237,9.845095648848508,1.822765692900078,29.057400325834816,28.460276668930817,4.583844399273339,4.838897530841946,7.633458222717186,0.01377091290762478
1051,2022,9,Greece,Russian Federation,GRC,RUS,Greece,GRC,import,109.43,9.19,11.907508161044614,,218880566444.349,2291612121334.64,9.64525981280638,13.75,0.949623753156941,68.4849416666667,0.0138661686795178,123.67,125.33,2233.583,0,0,1,1,1,0,0,0,4.7043818360590395,2.321406847234633,2.557809170042985,26.111792059303735,28.460276668930817,4.825670246356884,4.838897530841946,7.711809912458774,0.01377091290762478
1052,2022,9,Guatemala,Russian Federation,GTM,RUS,Guatemala,GTM,import,4171.293,696.2660000000001,5.99094742526563,,95641441234.943,2291612121334.64,6.88512823344283,13.75,7.74824375,68.4849416666667,0.1131379185180975,126.31,125.33,10835.78,0,0,0,0,0,0,0,0,8.33622104376011,6.54716697353725,1.9446160871562161,25.28387204880759,28.460276668930817,4.846625057073554,4.838897530841946,9.29070118289567,0.10718298062552556
1053,2022,9,"China, Hong Kong SAR",Russian Federation,HKG,RUS,"China, Hong Kong SAR",HKG,import,56.956,20.275,2.8091738594327995,,358679533984.718,2291612121334.64,1.88136707196852,13.75,7.83141666666666,68.4849416666667,0.1143523886577011,101.23,125.33,7145.355,0,0,0,0,0,0,0,0,4.059684101958476,3.0575326744594378,1.3374123308320058,26.605695163781387,28.460276668930817,4.627225176768922,4.838897530841946,8.874357715491055,0.10827341882499221
1054,2022,9,Hungary,Russian Federation,HUN,RUS,Hungary,HUN,import,11.231,1.381,8.132512671976828,,177536698164.902,2291612121334.64,14.6081439492433,13.75,372.595833333333,68.4849416666667,5.440551225798656,126.46,125.33,1574.19,0,0,1,0,1,0,0,0,2.503973712505226,0.8675205675047258,2.2118408672556593,25.902443174722432,28.460276668930817,4.847802589886148,4.838897530841946,7.362131178904561,1.8626141305214134
1055,2022,9,Indonesia,Russian Federation,IDN,RUS,Indonesia,IDN,import,57878.127,29932.5,1.9336215484840893,,1319101183380.15,2291612121334.64,4.20946463714783,13.75,14849.8539362105,68.4849416666667,216.8338553676288,118.5,125.33,9302.706,0,0,0,0,0,0,0,0,10.96611209770147,10.30673353353541,1.076237683154359,27.90797169891342,28.460276668930817,4.783316371371566,4.838897530841946,9.138168094387108,5.383732640878202
1056,2022,9,Iran,Russian Federation,IRN,RUS,Iran,IRN,import,5180.37,4513.21,1.1478238327044388,,394362621793.035,2291612121334.64,43.4884641742178,13.75,42000.0,68.4849416666667,613.2735018513191,,125.33,2466.589,0,0,0,0,0,0,0,0,8.552824779049665,8.414985478227138,0.7644551587136114,26.700536682856214,28.460276668930817,,4.838897530841946,7.810996839552813,6.420440271721562
1057,2022,9,Ireland,Russian Federation,IRL,RUS,Ireland,IRL,import,0.012,0.002,6.0,,548570250341.987,2291612121334.64,7.82945736434107,13.75,0.949623753156941,68.4849416666667,0.0138661686795178,193.61,125.33,2802.315,0,0,1,1,1,0,0,0,0.011928570865273812,0.001998002662673058,1.9459101490553132,27.0305811856583,28.460276668930817,5.270997555893074,4.838897530841946,7.938557924443968,0.01377091290762478
1058,2022,9,Israel,Russian Federation,ISR,RUS,Israel,ISR,import,50.0,10.705,4.670714619336758,,525181008025.57,2291612121334.64,4.41162725488366,13.75,3.35961440158189,68.4849416666667,0.0490562497363868,127.26,125.33,2643.989,0,0,0,0,0,0,0,0,3.9318256327243257,2.460016100942874,1.7353151449542923,26.9870088173095,28.460276668930817,4.8540594537207165,4.838897530841946,7.880422185493582,0.04789095022285621
1059,2022,9,Italy,Russian Federation,ITA,RUS,Italy,ITA,import,66463.342,10190.003,6.522406519409268,,2104067630319.46,2291612121334.64,8.20128991161714,13.75,0.949623753156941,68.4849416666667,0.0138661686795178,105.71,125.33,2383.171,0,0,1,1,1,0,0,0,11.104420872305354,9.229260551206043,2.017886102646481,28.374893553975845,28.460276668930817,4.6701148746284735,4.838897530841946,7.776606753800817,0.01377091290762478
1060,2022,9,Japan,Russian Federation,JPN,RUS,Japan,JPN,import,2757.7580000000003,172.18099999999998,16.016622043082574,,4262463317796.53,2291612121334.64,2.49770278172251,13.75,131.498140443764,68.4849416666667,1.9201029780210408,95.22,125.33,7486.303,0,0,1,1,0,0,0,0,7.922535857430811,5.154337290341822,2.8341906335933422,29.080868352705853,28.460276668930817,4.5666372362713075,4.838897530841946,8.920963931560047,1.0716188821039059
1061,2022,9,Kazakhstan,Russian Federation,KAZ,RUS,Kazakhstan,KAZ,import,22761.9,3833.606,5.937464622081665,,225496328925.494,2291612121334.64,15.0278644440851,13.75,460.165,68.4849416666667,6.719214309033625,147.1,125.33,3104.607,1,1,0,0,0,1,0,1,10.032887296643683,8.251821970583427,1.9369363795397903,26.141569716051503,28.460276668930817,4.997887721273753,4.838897530841946,8.040964466404994,2.0437125854161766
1062,2022,9,Kenya,Russian Federation,KEN,RUS,Kenya,KEN,import,49836.999,21459.319,2.322394247459577,,114448978152.637,2291612121334.64,7.65986268272222,13.75,117.865989201682,68.4849416666667,1.721049713021078,121.13,125.33,6348.253,0,0,0,0,0,0,0,0,10.816533004180243,9.973960880939073,1.2006856818916536,25.463394954983915,28.460276668930817,4.805086051182997,4.838897530841946,8.756092447171593,1.0010177297632379
1063,2022,9,Rep. of Korea,Russian Federation,KOR,RUS,Rep. of Korea,KOR,import,260.45000000000005,93.654,2.780981057936661,,1673916511799.71,2291612121334.64,5.0895136506284,13.75,1291.44666666667,68.4849416666667,18.85738142192576,,125.33,6614.064,0,0,1,1,0,0,0,0,5.5662430606341395,4.550228137723799,1.3299835150937238,28.14618721327583,28.460276668930817,,4.838897530841946,8.797104751483356,2.9885757980570253
1064,2022,9,Kyrgyzstan,Russian Federation,KGZ,RUS,Kyrgyzstan,KGZ,import,351.933,217.011,1.6217288524544835,,12134931017.9465,2291612121334.64,13.9229093174176,13.75,84.1162225704045,68.4849416666667,1.2282440566251651,154.99,125.33,2985.871,0,1,0,0,0,1,0,1,5.866278237218958,5.384545520231687,0.9638339675053127,23.21935399163799,28.460276668930817,5.049791902630777,4.838897530841946,8.001981630139227,0.8012138567414637
1065,2022,9,Lebanon,Russian Federation,LBN,RUS,Lebanon,LBN,import,24.657,5.72,4.310664335664336,,20992421948.8081,2291612121334.64,171.205491336641,13.75,1507.5,68.4849416666667,22.01213819144913,,125.33,2441.484,0,0,0,0,0,0,0,0,3.2448164388685545,1.9050881545350582,1.6697169377228092,23.767427350011417,28.460276668930817,,4.838897530841946,7.80077083323018,3.1360218241737483
1066,2022,9,Latvia,Russian Federation,LVA,RUS,Latvia,LVA,import,12558.65,2047.339,6.134133135743518,,38014713595.7686,2291612121334.64,17.3102830198815,13.75,0.949623753156941,68.4849416666667,0.0138661686795178,130.99,125.33,847.8519,1,0,1,1,1,0,0,0,9.43824457339188,7.624784499805009,1.9648907489077165,24.361239121645216,28.460276668930817,4.882726162140863,4.838897530841946,6.743884730576574,0.01377091290762478
1067,2022,9,Lithuania,Russian Federation,LTU,RUS,Lithuania,LTU,import,20574.685,2347.23,8.765517226688479,,71033884499.7824,2291612121334.64,19.7050461518394,13.75,0.949623753156941,68.4849416666667,0.0138661686795178,156.52,125.33,794.0689,1,0,1,1,1,0,0,0,9.931865317822183,7.761417131857625,2.278857530328733,24.986422846631733,28.460276668930817,5.05955243433087,4.838897530841946,6.67842877756566,0.01377091290762478
1068,2022,9,Luxembourg,Russian Federation,LUX,RUS,Luxembourg,LUX,import,0.005,0.001,5.0,,80801680397.0139,2291612121334.64,6.33600807777913,13.75,0.949623753156941,68.4849416666667,0.0138661686795178,126.75,125.33,2214.132,0,0,1,1,1,0,0,0,0.004987541511038968,0.0009995003330834232,1.791759469228055,25.115263599262327,28.460276668930817,4.850075229083814,4.838897530841946,7.703067274383062,0.01377091290762478
1069,2022,9,Madagascar,Russian Federation,MDG,RUS,Madagascar,MDG,import,1388.721,195.7,7.09617271333674,,15325603272.6073,2291612121334.64,8.16059031991847,13.75,4096.11618374535,68.4849416666667,59.81046466655648,,125.33,8356.116,0,0,0,0,0,0,0,0,7.236858286553438,5.281679725395013,2.0913914454866247,23.452790683319,28.460276668930817,,4.838897530841946,9.030868670484256,4.107761890388081
1070,2022,9,Malawi,Russian Federation,MWI,RUS,Malawi,MWI,import,854.516,571.6,1.494954513645906,,12429060150.742,2291612121334.64,20.953969729969,13.75,949.039016666667,68.4849416666667,13.85763050344522,127.04,125.33,7767.932,0,0,0,0,0,0,0,0,6.751704795670508,6.350187392664015,0.9142704980336503,23.243303128326524,28.460276668930817,4.8523427151016625,4.838897530841946,8.957887982176885,2.698513571894692
1071,2022,9,Mexico,Russian Federation,MEX,RUS,Mexico,MEX,import,1029.05,137.0,7.511313868613138,,1466464899303.68,2291612121334.64,7.89627619168551,13.75,20.12735,68.4849416666667,0.293894533749694,110.55,125.33,10736.3,0,0,0,0,0,0,0,0,6.937362623734795,4.927253685157205,2.1413963218095766,28.013875790065317,28.460276668930817,4.714472920878541,4.838897530841946,9.281478939809377,0.25765668869964925
1073,2022,9,Mongolia,Russian Federation,MNG,RUS,Mongolia,MNG,import,0.524,0.027,19.40740740740741,,17146471713.748,2291612121334.64,15.1509728200805,13.75,3140.67788364809,68.4849416666667,45.85939342599652,138.8,125.33,4632.875,1,0,0,0,0,0,0,0,0.42133845726445457,0.026641930946421092,3.0158979431485853,23.565058258474366,28.460276668930817,4.94021282979971,4.838897530841946,8.441148730092465,3.847151488608259
1074,2022,9,Rep. of Moldova,Russian Federation,MDA,RUS,Rep. of Moldova,MDA,import,2.043,0.18,11.35,,14525337523.7271,2291612121334.64,28.7372976766236,13.75,18.8971896198157,68.4849416666667,0.2759320393641136,111.76,125.33,1150.314,0,0,0,0,0,0,0,1,1.112843870914834,0.16551443847757333,2.513656063073986,23.399160376917127,28.460276668930817,4.7252616662459115,4.838897530841946,7.0486591777724525,0.24367692281776607
1075,2022,9,Morocco,Russian Federation,MAR,RUS,Morocco,MAR,import,0.159,0.02,7.95,,130951926351.241,2291612121334.64,6.65704202759066,13.75,10.1606602430359,68.4849416666667,0.1483634211516214,119.7,125.33,4156.454,0,0,0,0,0,0,0,0,0.1475575643576147,0.01980262729617973,2.191653532286764,25.5980961183856,28.460276668930817,4.793308128103486,4.838897530841946,8.33265814666432,0.1383378167474034
1076,2022,9,Mozambique,Russian Federation,MOZ,RUS,Mozambique,MOZ,import,69.0,19.0,3.631578947368421,,18883528581.3734,2291612121334.64,10.2794018093421,13.75,63.8508333333333,68.4849416666667,0.932333908439482,,125.33,9107.99,0,0,0,0,0,0,0,0,4.248495242049359,2.995732273553991,1.5328978353117662,23.661555875453853,28.460276668930817,,4.838897530841946,9.11701711692886,0.6587285513120823
1077,2022,9,Nepal,Russian Federation,NPL,RUS,Nepal,NPL,import,665.704,151.19299999999998,4.403008075770704,,41182939600.6209,2291612121334.64,7.6507917679853,13.75,125.199457792609,68.4849416666667,1.8281311883418985,134.32,125.33,4889.868,0,0,0,0,0,0,0,0,6.502346169306031,5.025149452254278,1.6869558495435257,24.441289920204756,28.460276668930817,4.907642343912507,4.838897530841946,8.495125071829223,1.0396161360467517
1078,2022,9,Netherlands,Russian Federation,NLD,RUS,Netherlands,NLD,import,44782.948,7968.550999999999,5.619961270248505,,1046540797548.64,2291612121334.64,10.0012078753473,13.75,0.949623753156941,68.4849416666667,0.0138661686795178,122.27,125.33,2155.229,0,0,1,1,1,0,0,0,10.709605050625585,8.983383433936336,1.8900895195161695,27.676511362830954,28.460276668930817,4.814377071563428,4.838897530841946,7.67611614160181,0.01377091290762478
1079,2022,9,New Zealand,Russian Federation,NZL,RUS,New Zealand,NZL,import,0.001,0.003,0.3333333333333333,,249509991440.438,2291612121334.64,7.17222476016446,13.75,1.57718333333333,68.4849416666667,0.0230296368070206,103.59,125.33,16774.49,0,0,1,1,0,0,0,0,0.0009995003330834232,0.002995508979798371,0.28768207245178085,26.242764797193637,28.460276668930817,4.650047944766177,4.838897530841946,9.727674171547402,0.022768457035699186
1080,2022,9,Nicaragua,Russian Federation,NIC,RUS,Nicaragua,NIC,import,1803.913,413.44,4.363179663312693,,15634572502.2294,2291612121334.64,10.4674244465991,13.75,35.874421141967,68.4849416666667,0.5238293304910262,130.21,125.33,10876.95,0,0,0,0,0,0,0,0,7.498267670159367,6.026928211383551,1.6795570199641208,23.472750485188158,28.460276668930817,4.876799093117625,4.838897530841946,9.294493083539175,0.4212264631265645
1081,2022,9,Nigeria,Russian Federation,NGA,RUS,Nigeria,NGA,import,163.701,156.0,1.0493653846153843,,477403400101.174,2291612121334.64,18.8471877843274,13.75,425.979158066857,68.4849416666667,6.220041190079476,100.38,125.33,6263.33,0,0,0,0,0,0,0,0,5.104131708810578,5.056245805348308,0.7175301767438033,26.891627672950147,28.460276668930817,4.6188758330442035,4.838897530841946,8.74262691827533,1.9768606578856187
1082,2022,9,Norway,Russian Federation,NOR,RUS,Norway,NOR,import,0.808,0.017,47.52941176470589,,596297651035.798,2291612121334.64,5.76412317852275,13.75,9.61416666666667,68.4849416666667,0.1403836585487831,99.7,125.33,1649.799,1,0,1,1,0,0,0,0,0.5922212619699848,0.016857117066422806,3.882170042278465,27.11400579383712,28.460276668930817,4.612145799724517,4.838897530841946,7.4090146921113424,0.13136474837530202
1083,2022,9,Pakistan,Russian Federation,PAK,RUS,Pakistan,PAK,import,17.065,3.369,5.0653012763431295,,374890295666.694,2291612121334.64,19.8738599646655,13.75,204.867187469982,68.4849416666667,2.991419463670156,128.32,125.33,3658.638,0,0,0,0,0,0,0,0,2.8939763645996037,1.4745341499692988,1.8025842157448162,26.64989927523107,28.460276668930817,4.862289952857232,4.838897530841946,8.205119514399957,1.3841469229416612
1084,2022,9,Peru,Russian Federation,PER,RUS,Peru,PER,import,7013.428,2413.238,2.90623137875336,,246065570308.155,2291612121334.64,8.33370630096233,13.75,3.83518137473542,68.4849416666667,0.0560003598075939,107.34,125.33,12666.63,0,0,0,0,0,0,0,0,8.855724449653941,7.789138988346945,1.3625730674520724,26.228863883333883,28.460276668930817,4.685274430229753,4.838897530841946,9.446805199780137,0.05448852601089993
1085,2022,9,Poland,Russian Federation,POL,RUS,Poland,POL,import,18346.279,2362.451,7.765781808807886,,695607522884.822,2291612121334.64,14.4294507575758,13.75,4.45775833333333,68.4849416666667,0.0650910729402435,153.21,125.33,1156.427,1,0,1,1,1,0,0,0,9.817236559108903,7.767878118053075,2.1708557110648794,27.26805143432755,28.460276668930817,5.038315309869565,4.838897530841946,7.053954717016941,0.06306031000311334
1086,2022,9,Portugal,Russian Federation,PRT,RUS,Portugal,PRT,import,1119.237,164.292,6.812486304871813,,256898675068.927,2291612121334.64,7.83269124233322,13.75,0.949623753156941,68.4849416666667,0.0138661686795178,98.73,125.33,3913.34,0,0,1,1,1,0,0,0,7.021295549046364,5.1077136068016085,2.0557232620845753,26.271947583672254,28.460276668930817,4.602466534413777,4.838897530841946,8.27240201183782,0.01377091290762478
1087,2022,9,Romania,Russian Federation,ROU,RUS,Romania,ROU,import,63.246,17.929000000000002,3.5275810139996646,,296354358293.475,2291612121334.64,13.7954887432521,13.75,4.688475,68.4849416666667,0.0684599400379134,113.84,125.33,,,,1,1,1,0,0,0,4.162719465027955,2.9406951376240826,1.5101878043756194,26.414821731650402,28.460276668930817,4.743539855252863,4.838897530841946,,0.06621830329876391
1088,2022,9,Russian Federation,Azerbaijan,RUS,AZE,Azerbaijan,AZE,export,6890.482999999999,1286.494,5.356016429147745,2498.9929999999986,78807470588.2353,2291612121334.64,13.8522590144267,13.75,1.7,68.4849416666667,0.0248229750749343,165.39,125.33,1930.747,1,0,0,0,0,0,0,1,8.838041580324514,7.160452972332858,1.849401833496136,25.09027363374851,28.460276668930817,5.114334430427416,4.838897530841946,7.566180053816499,0.024519890430791474
1089,2022,9,Russian Federation,Australia,RUS,AUS,Australia,AUS,export,2.731,0.3,9.103333333333332,2.731,1690858246994.43,2291612121334.64,6.59409671341846,13.75,1.44166445896522,68.4849416666667,0.0210508240772425,101.4,125.33,14503.07,0,0,1,1,0,0,0,0,1.3166762942390207,0.26236426446749106,2.3128654024016018,28.156257354416056,28.460276668930817,4.628886712605407,4.838897530841946,9.582184578677866,0.0208323166676466
1090,2022,9,Russian Federation,Austria,RUS,AUT,Austria,AUT,export,1166.763,660.019,1.7677718368713626,-40505.822,471773629830.381,2291612121334.64,8.54686993188449,13.75,0.949623753156941,68.4849416666667,0.0138661686795178,122.96,125.33,1675.699,0,0,1,1,1,0,0,0,7.062845231840054,6.493782583765354,1.0180426054820237,26.87976510967328,28.460276668930817,4.819958932919548,4.838897530841946,7.42458225853397,0.01377091290762478
1091,2022,9,Russian Federation,Bahrain,RUS,BHR,Bahrain,BHR,export,2.004,0.16,12.525,2.004,46458191489.3617,2291612121334.64,3.62574104304489,13.75,0.376,68.4849416666667,0.0054902580165737,122.62,125.33,3450.924,0,0,0,0,0,0,0,0,1.0999447339018884,0.14842000511827322,2.6045398247325453,24.561818637365764,28.460276668930817,4.817212344231128,4.838897530841946,8.146687035738479,0.005475241488033431
1092,2022,9,Russian Federation,Armenia,RUS,ARM,Armenia,ARM,export,3984.155,790.4680000000001,5.040248308596932,-18311.989,19513506553.1251,2291612121334.64,8.64091108973852,13.75,435.6661796523,68.4849416666667,6.361488657941712,183.33,125.33,1803.035,0,0,0,0,0,1,0,1,8.290331486327364,6.673889448939652,1.7984451217965585,23.69437270655039,28.460276668930817,5.216727629508083,4.838897530841946,7.497781101764742,1.9962621755956178
1093,2022,9,Russian Federation,Belgium,RUS,BEL,Belgium,BEL,export,31.502,12.333,2.5542852509527285,-4982.587,593614574325.878,2291612121334.64,9.59751172872501,13.75,0.949623753156941,68.4849416666667,0.0138661686795178,136.39,125.33,2261.25,0,0,1,1,1,0,0,0,3.4813016259038165,2.5902421651333216,1.268153988456698,27.10949608093564,28.460276668930817,4.9228235969358565,4.838897530841946,7.724115172231243,0.01377091290762478
1094,2022,9,Russian Federation,Bosnia Herzegovina,RUS,BIH,Bosnia Herzegovina,BIH,export,6.021,3.274,1.839034819792303,6.021,24534663636.1778,2291612121334.64,14.0208440826771,13.75,1.85932587706093,68.4849416666667,0.0271494117073317,110.21,125.33,1902.116,0,0,0,0,0,0,0,0,1.9489056580351118,1.4525501568969559,1.0434641422244642,23.923352796884533,28.460276668930817,4.71142030583075,4.838897530841946,7.551247821823041,0.02678740401351512
1095,2022,9,Russian Federation,Bulgaria,RUS,BGR,Bulgaria,BGR,export,75.43599999999999,7.698999999999999,9.798155604623975,-80.93900000000001,90509236929.2237,2291612121334.64,15.3252589264367,13.75,1.86014166666667,68.4849416666667,0.0271613236632432,131.62,125.33,1785.898,0,0,1,1,1,0,0,0,4.336453789379124,2.1632080765254034,2.37937534219643,25.228717747971295,28.460276668930817,4.887487895940722,4.838897530841946,7.488236434627176,0.026799001047699576
1096,2022,9,Russian Federation,Canada,RUS,CAN,Canada,CAN,export,73.317,6.632,11.055036188178528,73.317,2190411080134.32,2291612121334.64,6.80280115341609,13.75,1.30155477474355,68.4849416666667,0.0190049774894828,105.14,125.33,7495.521,0,0,1,1,0,0,0,0,4.308339727705925,2.0323499341459854,2.4894825135513603,28.415110349966394,28.460276668930817,4.664758977399749,4.838897530841946,8.92219432523831,0.018826638909209967
1097,2022,9,Russian Federation,Sri Lanka,RUS,LKA,Sri Lanka,LKA,export,2704.1600000000003,3051.378,0.8862094437332905,-128839.71,74143020262.8076,2291612121334.64,49.7211021114328,13.75,322.632674256475,68.4849416666667,4.711001665545818,92.23,125.33,6576.936,0,0,0,0,0,0,0,0,7.902916339254042,8.023676237946182,0.6345692298658774,25.02926177114446,28.460276668930817,4.535069558308602,4.838897530841946,8.791476297300637,1.7423944313208934
1098,2022,9,Russian Federation,Chile,RUS,CHL,Chile,CHL,export,79.519,7.756,10.252578648788036,79.519,301226575540.242,2291612121334.64,11.643866711056,13.75,873.314189543014,68.4849416666667,12.751915505654544,99.56,125.33,14153.3,0,0,0,0,0,0,0,0,4.388493181419757,2.1697391796606165,2.4205973156106944,26.431128561188554,28.460276668930817,4.610754564281992,4.838897530841946,9.557773743832898,2.6211781239120615
1099,2022,9,Russian Federation,China,RUS,CHN,China,CHN,export,982.68,39.424,24.92593344155844,-85298.37900000002,18316765021690.2,2291612121334.64,1.97357555739052,13.75,6.73715811237119,68.4849416666667,0.0983742987642833,153.17,125.33,5795.045,1,0,0,0,0,0,1,0,6.891300640910177,3.6994236679896075,3.2552437589277163,30.53883787779672,28.460276668930817,5.038055889672248,4.838897530841946,8.664931067385588,0.09383117640351574
1100,2022,9,Russian Federation,Cyprus,RUS,CYP,Cyprus,CYP,export,26.663,2.229,11.961866307761328,6.440999999999999,30935566076.6788,2291612121334.64,8.39548297993332,13.75,0.949623753156941,68.4849416666667,0.0138661686795178,142.69,125.33,2316.67,0,0,1,0,1,0,0,0,3.320095780225114,1.1721724917761382,2.5620116857848685,24.155172364700967,28.460276668930817,4.9676582012411155,4.838897530841946,7.748317649657977,0.01377091290762478
1101,2022,9,Russian Federation,Czechia,RUS,CZE,Czechia,CZE,export,208.396,106.656,1.9539078907890792,-91.116,301831228325.556,2291612121334.64,15.1001651468372,13.75,23.357,68.4849416666667,0.3410530757795538,117.8,125.33,1673.0,0,0,1,1,1,0,0,0,5.3442271960572345,4.678940958439241,1.0831290024412843,26.43313385150751,28.460276668930817,4.777441406928545,4.838897530841946,7.422971251049421,0.29345518277025856
1102,2022,9,Russian Federation,Dominican Rep.,RUS,DOM,Dominican Rep.,DOM,export,131.04,32.28,4.059479553903345,109.022,113478087134.8,2291612121334.64,8.81109209279586,13.75,55.1409916666667,68.4849416666667,0.8051549774993116,128.95,125.33,9365.754,0,0,0,0,0,0,0,0,4.883104906984992,3.5049566159530077,1.621263623049627,25.454875590345626,28.460276668930817,4.867149761087499,4.838897530841946,9.144921890453677,0.5906464482094979
1103,2022,9,Russian Federation,Estonia,RUS,EST,Estonia,EST,export,278.481,28.175,9.883975155279504,-16611.813000000002,38376046174.971,2291612121334.64,19.3982634080616,13.75,0.949623753156941,68.4849416666667,0.0138661686795178,133.29,125.33,871.7853,1,0,1,1,1,0,0,0,5.632934311751414,3.3733121781726196,2.387291538235512,24.370699304396727,28.460276668930817,4.900001640593084,4.838897530841946,6.771689592030556,0.01377091290762478
1104,2022,9,Russian Federation,Finland,RUS,FIN,Finland,FIN,export,15.333,4.676,3.2790846877673223,-22377.409000000003,280253099309.34,2291612121334.64,7.12350773301401,13.75,0.949623753156941,68.4849416666667,0.0138661686795178,120.42,125.33,892.6777,1,0,1,1,1,0,0,0,2.793187601071002,1.7362467592977961,1.4537391287245338,26.35895895792884,28.460276668930817,4.799255609702288,4.838897530841946,6.795345195631136,0.01377091290762478
1105,2022,9,Russian Federation,France,RUS,FRA,France,FRA,export,9.686,0.393,24.64631043256997,-2278.113,2796302210398.84,2291612121334.64,5.22236748369736,13.75,0.949623753156941,68.4849416666667,0.0138661686795178,99.32,125.33,2494.316,0,0,1,1,1,0,0,0,2.3689344735355795,0.3314596947976687,3.2443997184856164,28.65931902115439,28.460276668930817,4.608365076884611,4.838897530841946,7.822170653472379,0.01377091290762478
1107,2022,9,Russian Federation,Georgia,RUS,GEO,Georgia,GEO,export,5813.329000000001,1490.016,3.901521191718747,-690.8429999999998,24984568959.605,2291612121334.64,11.8981654203198,13.75,2.9162,68.4849416666667,0.0425816234785432,134.99,125.33,1644.856,1,0,0,0,0,0,0,0,8.668080667065107,7.307213045760146,1.5895456042273324,23.941524229666808,28.460276668930817,4.912581353620868,4.838897530841946,7.406015892598331,0.0416999675285346
1108,2022,9,Russian Federation,Germany,RUS,DEU,Germany,DEU,export,4305.338,1978.52,2.1760396660129797,-93582.178,4163596357879.39,2291612121334.64,6.87257438551096,13.75,0.949623753156941,68.4849416666667,0.0138661686795178,96.89,125.33,2065.183,0,0,1,1,1,0,0,0,8.367843169966811,7.59060967005665,1.1556350326056959,29.057400325834816,28.460276668930817,4.583844399273339,4.838897530841946,7.633458222717186,0.01377091290762478
1110,2022,9,Russian Federation,Greece,RUS,GRC,Greece,GRC,export,0.708,0.03,23.6,-108.722,218880566444.349,2291612121334.64,9.64525981280638,13.75,0.949623753156941,68.4849416666667,0.0138661686795178,123.67,125.33,2233.583,0,0,1,1,1,0,0,0,0.5353230953663781,0.02955880224154443,3.202746442938317,26.111792059303735,28.460276668930817,4.825670246356884,4.838897530841946,7.711809912458774,0.01377091290762478
1111,2022,9,Russian Federation,Hungary,RUS,HUN,Hungary,HUN,export,71.833,5.577,12.880222341760804,60.602,177536698164.902,2291612121334.64,14.6081439492433,13.75,372.595833333333,68.4849416666667,5.440551225798656,126.46,125.33,1574.19,0,0,1,0,1,0,0,0,4.288169149198024,1.883578714319214,2.6304649738092056,25.902443174722432,28.460276668930817,4.847802589886148,4.838897530841946,7.362131178904561,1.8626141305214134
1112,2022,9,Russian Federation,Iceland,RUS,ISL,Iceland,ISL,export,0.529,0.059,8.966101694915254,0.529,28696453180.1657,2291612121334.64,8.30875511558923,13.75,135.27990200138,68.4849416666667,1.975323315011657,126.8,125.33,3316.138,0,0,1,1,0,0,0,0,0.4246139269469252,0.05732506661926935,2.2991895039929076,24.080039369537253,28.460276668930817,4.850466541943434,4.838897530841946,8.106857641940545,1.0903527104074842
1113,2022,9,Russian Federation,Indonesia,RUS,IDN,Indonesia,IDN,export,13017.697,14721.194999999998,0.8842826278709033,-44860.43,1319101183380.15,2291612121334.64,4.20946463714783,13.75,14849.8539362105,68.4849416666667,216.8338553676288,118.5,125.33,9302.706,0,0,0,0,0,0,0,0,9.474141833949627,9.59711149801388,0.6335471796965505,27.90797169891342,28.460276668930817,4.783316371371566,4.838897530841946,9.138168094387108,5.383732640878202
1114,2022,9,Russian Federation,Ireland,RUS,IRL,Ireland,IRL,export,38.296,13.307,2.877883820545578,38.284,548570250341.987,2291612121334.64,7.82945736434107,13.75,0.949623753156941,68.4849416666667,0.0138661686795178,193.61,125.33,2802.315,0,0,1,1,1,0,0,0,3.6711227325246774,2.660748927984197,1.3552895977707582,27.0305811856583,28.460276668930817,5.270997555893074,4.838897530841946,7.938557924443968,0.01377091290762478
1115,2022,9,Russian Federation,Israel,RUS,ISR,Israel,ISR,export,3102.0,320.88800000000003,9.666924285108822,3052.0,525181008025.57,2291612121334.64,4.41162725488366,13.75,3.35961440158189,68.4849416666667,0.0490562497363868,127.26,125.33,2643.989,0,0,0,0,0,0,0,0,8.04012466444838,5.774203658951928,2.3671477655689204,26.9870088173095,28.460276668930817,4.8540594537207165,4.838897530841946,7.880422185493582,0.04789095022285621
1116,2022,9,Russian Federation,Italy,RUS,ITA,Italy,ITA,export,572.385,135.743,4.216681523172466,-65890.95700000001,2104067630319.46,2291612121334.64,8.20128991161714,13.75,0.949623753156941,68.4849416666667,0.0138661686795178,105.71,125.33,2383.171,0,0,1,1,1,0,0,0,6.351557393358231,4.9181032516921075,1.6518614762064827,28.374893553975845,28.460276668930817,4.6701148746284735,4.838897530841946,7.776606753800817,0.01377091290762478
1117,2022,9,Russian Federation,CÃ´te d'Ivoire,RUS,CIV,CÃ´te d'Ivoire,CIV,export,0.93,0.21,4.428571428571429,0.93,70922824824.0069,2291612121334.64,5.27616724262842,13.75,623.759700911182,68.4849416666667,9.10798324027457,201.01,125.33,6715.534,0,0,0,0,0,0,0,0,0.6575200029167942,0.1906203596086497,1.6916760106710724,24.984858148507048,28.460276668930817,5.30831720112637,4.838897530841946,8.812327526650607,2.313325531459137
1118,2022,9,Russian Federation,Japan,RUS,JPN,Japan,JPN,export,345.10900000000004,50.728,6.803126478473428,-2412.6490000000003,4262463317796.53,2291612121334.64,2.49770278172251,13.75,131.498140443764,68.4849416666667,1.9201029780210408,95.22,125.33,7486.303,0,0,1,1,0,0,0,0,5.846753754348273,3.945999220983077,2.054524483957948,29.080868352705853,28.460276668930817,4.5666372362713075,4.838897530841946,8.920963931560047,1.0716188821039059
1119,2022,9,Russian Federation,Kazakhstan,RUS,KAZ,Kazakhstan,KAZ,export,37914.420000000006,5925.741,6.398258040639981,15152.520000000004,225496328925.494,2291612121334.64,15.0278644440851,13.75,460.165,68.4849416666667,6.719214309033625,147.1,125.33,3104.607,1,1,0,0,0,1,0,1,10.543113168483679,8.68722976250336,2.0012445725856995,26.141569716051503,28.460276668930817,4.997887721273753,4.838897530841946,8.040964466404994,2.0437125854161766
1120,2022,9,Russian Federation,Jordan,RUS,JOR,Jordan,JOR,export,208.266,84.91499999999999,2.4526408761702885,208.266,48764963380.2817,2291612121334.64,4.22915568897118,13.75,0.71,68.4849416666667,0.0103672425312961,72.3,125.33,2652.505,0,0,0,0,0,0,0,0,5.34360617000673,4.453358435398709,1.2391394095732011,24.610277928447964,28.460276668930817,4.294560608892605,4.838897530841946,7.883636686569925,0.010313871230986397
1121,2022,9,Russian Federation,Rep. of Korea,RUS,KOR,Rep. of Korea,KOR,export,171.2,21.937,7.804166476728815,-89.25000000000006,1673916511799.71,2291612121334.64,5.0895136506284,13.75,1291.44666666667,68.4849416666667,18.85738142192576,,125.33,6614.064,0,0,1,1,0,0,0,0,5.14865659199363,3.1327513272120786,2.175225072700433,28.14618721327583,28.460276668930817,,4.838897530841946,8.797104751483356,2.9885757980570253
1122,2022,9,Russian Federation,Kuwait,RUS,KWT,Kuwait,KWT,export,21.255,15.496,1.3716442953020134,21.255,183502046669.15,2291612121334.64,3.98064961990316,13.75,0.306250154417753,68.4849416666667,0.0044717882057686,172.86,125.33,3051.533,0,0,0,0,0,0,0,0,3.1025667024678176,2.803117927274604,0.8635835100682953,25.93549165789464,28.460276668930817,5.158250377650918,4.838897530841946,8.023727016737235,0.004461819468562581
1123,2022,9,Russian Federation,Kyrgyzstan,RUS,KGZ,Kyrgyzstan,KGZ,export,7304.572,1279.487,5.708984929116123,6952.639,12134931017.9465,2291612121334.64,13.9229093174176,13.75,84.1162225704045,68.4849416666667,1.2282440566251651,154.99,125.33,2985.871,0,1,0,0,0,1,0,1,8.89639262365183,7.154995753303782,1.903447662210084,23.21935399163799,28.460276668930817,5.049791902630777,4.838897530841946,8.001981630139227,0.8012138567414637
1124,2022,9,Russian Federation,Latvia,RUS,LVA,Latvia,LVA,export,766.882,164.272,4.668367098470829,-11791.768,38014713595.7686,2291612121334.64,17.3102830198815,13.75,0.949623753156941,68.4849416666667,0.0138661686795178,130.99,125.33,847.8519,1,0,1,1,1,0,0,0,6.643636075509608,5.107592601489327,1.7349010865749825,24.361239121645216,28.460276668930817,4.882726162140863,4.838897530841946,6.743884730576574,0.01377091290762478
1125,2022,9,Russian Federation,Liberia,RUS,LBR,Liberia,LBR,export,0.6799999999999999,0.107,6.355140186915888,0.6799999999999999,4001047000.0,2291612121334.64,7.59298486560314,13.75,152.933756840022,68.4849416666667,2.2331004906799623,,125.33,6953.84,0,0,0,0,0,0,0,0,0.5187937934151675,0.10165365372649982,1.9953994139554971,22.10982191406568,28.460276668930817,,4.838897530841946,8.847193099060572,1.1734415810563887
1126,2022,9,Russian Federation,Lithuania,RUS,LTU,Lithuania,LTU,export,449.271,50.051,8.976264210505283,-20125.414,71033884499.7824,2291612121334.64,19.7050461518394,13.75,0.949623753156941,68.4849416666667,0.0138661686795178,156.52,125.33,794.0689,1,0,1,1,1,0,0,0,6.109849623723555,3.9328251330574093,2.300208692640625,24.986422846631733,28.460276668930817,5.05955243433087,4.838897530841946,6.67842877756566,0.01377091290762478
1127,2022,9,Russian Federation,Luxembourg,RUS,LUX,Luxembourg,LUX,export,0.041,0.001,41.0,0.036,80801680397.0139,2291612121334.64,6.33600807777913,13.75,0.949623753156941,68.4849416666667,0.0138661686795178,126.75,125.33,2214.132,0,0,1,1,1,0,0,0,0.04018178963283176,0.0009995003330834232,3.7376696182833684,25.115263599262327,28.460276668930817,4.850075229083814,4.838897530841946,7.703067274383062,0.01377091290762478
1128,2022,9,Russian Federation,Malaysia,RUS,MYS,Malaysia,MYS,export,1176.893,1304.905,0.901899371984934,1176.893,407605841348.235,2291612121334.64,3.37869862549933,13.75,4.40107634540072,68.4849416666667,0.0642634167204501,138.5,125.33,8130.454,0,0,0,0,0,0,0,0,7.071482528167557,7.17465156599612,0.6428530563013826,26.733566469274813,28.460276668930817,4.93806460126142,4.838897530841946,9.00349503033965,0.062282932384222195
1129,2022,9,Russian Federation,Maldives,RUS,MDV,Maldives,MDV,export,9.238,1.493,6.187541862022774,9.238,6177118113.94637,2291612121334.64,2.33314337624572,13.75,15.386625,68.4849416666667,0.2246716522719774,140.39,125.33,6563.114,0,0,0,0,0,0,0,0,2.3261062880353913,0.913486804541421,1.972349230387937,22.544117675210618,28.460276668930817,4.951522029603749,4.838897530841946,8.789372819518036,0.20267276910617635
1130,2022,9,Russian Federation,Malta,RUS,MLT,Malta,MLT,export,3.341,0.084,39.773809523809526,3.341,19239187083.5194,2291612121334.64,6.15375621933036,13.75,0.949623753156941,68.4849416666667,0.0138661686795178,102.52,125.33,2819.734,0,0,1,1,1,0,0,0,1.4681047363174566,0.08065790301745454,3.7080399518530123,23.680215029967005,28.460276668930817,4.639764830752591,4.838897530841946,7.94475241375218,0.01377091290762478
1131,2022,9,Russian Federation,Mauritius,RUS,MUS,Mauritius,MUS,export,141.839,129.335,1.0966791665055862,141.839,12907767789.5967,2291612121334.64,10.7737512242899,13.75,44.182775,68.4849416666667,0.6451458368037837,101.08,125.33,8654.018,0,0,0,0,0,0,0,0,4.961718121861641,4.870108058959279,0.7403547437938384,23.281095121401698,28.460276668930817,4.6257568195964796,4.838897530841946,9.065894547330851,0.49782903487971486
1133,2022,9,Russian Federation,Mongolia,RUS,MNG,Mongolia,MNG,export,1317.023,194.808,6.76062071372839,1316.4990000000005,17146471713.748,2291612121334.64,15.1509728200805,13.75,3140.67788364809,68.4849416666667,45.85939342599652,138.8,125.33,4632.875,1,0,0,0,0,0,0,0,7.183888165593044,5.27713458728013,2.0490623198787117,23.565058258474366,28.460276668930817,4.94021282979971,4.838897530841946,8.441148730092465,3.847151488608259
1134,2022,9,Russian Federation,Rep. of Moldova,RUS,MDA,Rep. of Moldova,MDA,export,4912.393,734.061,6.6920773614181925,4910.35,14525337523.7271,2291612121334.64,28.7372976766236,13.75,18.8971896198157,68.4849416666667,0.2759320393641136,111.76,125.33,1150.314,0,0,0,0,0,0,0,1,8.499720020827805,6.599953488966371,2.0401908850626187,23.399160376917127,28.460276668930817,4.7252616662459115,4.838897530841946,7.0486591777724525,0.24367692281776607
1135,2022,9,Russian Federation,Montenegro,RUS,MNE,Montenegro,MNE,export,1.41,0.186,7.580645161290322,1.41,6229801580.79157,2291612121334.64,13.0403036347004,13.75,0.950915533962108,68.4849416666667,0.0138850309399466,98.62,125.33,,,,1,1,0,0,0,0,0.8796267475025636,0.17058630057553367,2.149509104296553,22.552610320408984,28.460276668930817,4.601362947645137,4.838897530841946,,0.013789517024769694
1136,2022,9,Russian Federation,Morocco,RUS,MAR,Morocco,MAR,export,251.314,242.0,1.038487603305785,251.155,130951926351.241,2291612121334.64,6.65704202759066,13.75,10.1606602430359,68.4849416666667,0.1483634211516214,119.7,125.33,4156.454,0,0,0,0,0,0,0,0,5.530674343604158,5.493061443340548,0.712208161976259,25.5980961183856,28.460276668930817,4.793308128103486,4.838897530841946,8.33265814666432,0.1383378167474034
1137,2022,9,Russian Federation,Oman,RUS,OMN,Oman,OMN,export,64.153,47.389,1.353752980649518,64.153,109852795838.752,2291612121334.64,2.50614250614251,13.75,0.3845,68.4849416666667,0.0056143728919483,121.85,125.33,3965.798,0,0,0,0,0,0,0,0,4.176738350093199,3.879272515164953,0.8560110673291639,25.422407086884665,28.460276668930817,4.8109640989671885,4.838897530841946,8.28571449912711,0.005598671043735923
1138,2022,9,Russian Federation,Nepal,RUS,NPL,Nepal,NPL,export,3559.852,4111.135,0.8659049143363086,2894.148,41182939600.6209,2291612121334.64,7.6507917679853,13.75,125.199457792609,68.4849416666667,1.8281311883418985,134.32,125.33,4889.868,0,0,0,0,0,0,0,0,8.177755121054911,8.321697637335383,0.6237461441794868,24.441289920204756,28.460276668930817,4.907642343912507,4.838897530841946,8.495125071829223,1.0396161360467517
1139,2022,9,Russian Federation,Netherlands,RUS,NLD,Netherlands,NLD,export,702.485,496.785,1.4140624213694053,-44080.463,1046540797548.64,2291612121334.64,10.0012078753473,13.75,0.949623753156941,68.4849416666667,0.0138661686795178,122.27,125.33,2155.229,0,0,1,1,1,0,0,0,6.556046554365507,6.21016825689613,0.881310980406231,27.676511362830954,28.460276668930817,4.814377071563428,4.838897530841946,7.67611614160181,0.01377091290762478
1140,2022,9,Russian Federation,New Zealand,RUS,NZL,New Zealand,NZL,export,1.539,0.09,17.1,1.538,249509991440.438,2291612121334.64,7.17222476016446,13.75,1.57718333333333,68.4849416666667,0.0230296368070206,103.59,125.33,16774.49,0,0,1,1,0,0,0,0,0.9317703027225412,0.08617769624105241,2.89591193827178,26.242764797193637,28.460276668930817,4.650047944766177,4.838897530841946,9.727674171547402,0.022768457035699186
1141,2022,9,Russian Federation,Norway,RUS,NOR,Norway,NOR,export,14.797,2.303,6.425097698653929,13.989,596297651035.798,2291612121334.64,5.76412317852275,13.75,9.61416666666667,68.4849416666667,0.1403836585487831,99.7,125.33,1649.799,1,0,1,1,0,0,0,0,2.75982004858696,1.1948311464086525,2.004865842670066,27.11400579383712,28.460276668930817,4.612145799724517,4.838897530841946,7.4090146921113424,0.13136474837530202
1142,2022,9,Russian Federation,Pakistan,RUS,PAK,Pakistan,PAK,export,849.7,993.88,0.8549321849720288,832.635,374890295666.694,2291612121334.64,19.8738599646655,13.75,204.867187469982,68.4849416666667,2.991419463670156,128.32,125.33,3658.638,0,0,0,0,0,0,0,0,6.746059539981839,6.902622126870389,0.6178481374245784,26.64989927523107,28.460276668930817,4.862289952857232,4.838897530841946,8.205119514399957,1.3841469229416612
1143,2022,9,Russian Federation,Panama,RUS,PAN,Panama,PAN,export,0.899,0.136,6.610294117647059,0.899,76276116700.0,2291612121334.64,2.85965128834714,13.75,1.0,68.4849416666667,0.014601750044079,98.66,125.33,10819.55,0,0,0,0,0,0,0,0,0.6413274318301488,0.1275133202989597,2.0295018199634174,25.05762570790084,28.460276668930817,4.601764392853259,4.838897530841946,9.289202382901557,0.014496171010071765
1144,2022,9,Russian Federation,Poland,RUS,POL,Poland,POL,export,3024.789,3252.855,0.9298874373435028,-15321.489999999998,695607522884.822,2291612121334.64,14.4294507575758,13.75,4.45775833333333,68.4849416666667,0.0650910729402435,153.21,125.33,1156.427,1,0,1,1,1,0,0,0,8.01492716290192,8.08759572624526,0.6574616785960172,27.26805143432755,28.460276668930817,5.038315309869565,4.838897530841946,7.053954717016941,0.06306031000311334
1145,2022,9,Russian Federation,Portugal,RUS,PRT,Portugal,PRT,export,4.153,0.397,10.460957178841308,-1115.0839999999998,256898675068.927,2291612121334.64,7.83269124233322,13.75,0.949623753156941,68.4849416666667,0.0138661686795178,98.73,125.33,3913.34,0,0,1,1,1,0,0,0,1.6395790693460872,0.3343270802748248,2.4389462312578054,26.271947583672254,28.460276668930817,4.602466534413777,4.838897530841946,8.27240201183782,0.01377091290762478
1146,2022,9,Russian Federation,Qatar,RUS,QAT,Qatar,QAT,export,2005.191,222.667,9.005335321354309,2005.191,235709325714.286,2291612121334.64,4.99527553740757,13.75,3.64,68.4849416666667,0.0531503701604476,105.75,125.33,3575.788,0,0,0,0,0,0,0,0,7.603993178346211,5.410158338615427,2.303118482851811,26.185865212144332,28.460276668930817,4.670489652108734,4.838897530841946,8.182220469959994,0.05178602462849042
1147,2022,9,Russian Federation,Romania,RUS,ROU,Romania,ROU,export,50.248,11.418,4.40077071290944,-12.997999999999998,296354358293.475,2291612121334.64,13.7954887432521,13.75,4.688475,68.4849416666667,0.0684599400379134,113.84,125.33,,,,1,1,1,0,0,0,3.936676592866802,2.519147032942701,1.6865416679988996,26.414821731650402,28.460276668930817,4.743539855252863,4.838897530841946,,0.06621830329876391
1148,2022,9,Russian Federation,Saudi Arabia,RUS,SAU,Saudi Arabia,SAU,export,1552.837,409.448,3.7925133350266704,1552.837,1239075200000.0,2291612121334.64,2.47407371925371,13.75,3.75,68.4849416666667,0.0547565626652963,130.83,125.33,3539.516,0,0,0,0,0,0,0,0,7.348482634821298,6.017249246081709,1.56705497841197,27.8453864108427,28.460276668930817,4.881513213769878,4.838897530841946,8.172027758217332,0.05330999401319034
1149,2022,9,Russian Federation,Serbia,RUS,SRB,Serbia,SRB,export,92.114,12.333,7.468904564988243,-3203.557,66797564758.339,2291612121334.64,11.9815117344702,13.75,111.662183333333,68.4849416666667,1.6304632904094554,122.17,125.33,,,,0,0,0,0,0,0,4.533824548917543,2.5902421651333216,2.136401169129747,24.92493246112597,28.460276668930817,4.813565514953393,4.838897530841946,,0.9671599867252407
1150,2022,9,Russian Federation,India,RUS,IND,India,IND,export,22618.203,27785.195,0.8140379435883031,-93891.28,3346107287730.93,2291612121334.64,6.69903414079849,13.75,78.6044905829916,68.4849416666667,1.147763123835007,118.57,125.33,4341.881,0,0,0,0,0,0,1,0,10.026554514743445,10.232294593606877,0.5955552685570429,28.838818782453703,28.460276668930817,4.7839019739314885,4.838897530841946,8.376293231744963,0.7644268930213789
1151,2022,9,Russian Federation,Singapore,RUS,SGP,Singapore,SGP,export,854.6,119.413,7.156674733906694,829.787,509017841146.557,2291612121334.64,6.13095418919736,13.75,1.37866666666667,68.4849416666667,0.0201309460607703,151.1,125.33,8431.775,0,0,1,1,0,0,0,0,6.751802977208251,4.790927500467937,2.098836577822356,26.955748904253095,28.460276668930817,5.024538199265247,4.838897530841946,9.039881178322222,0.01993099754731779
1152,2022,9,Russian Federation,Slovakia,RUS,SVK,Slovakia,SVK,export,75.985,42.184,1.801275365067324,-32.07600000000001,115884262197.697,2291612121334.64,12.774146363761,13.75,0.949623753156941,68.4849416666667,0.0138661686795178,94.38,125.33,1632.621,0,0,1,1,1,0,0,0,4.343610597681882,3.7654700562756487,1.0300748010022494,25.475857790312823,28.460276668930817,4.557868912870078,4.838897530841946,7.39855430237185,0.01377091290762478
1153,2022,9,Russian Federation,Viet Nam,RUS,VNM,Viet Nam,VNM,export,752.6940000000001,241.578,3.1157390159699974,-241008.487,413445230668.578,2291612121334.64,3.15650749963127,13.75,23271.2125,68.4849416666667,339.8004281476474,186.82,125.33,6737.911,0,0,0,0,0,0,0,0,6.624986450090658,5.4913233081439685,1.4148184087627445,26.747790889601394,28.460276668930817,5.235484057376468,4.838897530841946,8.815653618151782,5.831297051256154
1154,2022,9,Russian Federation,Slovenia,RUS,SVN,Slovenia,SVN,export,20.23,2.229,9.075818752803947,-3.904,59927702746.2843,2291612121334.64,8.83369886749455,13.75,0.949623753156941,68.4849416666667,0.0138661686795178,140.6,125.33,1937.979,0,0,1,1,1,0,0,0,3.055415275715165,1.1721724917761382,2.310138370317854,24.816404718415566,28.460276668930817,4.953006181259619,4.838897530841946,7.569916824859094,0.01377091290762478
1155,2022,9,Russian Federation,South Africa,RUS,ZAF,South Africa,ZAF,export,533.842,574.053,0.9299524608354978,533.842,406920004594.074,2291612121334.64,7.03987272546481,13.75,16.3558534845,68.4849416666667,0.2388240843382479,93.05,125.33,10147.89,0,0,0,0,0,0,1,0,6.281971376175566,6.35446221046264,0.6574953709219772,26.731882454164285,28.460276668930817,4.54382655574704,4.838897530841946,9.225119618883824,0.21416261059586697
1156,2022,9,Russian Federation,Spain,RUS,ESP,Spain,ESP,export,8.081999999999999,2.917,2.7706547823105927,-10305.036,1446498147749.03,2291612121334.64,8.39057634118634,13.75,0.949623753156941,68.4849416666667,0.0138661686795178,106.72,125.33,3449.3,0,0,1,1,1,0,0,0,2.2062944326757594,1.3653260546836943,1.3272486686893952,28.000166680857134,28.460276668930817,4.679535267943399,4.838897530841946,8.146216462766645,0.01377091290762478
1157,2022,9,Russian Federation,Sweden,RUS,SWE,Sweden,SWE,export,2.868,0.452,6.345132743362831,-93.234,579895717343.956,2291612121334.64,8.36929098869185,13.75,10.114251277564,68.4849416666667,0.1476857690379965,119.65,125.33,1232.383,0,0,1,1,1,0,0,0,1.352737577591048,0.3729419164026043,1.994037882078303,27.086114126640226,28.460276668930817,4.792893792071041,4.838897530841946,7.117516079423651,0.13774754007894496
1158,2022,9,Russian Federation,Switzerland,RUS,CHE,Switzerland,CHE,export,34.558,9.51,3.6338590956887487,-8130.322,828508926958.393,2291612121334.64,2.8350279864446,13.75,0.9548325,68.4849416666667,0.013942225498963,132.11,125.33,2296.397,0,0,1,1,0,0,0,0,3.5711651660943797,2.3523271848888596,1.5333900189205196,27.442893448600355,28.460276668930817,4.891175854058928,4.838897530841946,7.739532021886476,0.013845926720270123
1159,2022,9,Russian Federation,Thailand,RUS,THA,Thailand,THA,export,247.41,426.083,0.5806615143058982,-120.74499999999998,495644697587.661,2291612121334.64,-1.6106803048669,13.75,35.0613502144776,68.4849416666667,0.5119570720397184,100.57,125.33,7067.929,0,0,0,0,0,0,0,0,5.51508060689796,6.056978373730499,0.45784343935732724,26.929125171473736,28.460276668930817,4.6207482159514095,4.838897530841946,8.863464262267069,0.413404885846172
1160,2022,9,Russian Federation,United Arab Emirates,RUS,ARE,United Arab Emirates,ARE,export,4527.349999999999,3384.146,1.3378116665179338,-50331.336,502731935194.01,2291612121334.64,5.29122604376852,13.75,3.6725,68.4849416666667,0.0536249270368802,128.03,125.33,3739.195,0,0,0,0,0,0,0,0,8.41811291371556,8.127152315878574,0.8492153065623189,26.943322932969537,28.460276668930817,4.860044935463755,4.838897530841946,8.226893028086819,0.052236530085897355
1161,2022,9,Russian Federation,Tunisia,RUS,TUN,Tunisia,TUN,export,34.826,44.0,0.7915,10.47,44948769171.285,2291612121334.64,8.30646124447624,13.75,3.1036,68.4849416666667,0.0453179914368036,104.16,125.33,2946.28,0,0,0,0,0,0,0,0,3.5786738867929104,3.8066624897703196,0.5830532577628715,24.52878921533753,28.460276668930817,4.655482999861681,4.838897530841946,7.988637990100837,0.04432113715316974
1162,2022,9,Russian Federation,TÃ¼rkiye,RUS,TUR,TÃ¼rkiye,TUR,export,674.188,968.412,0.6961788990636216,-12942.923,907118434653.505,2291612121334.64,72.3088359891207,13.75,16.5488604173067,68.4849416666667,0.2416423233278657,144.16,125.33,1757.71,0,0,0,0,0,0,0,0,6.514991170611966,6.876689702125664,0.5283780147452335,27.533538856987317,28.460276668930817,4.977836582344869,4.838897530841946,7.472335864744235,0.21643495759769435
1163,2022,9,Russian Federation,Uganda,RUS,UGA,Uganda,UGA,export,0.0579999999999999,0.043,1.348837209302325,-11334.681,45565333216.4142,2291612121334.64,7.19578885975811,13.75,3689.81738566862,68.4849416666667,53.877791173830325,125.77,125.33,6185.184,0,0,0,0,0,0,0,0,0.056380333436107474,0.042101176018635326,0.853920401147697,24.542413027880254,28.460276668930817,4.842374420950636,4.838897530841946,8.7300736973872,4.005108734317382
1164,2022,9,Russian Federation,Ukraine,RUS,UKR,Ukraine,UKR,export,49.609,40.179,1.234699718758555,-224.509,161989520721.19,2291612121334.64,20.1836366617478,13.75,32.3423016,68.4849416666667,0.4722542038134171,76.33,125.33,763.4056,1,0,1,0,0,0,0,0,3.9241294260898556,3.71792841767196,0.804106865016204,25.810797483186445,28.460276668930817,4.348081978620944,4.838897530841946,6.639098538346609,0.38679469820502604
1165,2022,9,Russian Federation,Egypt,RUS,EGY,Egypt,EGY,export,2133.365,1369.402,1.5578807391839649,1878.01,476747720364.742,2291612121334.64,13.8956609775178,13.75,19.1604397412204,68.4849416666667,0.2797759518359385,108.36,125.33,2905.404,0,0,0,0,0,0,0,0,7.665924457535881,7.22285940643675,0.9391790793895473,26.890253299801962,28.460276668930817,4.6946451924156944,4.838897530841946,7.974671857179097,0.24668502498247918
1166,2022,9,Russian Federation,United Kingdom,RUS,GBR,United Kingdom,GBR,export,820.504,396.754,2.0680421621458134,-3127.309,3114042471144.39,2291612121334.64,7.92204883147907,13.75,0.811301715827773,68.4849416666667,0.0118464248648495,108.72,125.33,2510.88,0,0,1,1,0,0,0,0,6.711136806607282,5.985833723735525,1.1210396259613684,28.766942828022362,28.460276668930817,4.697931666069403,4.838897530841946,7.828786755746396,0.011776805263340365
1167,2022,9,Russian Federation,USA,RUS,USA,USA,USA,export,1013.679,142.765,7.100332714600917,880.633,26006893000000.0,2291612121334.64,8.00279982052121,13.75,1.0,68.4849416666667,0.014601750044079,100.28,125.33,7517.972,0,0,1,1,0,0,0,0,6.922327585298727,4.968180022059691,2.0919051367114587,30.88938273419781,28.460276668930817,4.617888958395866,4.838897530841946,8.925184705471638,0.014496171010071765
1168,2022,9,Russian Federation,Uzbekistan,RUS,UZB,Uzbekistan,UZB,export,2711.537,2425.817,1.117782998470206,44.348999999999705,90095926567.4359,2291612121334.64,11.4466436998836,13.75,11050.145422363,68.4849416666667,161.3514614080686,157.51,125.33,2789.856,0,0,0,0,0,0,0,1,7.905639638308679,7.794335801153217,0.7503697860616069,25.224140790421448,28.460276668930817,5.065817682809802,4.838897530841946,7.93410363779468,5.089763500097923
1169,2022,9,Serbia,Russian Federation,SRB,RUS,Serbia,SRB,import,3295.6710000000003,304.77599999999995,10.813420348058903,,66797564758.339,2291612121334.64,11.9815117344702,13.75,111.662183333333,68.4849416666667,1.6304632904094554,122.17,125.33,,,,0,0,0,0,0,0,8.100668450406834,5.722852807746626,2.4692362028479837,24.92493246112597,28.460276668930817,4.813565514953393,4.838897530841946,,0.9671599867252407
1170,2022,9,India,Russian Federation,IND,RUS,India,IND,import,116509.483,56469.833,2.063216354827896,,3346107287730.93,2291612121334.64,6.69903414079849,13.75,78.6044905829916,68.4849416666667,1.147763123835007,118.57,125.33,4341.881,0,0,0,0,0,0,1,0,11.665736530772298,10.941479553753409,1.1194654602982876,28.838818782453703,28.460276668930817,4.7839019739314885,4.838897530841946,8.376293231744963,0.7644268930213789
1171,2022,9,Singapore,Russian Federation,SGP,RUS,Singapore,SGP,import,24.813,1.5339999999999998,16.17535853976532,,509017841146.557,2291612121334.64,6.13095418919736,13.75,1.37866666666667,68.4849416666667,0.0201309460607703,151.1,125.33,8431.775,0,0,1,1,0,0,0,0,3.250878240993695,0.9297990818989472,2.843475713568267,26.955748904253095,28.460276668930817,5.024538199265247,4.838897530841946,9.039881178322222,0.01993099754731779
1172,2022,9,Slovakia,Russian Federation,SVK,RUS,Slovakia,SVK,import,108.061,9.513,11.359297803006411,,115884262197.697,2291612121334.64,12.774146363761,13.75,0.949623753156941,68.4849416666667,0.0138661686795178,94.38,125.33,1632.621,0,0,1,1,1,0,0,0,4.691907358720503,2.3526125865936938,2.5144086383611812,25.475857790312823,28.460276668930817,4.557868912870078,4.838897530841946,7.39855430237185,0.01377091290762478
1173,2022,9,Viet Nam,Russian Federation,VNM,RUS,Viet Nam,VNM,import,241761.181,112891.223,2.1415409858745176,,413445230668.578,2291612121334.64,3.15650749963127,13.75,23271.2125,68.4849416666667,339.8004281476474,186.82,125.33,6737.911,0,0,0,0,0,0,0,0,12.395709798809355,11.63418886379703,1.1447134393695888,26.747790889601394,28.460276668930817,5.235484057376468,4.838897530841946,8.815653618151782,5.831297051256154
1174,2022,9,Slovenia,Russian Federation,SVN,RUS,Slovenia,SVN,import,24.134,3.254,7.416717885679164,,59927702746.2843,2291612121334.64,8.83369886749455,13.75,0.949623753156941,68.4849416666667,0.0138661686795178,140.6,125.33,1937.979,0,0,1,1,1,0,0,0,3.224221511192953,1.4478597167780454,2.1302199524619705,24.816404718415566,28.460276668930817,4.953006181259619,4.838897530841946,7.569916824859094,0.01377091290762478
1175,2022,9,Zimbabwe,Russian Federation,ZWE,RUS,Zimbabwe,ZWE,import,1.394,0.21,6.638095238095238,,32789657377.9788,2291612121334.64,104.705170628667,13.75,374.954362604663,68.4849416666667,5.474989880690261,77.01,125.33,8213.716,0,0,0,0,0,0,0,0,0.8729656071357814,0.1906203596086497,2.033148257708991,24.21337897879988,28.460276668930817,4.356837023600222,4.838897530841946,9.013682458966903,1.8679470447566213
1176,2022,9,Spain,Russian Federation,ESP,RUS,Spain,ESP,import,10313.118,2094.206,4.924595765650562,,1446498147749.03,2291612121334.64,8.39057634118634,13.75,0.949623753156941,68.4849416666667,0.0138661686795178,106.72,125.33,3449.3,0,0,1,1,1,0,0,0,9.241268915305591,7.647407156877833,1.7791124594870933,28.000166680857134,28.460276668930817,4.679535267943399,4.838897530841946,8.146216462766645,0.01377091290762478
1177,2022,9,Sweden,Russian Federation,SWE,RUS,Sweden,SWE,import,96.102,12.111,7.935100322021304,,579895717343.956,2291612121334.64,8.36929098869185,13.75,10.114251277564,68.4849416666667,0.1476857690379965,119.65,125.33,1232.383,0,0,1,1,1,0,0,0,4.575761972407506,2.5734515725172646,2.189987376530597,27.086114126640226,28.460276668930817,4.792893792071041,4.838897530841946,7.117516079423651,0.13774754007894496
1178,2022,9,Switzerland,Russian Federation,CHE,RUS,Switzerland,CHE,import,8164.88,422.361,19.33151971891344,,828508926958.393,2291612121334.64,2.8350279864446,13.75,0.9548325,68.4849416666667,0.013942225498963,132.11,125.33,2296.397,0,0,1,1,0,0,0,0,9.007719776694397,6.0482252429797345,3.012172377375369,27.442893448600355,28.460276668930817,4.891175854058928,4.838897530841946,7.739532021886476,0.013845926720270123
1179,2022,9,Thailand,Russian Federation,THA,RUS,Thailand,THA,import,368.155,84.357,4.364249558424316,,495644697587.661,2291612121334.64,-1.6106803048669,13.75,35.0613502144776,68.4849416666667,0.5119570720397184,100.57,125.33,7067.929,0,0,0,0,0,0,0,0,5.9112166100430015,4.446842461108784,1.6797564890247978,26.929125171473736,28.460276668930817,4.6207482159514095,4.838897530841946,8.863464262267069,0.413404885846172
1180,2022,9,United Arab Emirates,Russian Federation,ARE,RUS,United Arab Emirates,ARE,import,54858.686,10596.401,5.177105509691451,,502731935194.01,2291612121334.64,5.29122604376852,13.75,3.6725,68.4849416666667,0.0536249270368802,128.03,125.33,3739.195,0,0,0,0,0,0,0,0,10.912534040814988,9.268364061357255,1.8208497976252649,26.943322932969537,28.460276668930817,4.860044935463755,4.838897530841946,8.226893028086819,0.052236530085897355
1181,2022,9,Tunisia,Russian Federation,TUN,RUS,Tunisia,TUN,import,24.356,11.02,2.2101633393829405,,44948769171.285,2291612121334.64,8.30646124447624,13.75,3.1036,68.4849416666667,0.0453179914368036,104.16,125.33,2946.28,0,0,0,0,0,0,0,0,3.23301538842192,2.4865719291070616,1.1663218203903223,24.52878921533753,28.460276668930817,4.655482999861681,4.838897530841946,7.988637990100837,0.04432113715316974
1182,2022,9,TÃ¼rkiye,Russian Federation,TUR,RUS,TÃ¼rkiye,TUR,import,13617.111,2665.656,5.108352690669763,,907118434653.505,2291612121334.64,72.3088359891207,13.75,16.5488604173067,68.4849416666667,0.2416423233278657,144.16,125.33,1757.71,0,0,0,0,0,0,0,0,9.519155876986341,7.8885805319858635,1.809657128104184,27.533538856987317,28.460276668930817,4.977836582344869,4.838897530841946,7.472335864744235,0.21643495759769435
1183,2022,9,Uganda,Russian Federation,UGA,RUS,Uganda,UGA,import,11334.739,4033.785,2.809951199679705,,45565333216.4142,2291612121334.64,7.19578885975811,13.75,3689.81738566862,68.4849416666667,53.877791173830325,125.77,125.33,6185.184,0,0,0,0,0,0,0,0,9.335715757111107,8.30270829551738,1.3376163805735632,24.542413027880254,28.460276668930817,4.842374420950636,4.838897530841946,8.7300736973872,4.005108734317382
1184,2022,9,Ukraine,Russian Federation,UKR,RUS,Ukraine,UKR,import,274.118,39.726,6.900216482907919,,161989520721.19,2291612121334.64,20.1836366617478,13.75,32.3423016,68.4849416666667,0.4722542038134171,76.33,125.33,763.4056,1,0,1,0,0,0,0,0,5.617200096542484,3.7068667091283234,2.06689016199726,25.810797483186445,28.460276668930817,4.348081978620944,4.838897530841946,6.639098538346609,0.38679469820502604
1185,2022,9,North Macedonia,Russian Federation,MKD,RUS,North Macedonia,MKD,import,294.521,41.0,7.183439024390244,,13932436550.0883,2291612121334.64,14.2047173195833,13.75,58.5743916666667,68.4849416666667,0.8552886261006526,103.45,125.33,1927.484,0,0,0,1,0,0,0,0,5.6887399003109325,3.7376696182833684,2.10211248089312,23.357485523375583,28.460276668930817,4.648708488002574,4.838897530841946,7.564489481010288,0.6180402775412295
1186,2022,9,Egypt,Russian Federation,EGY,RUS,Egypt,EGY,import,255.355,55.335,4.614710400289147,,476747720364.742,2291612121334.64,13.8956609775178,13.75,19.1604397412204,68.4849416666667,0.2797759518359385,108.36,125.33,2905.404,0,0,0,0,0,0,0,0,5.546563202623075,4.031316011616129,1.7253900107764584,26.890253299801962,28.460276668930817,4.6946451924156944,4.838897530841946,7.974671857179097,0.24668502498247918
1187,2022,9,United Kingdom,Russian Federation,GBR,RUS,United Kingdom,GBR,import,3947.813,533.5,7.399836925960638,,3114042471144.39,2291612121334.64,7.92204883147907,13.75,0.811301715827773,68.4849416666667,0.0118464248648495,108.72,125.33,2510.88,0,0,1,1,0,0,0,0,8.281170306404979,6.2813317304651,2.1282122920847075,28.766942828022362,28.460276668930817,4.697931666069403,4.838897530841946,7.828786755746396,0.011776805263340365
1188,2022,9,United Rep. of Tanzania,Russian Federation,TZA,RUS,United Rep. of Tanzania,TZA,import,3355.293,1446.457,2.31966314933662,,75769974505.0106,2291612121334.64,4.35027204269098,13.75,2303.03367612332,68.4849416666667,33.62832208184917,156.84,125.33,6968.894,0,0,0,0,0,0,0,0,8.118592370093166,7.277563502615578,1.1998633167376906,25.050967936424158,28.460276668930817,5.06158186171436,4.838897530841946,8.849355295604493,3.544671904507256
1189,2022,9,USA,Russian Federation,USA,RUS,USA,USA,import,133.046,13.419,9.91474774573366,,26006893000000.0,2291612121334.64,8.00279982052121,13.75,1.0,68.4849416666667,0.014601750044079,100.28,125.33,7517.972,0,0,1,1,0,0,0,0,4.898183024624673,2.66854678132451,2.3901148789454454,30.88938273419781,28.460276668930817,4.617888958395866,4.838897530841946,8.925184705471638,0.014496171010071765
1190,2022,9,Uzbekistan,Russian Federation,UZB,RUS,Uzbekistan,UZB,import,2667.188,1018.972,2.617528253965762,,90095926567.4359,2291612121334.64,11.4466436998836,13.75,11050.145422363,68.4849416666667,161.3514614080686,157.51,125.33,2789.856,0,0,0,0,0,0,0,1,7.889154869320605,6.92753045492114,1.2857909898498117,25.224140790421448,28.460276668930817,5.065817682809802,4.838897530841946,7.93410363779468,5.089763500097923
1191,2023,9,Angola,Russian Federation,AGO,RUS,Angola,AGO,import,41.095,20.313,2.023088662432925,,84875162197.0107,2071505725030.58,13.6441017767715,5.95,685.020237761449,85.1620083333333,8.0437304282469,150.26,135.97,7535.854,0,0,0,0,0,0,0,0,3.739928968789627,3.0593172151791017,1.1062790446536714,25.16444733384566,28.359296862173096,5.019000210427883,4.91976192374673,8.927560132553287,2.2020717472761056
1192,2023,9,Azerbaijan,Russian Federation,AZE,RUS,Azerbaijan,AZE,import,221.187,105.435,2.0978517570066866,,72428470588.2353,2071505725030.58,8.78543049849081,5.95,1.7,85.1620083333333,0.0199619529091659,181.53,135.97,1930.747,1,0,0,0,0,0,0,1,5.40351936964341,4.667534470184641,1.1307088896576114,25.005865299222233,28.359296862173096,5.206914543074693,4.91976192374673,7.566180053816499,0.01976532553103234
1193,2023,9,Argentina,Russian Federation,ARG,RUS,Argentina,ARG,import,799.153,898.221,0.889706430822704,,646075277525.125,2071505725030.58,133.488935594175,5.95,296.258041666667,85.1620083333333,3.4787582804186696,95.3,135.97,13505.36,0,0,0,0,0,0,0,0,6.684802959381978,6.801528832959251,0.636421489399934,27.194181862618287,28.359296862173096,4.56746831880408,4.91976192374673,9.510915964599635,1.499345838458911
1194,2023,9,Australia,Russian Federation,AUS,RUS,Australia,AUS,import,2.226,0.13,17.123076923076923,,1728057316695.61,2071505725030.58,5.59701492537313,5.95,1.50519106560509,85.1620083333333,0.0176744430417095,102.03,135.97,14503.07,0,0,1,1,0,0,0,0,1.171242979703017,0.12221763272424911,2.8971860943158947,28.178018955144932,28.359296862173096,4.635020207956977,4.91976192374673,9.582184578677866,0.017520066432811794
1195,2023,9,Austria,Russian Federation,AUT,RUS,Austria,AUT,import,49361.658,5070.504,9.735059473377795,,511685203845.001,2071505725030.58,7.81413417002833,5.95,0.924839558470698,85.1620083333333,0.0108597668910152,120.4,135.97,1675.699,0,0,1,1,1,0,0,0,10.806949506400114,8.531392699537024,2.3735149714530595,26.96097543665833,28.359296862173096,4.799090878625398,4.91976192374673,7.42458225853397,0.010801223089210645
1196,2023,9,Armenia,Russian Federation,ARM,RUS,Armenia,ARM,import,20319.447,4507.374000000001,4.5080454828021805,,24085749592.3359,2071505725030.58,1.98041877615558,5.95,392.476302158971,85.1620083333333,4.608584389212339,194.88,135.97,1803.035,0,0,0,0,0,1,0,1,9.919382899481962,8.413691835338607,1.7062098384216722,23.904886199373266,28.359296862173096,5.277502226834117,4.91976192374673,7.497781101764742,1.7242983506534588
1197,2023,9,Belgium,Russian Federation,BEL,RUS,Belgium,BEL,import,1844.859,240.075,7.684511090284287,,644655275111.58,2071505725030.58,4.04901077613945,5.95,0.924839558470698,85.1620083333333,0.0108597668910152,127.77,135.97,2261.25,0,0,1,1,1,0,0,0,7.520700030780478,5.485108088396448,2.1615411045315867,27.191981553679234,28.359296862173096,4.858027867285692,4.91976192374673,7.724115172231243,0.010801223089210645
1198,2023,9,Brazil,Russian Federation,BRA,RUS,Brazil,BRA,import,131770.149,38203.6,3.4491552890303536,,2191131765684.63,2071505725030.58,4.59356282283203,5.95,4.99437976287199,85.1620083333333,0.0586456315511424,95.5,135.97,11820.15,0,0,0,0,0,0,1,0,11.78882197724022,10.550711206193066,1.4927142554697337,28.415439314252342,28.359296862173096,4.56954300834494,4.91976192374673,9.377645578951656,0.05699038507776344
1199,2023,9,Bulgaria,Russian Federation,BGR,RUS,Bulgaria,BGR,import,462.142,46.227,9.99723105544379,,102396840296.147,2071505725030.58,9.44284140088566,5.95,1.80896666666667,85.1620083333333,0.0212414749495594,126.25,135.97,1785.898,0,0,1,1,1,0,0,0,6.138033702529157,3.854965762940792,2.397643518878629,25.352121692602573,28.359296862173096,4.846153655430632,4.91976192374673,7.488236434627176,0.02101901949462343
1200,2023,9,Cambodia,Russian Federation,KHM,RUS,Cambodia,KHM,import,42.632000000000005,4.94,8.629959514170043,,42335646895.7984,2071505725030.58,2.12746796594196,5.95,4110.65274641577,85.1620083333333,48.268621499932586,,135.97,7534.794,0,0,0,0,0,0,0,0,3.7757908261032327,1.7817091333745536,2.264879021665168,24.46889528434905,28.359296862173096,,4.91976192374673,8.927419480426103,3.897287397677204
1201,2023,9,Sri Lanka,Russian Federation,LKA,RUS,Sri Lanka,LKA,import,122601.125,22675.451,5.406777796834119,,83716142582.1945,2071505725030.58,16.5411742279832,5.95,327.506533333333,85.1620083333333,3.845688232849524,91.13,135.97,6576.936,0,0,0,0,0,0,0,0,11.716699635123597,10.029082264115702,1.85735646074349,25.150697658250035,28.359296862173096,4.52320062312084,4.91976192374673,8.791476297300637,1.5780892853783068
1202,2023,9,China,Russian Federation,CHN,RUS,China,CHN,import,85240.189,24961.704,3.414838546278731,,18270356654533.2,2071505725030.58,0.23483682889306,5.95,7.08399842343631,85.1620083333333,0.083182613492495,159.67,135.97,5795.045,1,0,0,0,0,0,1,0,11.353240034965575,10.125138149949066,1.4849712640279573,30.5363010074489,28.359296862173096,5.079352572055243,4.91976192374673,8.664931067385588,0.079903571987688
1203,2023,9,Colombia,Russian Federation,COL,RUS,Colombia,COL,import,4678.268,686.971,6.809993434948491,,366291836137.916,2071505725030.58,11.735904494869,5.95,4325.955,85.1620083333333,50.79677058657124,121.29,135.97,10979.1,0,0,0,0,0,0,0,0,8.450896966421922,6.533746685882168,2.0554041232556575,26.626696219119765,28.359296862173096,4.806395273201279,4.91976192374673,9.303839822490172,3.9473278034333905
1204,2023,9,Costa Rica,Russian Federation,CRI,RUS,Costa Rica,CRI,import,480.379,109.227,4.39798767703956,,86497941438.9809,2071505725030.58,0.525193508693476,5.95,544.050775505632,85.1620083333333,6.388421153434504,141.51,135.97,10967.48,0,0,0,0,0,0,0,0,6.176654901630541,4.702541875783402,1.6860262317179866,25.183386452219334,28.359296862173096,4.959412172685121,4.91976192374673,9.302780983960698,1.9999140657791998
1205,2023,9,Czechia,Russian Federation,CZE,RUS,Czechia,CZE,import,306.994,42.92399999999999,7.152036156928525,,343206568134.637,2071505725030.58,10.6612601372426,5.95,22.1980833333333,85.1620083333333,0.2606571142198479,118.14,135.97,1673.0,0,0,1,1,1,0,0,0,5.730080302264346,3.7824608677354665,2.098267731255107,26.56159834230144,28.359296862173096,4.7802992722005415,4.91976192374673,7.422971251049421,0.2316331042416015
1207,2023,9,Ecuador,Russian Federation,ECU,RUS,Ecuador,ECU,import,237.171,8.506,27.88278861979779,,121147057000.0,2071505725030.58,2.21568764237062,5.95,1.0,85.1620083333333,0.0117423252406858,113.29,135.97,11640.42,0,0,0,0,0,0,0,0,5.4729889030779315,2.251923178191818,3.363245868220383,25.520270991722388,28.359296862173096,4.738739077909506,4.91976192374673,9.36232470697202,0.011673919116883888
1208,2023,9,El Salvador,Russian Federation,SLV,RUS,El Salvador,SLV,import,19.628,2.889,6.79404638283143,,33853940000.0,2071505725030.58,4.04554694222478,5.95,1.0,85.1620083333333,0.0117423252406858,93.85,135.97,10866.28,0,0,0,0,0,0,0,0,3.0266493761887125,1.3581520551736102,2.053360157993425,24.245321225424867,28.359296862173096,4.552296696381023,4.91976192374673,9.293511718811708,0.011673919116883888
1209,2023,9,Ethiopia,Russian Federation,ETH,RUS,Ethiopia,ETH,import,7851.65,1814.25,4.327766294612099,,,2071505725030.58,30.2188278135278,5.95,54.6009480676569,85.1620083333333,0.641142090660226,,135.97,5198.625,0,0,0,0,0,0,0,0,8.96860633342711,7.503978478260356,1.6729320686521958,,28.359296862173096,,4.91976192374673,8.556341786584463,0.4953923962084527
1210,2023,9,Estonia,Russian Federation,EST,RUS,Estonia,EST,import,22844.094,5261.777,4.341516943800545,,41291245222.1948,2071505725030.58,9.15922507983982,5.95,0.924839558470698,85.1620083333333,0.0108597668910152,121.84,135.97,871.7853,1,0,1,1,1,0,0,0,10.036491668674833,8.568414113184954,1.6755096845040898,24.443916334374524,28.359296862173096,4.810882695572622,4.91976192374673,6.771689592030556,0.010801223089210645
1211,2023,9,Finland,Russian Federation,FIN,RUS,Finland,FIN,import,3392.507,271.696,12.486407602614689,,294950618733.339,2071505725030.58,6.25064322154762,5.95,0.924839558470698,85.1620083333333,0.0108597668910152,115.57,135.97,892.6777,1,0,1,1,1,0,0,0,8.12961917890874,5.608357621610485,2.601682333985466,26.410073785153386,28.359296862173096,4.758491950931741,4.91976192374673,6.795345195631136,0.010801223089210645
1212,2023,9,France,Russian Federation,FRA,RUS,France,FRA,import,557.038,44.22,12.596969696969698,,3051831611384.76,2071505725030.58,4.87835726508438,5.95,0.924839558470698,85.1620083333333,0.0108597668910152,99.8,135.97,2494.316,0,0,1,1,1,0,0,0,6.3244270604210095,3.811539466849824,2.6098469515154576,28.746763054626093,28.359296862173096,4.613138355637268,4.91976192374673,7.822170653472379,0.010801223089210645
1213,2023,9,Georgia,Russian Federation,GEO,RUS,Georgia,GEO,import,6599.92,2045.607,3.226387082171698,,30777833600.6515,2071505725030.58,2.48776056578715,5.95,2.62795833333333,85.1620083333333,0.0308583414689707,139.08,135.97,1644.856,1,0,0,0,0,0,0,0,8.794964312239479,7.6239385789536565,1.4413475104019355,24.150060579567956,28.359296862173096,4.942213687977596,4.91976192374673,7.406015892598331,0.030391796437536547
1214,2023,9,Germany,Russian Federation,DEU,RUS,Germany,DEU,import,65102.420000000006,10792.473,6.032205964286407,,4525703903627.53,2071505725030.58,5.94643667725828,5.95,0.924839558470698,85.1620083333333,0.0108597668910152,95.73,135.97,2065.183,0,0,1,1,1,0,0,0,11.083732361378981,9.286696878566268,1.9505004495282348,29.140794239795355,28.359296862173096,4.571923592194456,4.91976192374673,7.633458222717186,0.010801223089210645
1215,2023,9,Greece,Russian Federation,GRC,RUS,Greece,GRC,import,179.772,12.143,14.804578769661534,,243498333237.802,2071505725030.58,3.46480128513402,5.95,0.924839558470698,85.1620083333333,0.0108597668910152,128.88,135.97,2233.583,0,0,1,1,1,0,0,0,5.197236568708267,2.575889297499871,2.7602996935985002,26.21837593443044,28.359296862173096,4.866610947234645,4.91976192374673,7.711809912458774,0.010801223089210645
1216,2023,9,Guatemala,Russian Federation,GTM,RUS,Guatemala,GTM,import,1227.91,239.254,5.132244392988206,,104368413483.146,2071505725030.58,6.20657592272128,5.95,7.83197416666667,85.1620083333333,0.0919655879416497,128.24,135.97,10835.78,0,0,0,0,0,0,0,0,7.1138828766160564,5.481696697035424,1.8135608155624299,25.371192913782757,28.359296862173096,4.861671140956298,4.91976192374673,9.29070118289567,0.08797936395222505
1217,2023,9,Honduras,Russian Federation,HND,RUS,Honduras,HND,import,6371.013,1583.826,4.022546037254092,,34355805527.9795,2071505725030.58,6.66325180347458,5.95,24.6016468236818,85.1620083333333,0.2888805384601581,115.51,135.97,10729.13,0,0,0,0,0,0,0,0,8.759670711203627,7.368229901105395,1.6139369838678486,24.260036852366895,28.359296862173096,4.757977106231849,4.91976192374673,9.28081095111519,0.25377404197420034
1218,2023,9,Hungary,Russian Federation,HUN,RUS,Hungary,HUN,import,4.894,0.549,8.914389799635702,,214022571311.24,2071505725030.58,17.1249659678737,5.95,353.088333333333,85.1620083333333,4.146078048691702,121.22,135.97,1574.19,0,0,1,0,1,0,0,0,1.773934884315503,0.4376095614347315,2.2939872169246693,26.089347319828015,28.359296862173096,4.80582269946677,4.91976192374673,7.362131178904561,1.6382348806103941
1219,2023,9,Indonesia,Russian Federation,IDN,RUS,Indonesia,IDN,import,26888.274,12560.227,2.1407474562362605,,1371169301563.62,2071505725030.58,3.6693865485976,5.95,15236.8846620506,85.1620083333333,178.91645535661613,121.36,135.97,9302.706,0,0,0,0,0,0,0,0,10.19948275001409,9.43837012633353,1.1444608149796744,27.94668499653218,28.359296862173096,4.806967519282702,4.91976192374673,9.138168094387108,5.192492606237647
1220,2023,9,Israel,Russian Federation,ISR,RUS,Israel,ISR,import,34.118,8.853,3.8538348582401447,,512184638998.974,2071505725030.58,4.22522603168918,5.95,3.6673747160226,85.1620083333333,0.0430635066950053,125.61,135.97,2643.989,0,0,0,0,0,0,0,0,3.558713819537139,2.2877759773403374,1.5797690849374695,26.961951020023882,28.359296862173096,4.841111495532162,4.91976192374673,7.880422185493582,0.04216206265494456
1221,2023,9,Italy,Russian Federation,ITA,RUS,Italy,ITA,import,48583.198,6398.901000000001,7.592428449822868,,2304605139862.79,2071505725030.58,5.62219442195906,5.95,0.924839558470698,85.1620083333333,0.0108597668910152,103.49,135.97,2383.171,0,0,1,1,1,0,0,0,10.791053612984882,8.764037800478121,2.150881402657181,28.4659304717867,28.359296862173096,4.649091373046019,4.91976192374673,7.776606753800817,0.010801223089210645
1222,2023,9,CÃ´te d'Ivoire,Russian Federation,CIV,RUS,CÃ´te d'Ivoire,CIV,import,0.012,0.017,0.7058823529411764,,79618056323.7639,2071505725030.58,4.38711707003282,5.95,606.569750165917,85.1620083333333,7.122539287609769,209.7,135.97,6715.534,0,0,0,0,0,0,0,0,0.011928570865273812,0.016857117066422806,0.5340824859302579,25.100506742323645,28.359296862173096,5.350435320810143,4.91976192374673,8.812327526650607,2.0946428254358187
1223,2023,9,Japan,Russian Federation,JPN,RUS,Japan,JPN,import,3395.854,231.552,14.665621545052511,,4213167237905.83,2071505725030.58,3.26813365933164,5.95,140.49110006234,85.1620083333333,1.649692190353739,94.02,135.97,7486.303,0,0,1,1,0,0,0,0,8.130604988137751,5.449113855934134,2.75146860092648,29.069235793819235,28.359296862173096,4.554087395758775,4.91976192374673,8.920963931560047,0.97444347866817
1224,2023,9,Kazakhstan,Russian Federation,KAZ,RUS,Kazakhstan,KAZ,import,19483.619,3774.626,5.161734963940797,,261840101059.923,2071505725030.58,14.7249900200331,5.95,456.165,85.1620083333333,5.35643779341747,147.13,135.97,3104.607,1,1,0,0,0,1,0,1,9.877380664078943,8.236321475749783,1.8183583878799048,26.290999853103678,28.359296862173096,4.998090266593961,4.91976192374673,8.040964466404994,1.8494681250654117
1225,2023,9,Kenya,Russian Federation,KEN,RUS,Kenya,KEN,import,31693.784,13962.508,2.269920561549544,,108038588970.595,2071505725030.58,7.67139634029401,5.95,139.846383759617,85.1620083333333,1.642121721839193,123.74,135.97,6348.253,0,0,0,0,0,0,0,0,10.363907403740004,9.544202634146751,1.184765691509965,25.405754305544843,28.359296862173096,4.826231571097977,4.91976192374673,8.756092447171593,0.9715822768932085
1226,2023,9,Kuwait,Russian Federation,KWT,RUS,Kuwait,KWT,import,3.243,0.538,6.027881040892193,,165384407267.056,2071505725030.58,3.64216403030709,5.95,0.30718535125088,85.1620083333333,0.0036070703035621,143.01,135.97,3051.533,0,0,0,0,0,0,0,0,1.445270566220188,0.43048287108345223,1.9498852437291483,25.831538342226594,28.359296862173096,4.969882741609291,4.91976192374673,8.023727016737235,0.003600580427086306
1227,2023,9,Kyrgyzstan,Russian Federation,KGZ,RUS,Kyrgyzstan,KGZ,import,593.623,254.206,2.335204519169493,,15180842369.4894,2071505725030.58,10.7532770416742,5.95,87.8561255862776,85.1620083333333,1.0316352010206151,162.34,135.97,2985.871,0,1,0,0,0,1,0,1,6.387927591282421,5.542071062166043,1.2045340025755844,23.443300099501364,28.359296862173096,5.09583391793013,4.91976192374673,8.001981630139227,0.7088409865425405
1228,2023,9,Lebanon,Russian Federation,LBN,RUS,Lebanon,LBN,import,45.672,5.5,8.304,,20078620356.9931,2071505725030.58,221.341644023365,5.95,13875.625,85.1620083333333,162.93210166779187,,135.97,2441.484,0,0,0,0,0,0,0,0,3.8431444131253656,1.8718021769015913,2.2304444152163634,23.722921422138228,28.359296862173096,,4.91976192374673,7.80077083323018,5.099452327875867
1229,2023,9,Latvia,Russian Federation,LVA,RUS,Latvia,LVA,import,4328.455,727.39,5.950666080094585,,42572151720.138,2071505725030.58,8.93804623316639,5.95,0.924839558470698,85.1620083333333,0.0108597668910152,124.23,135.97,847.8519,1,0,1,1,1,0,0,0,8.373196947023931,6.59083661903873,1.9388374938469806,24.47446616099037,28.359296862173096,4.830152046575941,4.91976192374673,6.743884730576574,0.010801223089210645
1230,2023,9,Lithuania,Russian Federation,LTU,RUS,Lithuania,LTU,import,27191.575,2928.132,9.286321449989275,,79789877416.1681,2071505725030.58,9.11731962390473,5.95,0.924839558470698,85.1620083333333,0.0108597668910152,149.34,135.97,794.0689,1,0,1,1,1,0,0,0,10.210699237077652,7.982461412387889,2.330814998078617,25.102662483947185,28.359296862173096,5.012899395749323,4.91976192374673,6.67842877756566,0.010801223089210645
1231,2023,9,Madagascar,Russian Federation,MDG,RUS,Madagascar,MDG,import,512.3820000000001,65.845,7.781638696939784,,15869945477.855,2071505725030.58,9.87432675044886,5.95,4429.57921419022,85.1620083333333,52.0135598124033,,135.97,8356.116,0,0,0,0,0,0,0,0,6.241020207440642,4.202376506435086,2.1726630299745677,23.48769293599395,28.359296862173096,,4.91976192374673,9.030868670484256,3.970547726346282
1232,2023,9,Malawi,Russian Federation,MWI,RUS,Malawi,MWI,import,766.027,555.16,1.3798310397002669,,12712150082.0792,2071505725030.58,28.7897428247298,5.95,1161.09436666667,85.1620083333333,13.633947688528217,127.45,135.97,7767.932,0,0,0,0,0,0,0,0,6.642522002833727,6.321056022636973,0.8670294934407747,23.26582407252076,28.359296862173096,4.855539723555893,4.91976192374673,8.957887982176885,2.683344013802464
1233,2023,9,Mexico,Russian Federation,MEX,RUS,Mexico,MEX,import,649.617,133.515,4.865498258622627,,1793798859343.27,2071505725030.58,5.52796087314385,5.95,17.7587166666667,85.1620083333333,0.2085286269571892,112.11,135.97,10736.3,0,0,0,0,0,0,0,0,6.4779211434242825,4.901675716987105,1.7690874330788657,28.215356754742203,28.359296862173096,4.7283607965432894,4.91976192374673,9.281478939809377,0.18940360888844796
1235,2023,9,Rep. of Moldova,Russian Federation,MDA,RUS,Rep. of Moldova,MDA,import,125.348,9.773,12.825949043282511,,16711906746.2133,2071505725030.58,13.4170104381299,5.95,18.1639377592166,85.1620083333333,0.2132868648202962,105.72,135.97,1150.314,0,0,0,0,0,0,0,1,4.839040004662623,2.3770430039120556,2.626547191944353,23.539387281195477,28.359296862173096,4.670208582167313,4.91976192374673,7.0486591777724525,0.19333309402211318
1236,2023,9,Morocco,Russian Federation,MAR,RUS,Morocco,MAR,import,3.907,0.145,26.944827586206895,,144417103249.646,2071505725030.58,6.09114152504136,5.95,10.1314260970897,85.1620083333333,0.1189665003839999,116.37,135.97,4156.454,0,0,0,0,0,0,0,0,1.5906627571077663,0.13540463700620298,3.3302321229479994,25.69597149995528,28.359296862173096,4.765331338112032,4.91976192374673,8.33265814666432,0.11240549178068114
1237,2023,9,Mozambique,Russian Federation,MOZ,RUS,Mozambique,MOZ,import,187.0,161.65,1.1568202907516238,,20954220983.5473,2071505725030.58,7.12697482131851,5.95,63.8858333333333,85.1620083333333,0.7501682332722504,,135.97,9107.99,0,0,0,0,0,0,0,0,5.236441962829949,5.091600652919361,0.7686350494955776,23.765605941996398,28.359296862173096,,4.91976192374673,9.11701711692886,0.5597119166133421
1238,2023,9,Netherlands,Russian Federation,NLD,RUS,Netherlands,NLD,import,47533.073,8689.561,5.470135142615376,,1154361305398.06,2071505725030.58,3.8383935434281,5.95,0.924839558470698,85.1620083333333,0.0108597668910152,121.59,135.97,2155.229,0,0,1,1,1,0,0,0,10.76920205918297,9.069992773137752,1.867196995870459,27.774568324612705,28.359296862173096,4.808845454106903,4.91976192374673,7.67611614160181,0.010801223089210645
1239,2023,9,Nicaragua,Russian Federation,NIC,RUS,Nicaragua,NIC,import,579.244,134.835,4.295946898060593,,17805842283.8725,2071505725030.58,8.38765854872534,5.95,36.4411942796586,85.1620083333333,0.4279043553907727,133.75,135.97,10876.95,0,0,0,0,0,0,0,0,6.363448704730555,4.911440913876183,1.6669417917831908,23.602792458643886,28.359296862173096,4.903421209789107,4.91976192374673,9.294493083539175,0.35620788365659883
1240,2023,9,Nigeria,Russian Federation,NGA,RUS,Nigeria,NGA,import,108.597,272.62,0.3983456826351698,,363846332834.618,2071505725030.58,24.6595502031139,5.95,645.194067883201,85.1620083333333,7.576078588445704,101.7,135.97,6263.33,0,0,0,0,0,0,0,0,4.696810001876514,5.611740282491968,0.33528988265556914,26.61999745290795,28.359296862173096,4.631812116934513,4.91976192374673,8.74262691827533,2.1489767680511167
1241,2023,9,Norway,Russian Federation,NOR,RUS,Norway,NOR,import,3.358,0.098,34.265306122448976,,482949731776.587,2071505725030.58,5.51784987104656,5.95,10.5633333333333,85.1620083333333,0.124038095625778,99.3,135.97,1649.799,1,0,1,1,0,0,0,0,1.4720132365224283,0.09349034308733897,3.562899651253374,26.90317841018816,28.359296862173096,4.60816569496789,4.91976192374673,7.4090146921113424,0.11692764380264428
1242,2023,9,Pakistan,Russian Federation,PAK,RUS,Pakistan,PAK,import,34.756,17.490000000000002,1.987192681532304,,337885531778.052,2071505725030.58,30.7681280657005,5.95,280.356111655149,85.1620083333333,3.292032646268802,115.65,135.97,3658.638,0,0,0,0,0,0,0,0,3.5767180872256064,2.9172300453990334,1.0943340438600007,26.545973011694453,28.359296862173096,4.759177998467439,4.91976192374673,8.205119514399957,1.456760431046328
1243,2023,9,Peru,Russian Federation,PER,RUS,Peru,PER,import,7336.259,2961.602,2.477125218040777,,266958720837.988,2071505725030.58,6.45561348369583,5.95,3.74382620959376,85.1620083333333,0.0439612249976541,100.29,135.97,12666.63,0,0,0,0,0,0,0,0,8.900720618622497,7.993823215230422,1.2462058656187867,26.310359879794998,28.359296862173096,4.6179876896987055,4.91976192374673,9.446805199780137,0.0430223479638655
1244,2023,9,Poland,Russian Federation,POL,RUS,Poland,POL,import,24009.024,2484.126,9.664978346508992,,812451128978.58,2071505725030.58,11.5289127961105,5.95,4.20366666666667,85.1620083333333,0.0493608212034298,151.12,135.97,1156.427,1,0,1,1,1,0,0,0,10.086226688798305,7.818078641470666,2.3669653215892312,27.423321600393074,28.359296862173096,5.024669683060059,4.91976192374673,7.053954717016941,0.04818123709994993
1245,2023,9,Portugal,Russian Federation,PRT,RUS,Portugal,PRT,import,9278.768,1387.251,6.688600693025271,,289696962620.235,2071505725030.58,4.3112819189868,5.95,0.924839558470698,85.1620083333333,0.0108597668910152,94.93,135.97,3913.34,0,0,1,1,1,0,0,0,9.13559182546774,7.23579996045281,2.0397388024639413,26.39210125710077,28.359296862173096,4.563618758829857,4.91976192374673,8.27240201183782,0.010801223089210645
1246,2023,9,Romania,Russian Federation,ROU,RUS,Romania,ROU,import,28.126,3.002,9.3690872751499,,350775856415.189,2071505725030.58,10.3971874764996,5.95,4.57429166666667,85.1620083333333,0.053712820495759,111.05,135.97,,,,1,1,1,0,0,0,3.3716312460603888,1.3867942361615415,2.338829002470982,26.583413270720715,28.359296862173096,4.718945200246936,4.91976192374673,,0.052319946670669026
1247,2023,9,Russian Federation,Azerbaijan,RUS,AZE,Azerbaijan,AZE,export,7758.251,1444.0970000000002,5.37238911236572,7537.064,72428470588.2353,2071505725030.58,8.78543049849081,5.95,1.7,85.1620083333333,0.0199619529091659,181.53,135.97,1930.747,1,0,0,0,0,0,0,1,8.956641087900293,7.275931726321229,1.8519744561541176,25.005865299222233,28.359296862173096,5.206914543074693,4.91976192374673,7.566180053816499,0.01976532553103234
1248,2023,9,Russian Federation,Austria,RUS,AUT,Austria,AUT,export,1081.039,545.283,1.98252833849579,-48280.619000000006,511685203845.001,2071505725030.58,7.81413417002833,5.95,0.924839558470698,85.1620083333333,0.0108597668910152,120.4,135.97,1675.699,0,0,1,1,1,0,0,0,6.986602503119136,6.3031371564843885,1.0927713765360063,26.96097543665833,28.359296862173096,4.799090878625398,4.91976192374673,7.42458225853397,0.010801223089210645
1249,2023,9,Russian Federation,Bahrain,RUS,BHR,Bahrain,BHR,export,20.918,12.431,1.6827286622154292,20.918,46192260638.2979,2071505725030.58,0.0746206782191527,5.95,0.376,85.1620083333333,0.0044151142904978,125.03,135.97,3450.924,0,0,0,0,0,0,0,0,3.0873082170412003,2.597565467926938,0.9868344340949987,24.556078102371377,28.359296862173096,4.8365199738494,4.91976192374673,8.146687035738479,0.004405396267022099
1250,2023,9,Russian Federation,Armenia,RUS,ARM,Armenia,ARM,export,3724.466,858.402,4.338836582393797,-16594.981,24085749592.3359,2071505725030.58,1.98041877615558,5.95,392.476302158971,85.1620083333333,4.608584389212339,194.88,135.97,1803.035,0,0,0,0,0,1,0,1,8.222947223660364,6.756236798543213,1.6750077607697405,23.904886199373266,28.359296862173096,5.277502226834117,4.91976192374673,7.497781101764742,1.7242983506534588
1251,2023,9,Russian Federation,Belgium,RUS,BEL,Belgium,BEL,export,30.643,12.032,2.5467918882978724,-1814.216,644655275111.58,2071505725030.58,4.04901077613945,5.95,0.924839558470698,85.1620083333333,0.0108597668910152,127.77,135.97,2261.25,0,0,1,1,1,0,0,0,3.454516955092372,2.567407871299744,1.2660435014730202,27.191981553679234,28.359296862173096,4.858027867285692,4.91976192374673,7.724115172231243,0.010801223089210645
1252,2023,9,Russian Federation,Bosnia Herzegovina,RUS,BIH,Bosnia Herzegovina,BIH,export,1.003,0.553,1.8137432188065097,1.003,27592361387.8597,2071505725030.58,6.10590112848281,5.95,1.80920280030082,85.1620083333333,0.0212442477074918,104.53,135.97,1902.116,0,0,0,0,0,0,0,0,0.6946460566836813,0.44018854416654996,1.034515703216002,24.040804810090847,28.359296862173096,4.658995272682999,4.91976192374673,7.551247821823041,0.0210217345764493
1253,2023,9,Russian Federation,Bulgaria,RUS,BGR,Bulgaria,BGR,export,86.41999999999999,7.917000000000001,10.915750915750912,-375.722,102396840296.147,2071505725030.58,9.44284140088566,5.95,1.80896666666667,85.1620083333333,0.0212414749495594,126.25,135.97,1785.898,0,0,1,1,1,0,0,0,4.470724089435168,2.1879595671527428,2.4778611312883916,25.352121692602573,28.359296862173096,4.846153655430632,4.91976192374673,7.488236434627176,0.02101901949462343
1254,2023,9,Russian Federation,Canada,RUS,CAN,Canada,CAN,export,18.875,2.878,6.558373870743572,18.875,2173339670064.33,2071505725030.58,3.87900159788427,5.95,1.3499086407939,85.1620083333333,0.0158510663054141,105.03,135.97,7495.521,0,0,1,1,0,0,0,0,2.9894626605403958,1.3553195568204601,2.0226560705923893,28.40728611886898,28.359296862173096,4.6637220729377065,4.91976192374673,8.92219432523831,0.015726750129105117
1255,2023,9,Russian Federation,Sri Lanka,RUS,LKA,Sri Lanka,LKA,export,7005.013,9628.76,0.7275093573835052,-115596.112,83716142582.1945,2071505725030.58,16.5411742279832,5.95,327.506533333333,85.1620083333333,3.845688232849524,91.13,135.97,6576.936,0,0,0,0,0,0,0,0,8.854524059308094,9.17261358236323,0.5466806933648469,25.150697658250035,28.359296862173096,4.52320062312084,4.91976192374673,8.791476297300637,1.5780892853783068
1256,2023,9,Russian Federation,Chile,RUS,CHL,Chile,CHL,export,64.58,6.163,10.478662988804151,64.58,335518054097.637,2071505725030.58,7.58168251407967,5.95,840.066526651499,85.1620083333333,9.864334379755205,99.33,135.97,14153.3,0,0,0,0,0,0,0,0,4.1832707714165025,1.968928887632314,2.4404899197190346,26.538941604424874,28.359296862173096,4.608464752937522,4.91976192374673,9.557773743832898,2.385485349038857
1257,2023,9,Russian Federation,China,RUS,CHN,China,CHN,export,119.602,8.253,14.491942324003393,-85120.587,18270356654533.2,2071505725030.58,0.23483682889306,5.95,7.08399842343631,85.1620083333333,0.083182613492495,159.67,135.97,5795.045,1,0,0,0,0,0,1,0,4.7924958679035035,2.224947823266893,2.740320038692012,30.5363010074489,28.359296862173096,5.079352572055243,4.91976192374673,8.664931067385588,0.079903571987688
1258,2023,9,Russian Federation,Cyprus,RUS,CYP,Cyprus,CYP,export,0.348,0.008,43.49999999999999,0.348,33886930712.3394,2071505725030.58,3.54134188751658,5.95,0.924839558470698,85.1620083333333,0.0108597668910152,145.8,135.97,2316.67,0,0,1,0,1,0,0,0,0.2986220124901152,0.007968169649176881,3.7954891891721942,24.246295252318816,28.359296862173096,4.9890711161804155,4.91976192374673,7.748317649657977,0.010801223089210645
1259,2023,9,Russian Federation,Czechia,RUS,CZE,Czechia,CZE,export,197.001,146.04,1.3489523418241576,-109.993,343206568134.637,2071505725030.58,10.6612601372426,5.95,22.1980833333333,85.1620083333333,0.2606571142198479,118.14,135.97,1673.0,0,0,1,1,1,0,0,0,5.2882720811868325,4.990704658607377,0.8539694167626376,26.56159834230144,28.359296862173096,4.7802992722005415,4.91976192374673,7.422971251049421,0.2316331042416015
1260,2023,9,Russian Federation,Dominican Rep.,RUS,DOM,Dominican Rep.,DOM,export,194.412,38.655,5.02941404734187,194.412,120456239153.739,2071505725030.58,4.78561281021137,5.95,56.1576,85.1620083333333,0.6594208039363408,126.97,135.97,9365.754,0,0,0,0,0,0,0,0,5.275110150210218,3.680217043535283,1.7966498331057048,25.514552363376776,28.359296862173096,4.851795861449505,4.91976192374673,9.144921890453677,0.5064686281926859
1261,2023,9,Russian Federation,Estonia,RUS,EST,Estonia,EST,export,193.435,16.573,11.671694925481203,-22650.659,41291245222.1948,2071505725030.58,9.15922507983982,5.95,0.924839558470698,85.1620083333333,0.0108597668910152,121.84,135.97,871.7853,1,0,1,1,1,0,0,0,5.270097916973139,2.866363633212709,2.5393707600885516,24.443916334374524,28.359296862173096,4.810882695572622,4.91976192374673,6.771689592030556,0.010801223089210645
1262,2023,9,Russian Federation,Finland,RUS,FIN,Finland,FIN,export,0.215,0.181,1.1878453038674033,-3392.292,294950618733.339,2071505725030.58,6.25064322154762,5.95,0.924839558470698,85.1620083333333,0.0108597668910152,115.57,135.97,892.6777,1,0,1,1,1,0,0,0,0.19474407679251185,0.16636153721522529,0.7829171799886548,26.410073785153386,28.359296862173096,4.758491950931741,4.91976192374673,6.795345195631136,0.010801223089210645
1263,2023,9,Russian Federation,France,RUS,FRA,France,FRA,export,14.692000000000002,0.729,20.15363511659808,-542.346,3051831611384.76,2071505725030.58,4.87835726508438,5.95,0.924839558470698,85.1620083333333,0.0108597668910152,99.8,135.97,2494.316,0,0,1,1,1,0,0,0,2.753151028347306,0.5475432067011535,3.051811763848998,28.746763054626093,28.359296862173096,4.613138355637268,4.91976192374673,7.822170653472379,0.010801223089210645
1264,2023,9,Russian Federation,Georgia,RUS,GEO,Georgia,GEO,export,6594.041,1676.227,3.933859196874886,-5.878999999999905,30777833600.6515,2071505725030.58,2.48776056578715,5.95,2.62795833333333,85.1620083333333,0.0308583414689707,139.08,135.97,1644.856,1,0,0,0,0,0,0,0,8.794073281963023,7.424897113426035,1.5961214803823527,24.150060579567956,28.359296862173096,4.942213687977596,4.91976192374673,7.406015892598331,0.030391796437536547
1265,2023,9,Russian Federation,Germany,RUS,DEU,Germany,DEU,export,2835.458,1425.3080000000002,1.9893651056473405,-62266.96200000001,4525703903627.53,2071505725030.58,5.94643667725828,5.95,0.924839558470698,85.1620083333333,0.0108597668910152,95.73,135.97,2065.183,0,0,1,1,1,0,0,0,7.950311369676564,7.262844566431827,1.0950610256070439,29.140794239795355,28.359296862173096,4.571923592194456,4.91976192374673,7.633458222717186,0.010801223089210645
1266,2023,9,Russian Federation,Guyana,RUS,GUY,Guyana,GUY,export,14.64,6.0,2.44,14.64,16918503597.1223,2071505725030.58,2.82110335099639,5.95,208.5,85.1620083333333,2.448274812683004,125.98,135.97,9760.068,0,0,0,0,0,0,0,0,2.7498317351171653,1.9459101490553132,1.235471471385307,23.551673747386168,28.359296862173096,4.844029593742304,4.91976192374673,9.186157099650034,1.2378740516796423
1267,2023,9,Russian Federation,"China, Hong Kong SAR",RUS,HKG,"China, Hong Kong SAR",HKG,export,16.028,1.068,15.007490636704118,16.028,381066399066.208,2071505725030.58,2.09660511249086,5.95,7.82958333333333,85.1620083333333,0.0919375139990533,105.03,135.97,7145.355,0,0,0,0,0,0,0,0,2.8348590479659057,0.7265819566461827,2.7730567774788435,26.666239472655803,28.359296862173096,4.6637220729377065,4.91976192374673,8.874357715491055,0.08795365407290577
1268,2023,9,Russian Federation,Hungary,RUS,HUN,Hungary,HUN,export,45.786,2.399,19.085452271779907,40.892,214022571311.24,2071505725030.58,17.1249659678737,5.95,353.088333333333,85.1620083333333,4.146078048691702,121.22,135.97,1574.19,0,0,1,0,1,0,0,0,3.8455840128715755,1.223481270713979,2.999995785445693,26.089347319828015,28.359296862173096,4.80582269946677,4.91976192374673,7.362131178904561,1.6382348806103941
1269,2023,9,Russian Federation,Iceland,RUS,ISL,Iceland,ISL,export,0.997,0.143,6.972027972027972,0.997,31452223861.9091,2071505725030.58,8.73630299937292,5.95,137.942952429967,85.1620083333333,1.6197710120931317,111.2,135.97,3316.138,0,0,1,1,0,0,0,0,0.6916460544336781,0.1336563848126736,2.0759389111286337,24.171735528655244,28.359296862173096,4.720282993088596,4.91976192374673,8.106857641940545,0.9630869139889525
1270,2023,9,Russian Federation,Indonesia,RUS,IDN,Indonesia,IDN,export,12219.526,16815.27,0.7266922267676938,-14668.748,1371169301563.62,2071505725030.58,3.6693865485976,5.95,15236.8846620506,85.1620083333333,178.91645535661613,121.36,135.97,9302.706,0,0,0,0,0,0,0,0,9.410872275989064,9.730102149124846,0.5462075706410295,27.94668499653218,28.359296862173096,4.806967519282702,4.91976192374673,9.138168094387108,5.192492606237647
1271,2023,9,Russian Federation,Ireland,RUS,IRL,Ireland,IRL,export,27.759,3.217,8.628846751631956,27.759,551394889339.778,2071505725030.58,6.29942487419122,5.95,0.924839558470698,85.1620083333333,0.0108597668910152,187.49,135.97,2802.315,0,0,1,1,1,0,0,0,3.358950761733734,1.4391239747644229,2.2647634628372773,27.035717066978062,28.359296862173096,5.239044955082965,4.91976192374673,7.938557924443968,0.010801223089210645
1272,2023,9,Russian Federation,Israel,RUS,ISR,Israel,ISR,export,921.117,154.39,5.966170088736318,886.9989999999999,512184638998.974,2071505725030.58,4.22522603168918,5.95,3.6673747160226,85.1620083333333,0.0430635066950053,125.61,135.97,2643.989,0,0,0,0,0,0,0,0,6.82667211355344,5.0459380857986424,1.9410655886334196,26.961951020023882,28.359296862173096,4.841111495532162,4.91976192374673,7.880422185493582,0.04216206265494456
1273,2023,9,Russian Federation,Japan,RUS,JPN,Japan,JPN,export,3.68,0.121,30.41322314049587,-3392.174,4213167237905.83,2071505725030.58,3.26813365933164,5.95,140.49110006234,85.1620083333333,1.649692190353739,94.02,135.97,7486.303,0,0,1,1,0,0,0,0,1.5432981099295553,0.11422114409002286,3.4472289233925077,29.069235793819235,28.359296862173096,4.554087395758775,4.91976192374673,8.920963931560047,0.97444347866817
1274,2023,9,Russian Federation,Kazakhstan,RUS,KAZ,Kazakhstan,KAZ,export,32894.221,5627.32,5.845450587491026,13410.602,261840101059.923,2071505725030.58,14.7249900200331,5.95,456.165,85.1620083333333,5.35643779341747,147.13,135.97,3104.607,1,1,0,0,0,1,0,1,10.401082667843783,8.635566275182214,1.9235842838187482,26.290999853103678,28.359296862173096,4.998090266593961,4.91976192374673,8.040964466404994,1.8494681250654117
1275,2023,9,Russian Federation,Jordan,RUS,JOR,Jordan,JOR,export,277.185,159.389,1.7390472366348997,277.185,51088476338.0282,2071505725030.58,2.08486986327134,5.95,0.71,85.1620083333333,0.0083370509208869,72.32,135.97,2652.505,0,0,0,0,0,0,0,0,5.62828635999114,5.077602114527182,1.0076101360741445,24.65682479676803,28.359296862173096,4.294833422971505,4.91976192374673,7.883636686569925,0.008302489671588096
1276,2023,9,Russian Federation,Kuwait,RUS,KWT,Kuwait,KWT,export,22.535,2.137,10.54515676181563,19.292,165384407267.056,2071505725030.58,3.64216403030709,5.95,0.30718535125088,85.1620083333333,0.0036070703035621,143.01,135.97,3051.533,0,0,0,0,0,0,0,0,3.1584886748531056,1.1432669292085411,2.4462660210439084,25.831538342226594,28.359296862173096,4.969882741609291,4.91976192374673,8.023727016737235,0.003600580427086306
1277,2023,9,Russian Federation,Kyrgyzstan,RUS,KGZ,Kyrgyzstan,KGZ,export,7580.675,1330.979,5.695563190703986,6987.052,15180842369.4894,2071505725030.58,10.7532770416742,5.95,87.8561255862776,85.1620083333333,1.0316352010206151,162.34,135.97,2985.871,0,1,0,0,0,1,0,1,8.93348943047806,7.194421085210288,1.9014450966961165,23.443300099501364,28.359296862173096,5.09583391793013,4.91976192374673,8.001981630139227,0.7088409865425405
1278,2023,9,Russian Federation,Lebanon,RUS,LBN,Lebanon,LBN,export,14.643,8.9,1.6452808988764045,-31.029,20078620356.9931,2071505725030.58,221.341644023365,5.95,13875.625,85.1620083333333,162.93210166779187,,135.97,2441.484,0,0,0,0,0,0,0,0,2.7500235325796334,2.2925347571405443,0.972777259624719,23.722921422138228,28.359296862173096,,4.91976192374673,7.80077083323018,5.099452327875867
1279,2023,9,Russian Federation,Latvia,RUS,LVA,Latvia,LVA,export,1210.471,199.159,6.077912622577941,-3117.984,42572151720.138,2071505725030.58,8.93804623316639,5.95,0.924839558470698,85.1620083333333,0.0108597668910152,124.23,135.97,847.8519,1,0,1,1,1,0,0,0,7.0995906027022295,5.299112050702924,1.95697903691601,24.47446616099037,28.359296862173096,4.830152046575941,4.91976192374673,6.743884730576574,0.010801223089210645
1280,2023,9,Russian Federation,Liberia,RUS,LBR,Liberia,LBR,export,0.028,0.01,2.8,0.028,4390000000.0,2071505725030.58,10.0944535665552,5.95,174.955982783514,85.1620083333333,2.0543900526478587,,135.97,6953.84,0,0,0,0,0,0,0,0,0.02761516703297339,0.009950330853168092,1.33500106673234,22.20259506426128,28.359296862173096,,4.91976192374673,8.847193099060572,1.116579917255343
1281,2023,9,Russian Federation,Lithuania,RUS,LTU,Lithuania,LTU,export,31.717,41.361,0.7668334904862069,-27159.858,79789877416.1681,2071505725030.58,9.11731962390473,5.95,0.924839558470698,85.1620083333333,0.0108597668910152,149.34,135.97,794.0689,1,0,1,1,1,0,0,0,3.4878948204894678,3.7462281276311424,0.5691889560089672,25.102662483947185,28.359296862173096,5.012899395749323,4.91976192374673,6.67842877756566,0.010801223089210645
1282,2023,9,Russian Federation,Luxembourg,RUS,LUX,Luxembourg,LUX,export,0.051,0.002,25.5,0.051,87574021091.7525,2071505725030.58,3.74140361983141,5.95,0.924839558470698,85.1620083333333,0.0108597668910152,117.95,135.97,2214.132,0,0,1,1,1,0,0,0,0.04974209189481401,0.001998002662673058,3.2771447329921766,25.19575022803717,28.359296862173096,4.778703236748966,4.91976192374673,7.703067274383062,0.010801223089210645
1284,2023,9,Russian Federation,Malaysia,RUS,MYS,Malaysia,MYS,export,931.417,1298.417,0.7173481246779732,931.417,399705137434.074,2071505725030.58,2.48886560125756,5.95,4.56062343240897,85.1620083333333,0.0535523236436392,139.53,135.97,8130.454,0,0,0,0,0,0,0,0,6.837780139513624,7.169670981322216,0.5407813130692736,26.713992955808692,28.359296862173096,4.9454209891126535,4.91976192374673,9.00349503033965,0.052167619515373416
1285,2023,9,Russian Federation,Malta,RUS,MLT,Malta,MLT,export,1.094,0.03,36.46666666666667,1.094,22210718401.0207,2071505725030.58,5.09396758978879,5.95,0.924839558470698,85.1620083333333,0.0108597668910152,109.87,135.97,2819.734,0,0,1,1,1,0,0,0,0.7390761124483453,0.02955880224154443,3.623451648791481,23.823840820210798,28.359296862173096,4.70835834378426,4.91976192374673,7.94475241375218,0.010801223089210645
1286,2023,9,Russian Federation,Mauritius,RUS,MUS,Mauritius,MUS,export,39.718,44.0,0.9026818181818184,39.718,14101195732.6741,2071505725030.58,7.05298238454734,5.95,45.267225,85.1620083333333,0.5315424786933064,102.91,135.97,8654.018,0,0,0,0,0,0,0,0,3.7066702551224853,3.8066624897703196,0.6432643742198636,23.36952543454157,28.359296862173096,4.643525139864555,4.91976192374673,9.065894547330851,0.42627538356507005
1287,2023,9,Russian Federation,Rep. of Moldova,RUS,MDA,Rep. of Moldova,MDA,export,4521.93,705.519,6.409366721519903,4396.582,16711906746.2133,2071505725030.58,13.4170104381299,5.95,18.1639377592166,85.1620083333333,0.2132868648202962,105.72,135.97,1150.314,0,0,0,0,0,0,0,1,8.4169152929044,6.5603500948981415,2.002744972972978,23.539387281195477,28.359296862173096,4.670208582167313,4.91976192374673,7.0486591777724525,0.19333309402211318
1288,2023,9,Russian Federation,Montenegro,RUS,MNE,Montenegro,MNE,export,0.715,0.148,4.831081081081081,0.715,7530593375.22034,2071505725030.58,8.58476910455405,5.95,0.924709622987356,85.1620083333333,0.0108582411463095,92.63,135.97,,,,1,1,0,0,0,0,0.5394130806179032,0.1380212978973746,1.7632024173193128,22.742239677276416,28.359296862173096,4.539350844950798,4.91976192374673,,0.010799713734592596
1289,2023,9,Russian Federation,Morocco,RUS,MAR,Morocco,MAR,export,140.039,149.75,0.935151919866444,136.13199999999998,144417103249.646,2071505725030.58,6.09114152504136,5.95,10.1314260970897,85.1620083333333,0.1189665003839999,116.37,135.97,4156.454,0,0,0,0,0,0,0,0,4.949036447877298,5.015622835607295,0.6601858349587598,25.69597149995528,28.359296862173096,4.765331338112032,4.91976192374673,8.33265814666432,0.11240549178068114
1290,2023,9,Russian Federation,Namibia,RUS,NAM,Namibia,NAM,export,0.648,0.208,3.1153846153846154,0.648,12408271447.8691,2071505725030.58,5.87993463284272,5.95,18.4463083333333,85.1620083333333,0.2166025519399737,95.04,135.97,8932.264,0,0,0,0,0,0,0,0,0.49956243148728,0.18896609951262316,1.414732296440424,23.24162913950504,28.359296862173096,4.564764771353053,4.91976192374673,9.09753711660669,0.19606218050211482
1291,2023,9,Russian Federation,Netherlands,RUS,NLD,Netherlands,NLD,export,538.828,413.238,1.3039168711493134,-46994.245,1154361305398.06,2071505725030.58,3.8383935434281,5.95,0.924839558470698,85.1620083333333,0.0108597668910152,121.59,135.97,2155.229,0,0,1,1,1,0,0,0,6.291250570302004,6.026440687872607,0.8346106619524051,27.774568324612705,28.359296862173096,4.808845454106903,4.91976192374673,7.67611614160181,0.010801223089210645
1292,2023,9,Russian Federation,New Zealand,RUS,NZL,New Zealand,NZL,export,2.725,0.105,25.95238095238095,2.725,255194972673.122,2071505725030.58,5.73316283034953,5.95,1.62843333333333,85.1620083333333,0.0191215938327741,98.7,135.97,16774.49,0,0,1,1,0,0,0,0,1.315066851831523,0.09984533496971612,3.2940716404797596,26.265293688670194,28.359296862173096,4.602165676967792,4.91976192374673,9.727674171547402,0.01894107374859573
1293,2023,9,Russian Federation,Norway,RUS,NOR,Norway,NOR,export,4.916,1.881,2.613503455608719,1.5580000000000005,482949731776.587,2071505725030.58,5.51784987104656,5.95,10.5633333333333,85.1620083333333,0.124038095625778,99.3,135.97,1649.799,1,0,1,1,0,0,0,0,1.7776605448485534,1.0581374561023915,1.284677788045608,26.90317841018816,28.359296862173096,4.60816569496789,4.91976192374673,7.4090146921113424,0.11692764380264428
1294,2023,9,Russian Federation,Pakistan,RUS,PAK,Pakistan,PAK,export,2402.126,3007.342,0.7987538497450573,2367.3700000000003,337885531778.052,2071505725030.58,30.7681280657005,5.95,280.356111655149,85.1620083333333,3.292032646268802,115.65,135.97,3658.638,0,0,0,0,0,0,0,0,7.78452566881876,8.009144375415248,0.5870941194506776,26.545973011694453,28.359296862173096,4.759177998467439,4.91976192374673,8.205119514399957,1.456760431046328
1295,2023,9,Russian Federation,Panama,RUS,PAN,Panama,PAN,export,0.792,0.122,6.491803278688525,0.792,83318176900.0,2071505725030.58,1.48641355277038,5.95,1.0,85.1620083333333,0.0117423252406858,101.28,135.97,10819.55,0,0,0,0,0,0,0,0,0.5833323145527387,0.11511280710050448,2.0138095267208933,25.145932572410885,28.359296862173096,4.627714150422986,4.91976192374673,9.289202382901557,0.011673919116883888
1296,2023,9,Russian Federation,Poland,RUS,POL,Poland,POL,export,2351.153,3780.424,0.6219283868687745,-21657.871,812451128978.58,2071505725030.58,11.5289127961105,5.95,4.20366666666667,85.1620083333333,0.0493608212034298,151.12,135.97,1156.427,1,0,1,1,1,0,0,0,7.7630863579232,8.23785593724935,0.48361580358953904,27.423321600393074,28.359296862173096,5.024669683060059,4.91976192374673,7.053954717016941,0.04818123709994993
1297,2023,9,Russian Federation,Portugal,RUS,PRT,Portugal,PRT,export,1.979,0.148,13.37162162162162,-9276.789,289696962620.235,2071505725030.58,4.3112819189868,5.95,0.924839558470698,85.1620083333333,0.0108597668910152,94.93,135.97,3913.34,0,0,1,1,1,0,0,0,1.0915876737311452,0.1380212978973746,2.665255541436122,26.39210125710077,28.359296862173096,4.563618758829857,4.91976192374673,8.27240201183782,0.010801223089210645
1298,2023,9,Russian Federation,Qatar,RUS,QAT,Qatar,QAT,export,47.358,28.784,1.6452890494719288,47.358,213002809340.659,2071505725030.58,3.02764899198904,5.95,3.64,85.1620083333333,0.0427420638760965,105.56,135.97,3575.788,0,0,0,0,0,0,0,0,3.878631668398419,3.3939713365704156,0.9727803408033457,26.084571191966315,28.359296862173096,4.668708206792079,4.91976192374673,8.182220469959994,0.04185384330220248
1299,2023,9,Russian Federation,Saudi Arabia,RUS,SAU,Saudi Arabia,SAU,export,2141.715,499.312,4.289332120998494,2141.715,1218584533333.33,2071505725030.58,2.32708518362698,5.95,3.75,85.1620083333333,0.044033719652572,131.06,135.97,3539.516,0,0,0,0,0,0,0,0,7.669828995495548,6.215231903815144,1.6656919847802347,27.828711082520673,28.359296862173096,4.883256364766425,4.91976192374673,8.172027758217332,0.04309178745665032
1300,2023,9,Russian Federation,Serbia,RUS,SRB,Serbia,SRB,export,84.345,12.497,6.7492198127550616,-3372.129,81342660752.3732,2071505725030.58,12.3719043552519,5.95,108.402691666667,85.1620083333333,1.2728996625157916,123.37,135.97,,,,0,0,0,0,0,0,4.446701865216296,2.602467438527145,2.047592168975832,25.121936448390027,28.359296862173096,4.82326099366565,4.91976192374673,,0.8210564007001983
1301,2023,9,Russian Federation,India,RUS,IND,India,IND,export,17304.715,27372.691,0.6321890310309645,-74987.94399999999,3638489096033.86,2071505725030.58,5.64914318907929,5.95,82.5992764460784,85.1620083333333,0.9699075686751762,124.83,135.97,4341.881,0,0,0,0,0,0,1,0,9.758792072754183,10.217337648623918,0.4899220776719899,28.922589627899285,28.359296862173096,4.834931789603877,4.91976192374673,8.376293231744963,0.6779866221949199
1302,2023,9,Russian Federation,Singapore,RUS,SGP,Singapore,SGP,export,174.816,48.108,3.633823896233475,119.7,505439514078.019,2071505725030.58,4.83372362825795,5.95,1.34276666666667,85.1620083333333,0.0157672029223516,144.71,135.97,8431.775,0,0,1,1,0,0,0,0,5.16943799362391,3.8940219543185934,1.5333824227488972,26.9486942126176,28.359296862173096,4.981618345025764,4.91976192374673,9.039881178322222,0.01564419191983882
1303,2023,9,Russian Federation,Slovakia,RUS,SVK,Slovakia,SVK,export,26.986,7.366,3.663589465109964,-42.584,133896931490.224,2071505725030.58,10.5319476645211,5.95,0.924839558470698,85.1620083333333,0.0108597668910152,95.33,135.97,1632.621,0,0,1,1,1,0,0,0,3.3317043851335217,2.1241758730200067,1.5397854231135515,25.620336172959924,28.359296862173096,4.567779796769532,4.91976192374673,7.39855430237185,0.010801223089210645
1304,2023,9,Russian Federation,Slovenia,RUS,SVN,Slovenia,SVN,export,16.381,1.376,11.904796511627907,-162.536,69148468417.3208,2071505725030.58,7.44687717385836,5.95,0.924839558470698,85.1620083333333,0.0108597668910152,134.24,135.97,1937.979,0,0,1,1,1,0,0,0,2.855377655581343,0.8654184015003984,2.557599064865546,24.95952174612528,28.359296862173096,4.907050977839686,4.91976192374673,7.569916824859094,0.010801223089210645
1305,2023,9,Russian Federation,South Africa,RUS,ZAF,South Africa,ZAF,export,865.825,1192.75,0.7259065185495703,865.48,380699271816.395,2071505725030.58,6.07524384579656,5.95,18.4502441785,85.1620083333333,0.216648767914018,93.62,135.97,10147.89,0,0,0,0,0,0,1,0,6.764837110962949,7.08485489179494,0.5457524304468482,26.6652755875865,28.359296862173096,4.549868870203002,4.91976192374673,9.225119618883824,0.19610016751453122
1306,2023,9,Russian Federation,Spain,RUS,ESP,Spain,ESP,export,13.441,12.017,1.1184987933760506,-4023.114000000001,1620090734956.89,2071505725030.58,3.53236133492429,5.95,0.924839558470698,85.1620083333333,0.0108597668910152,105.67,135.97,3449.3,0,0,1,1,1,0,0,0,2.6700713831444283,2.5662561954843235,0.7507077215190803,28.113503272837647,28.359296862173096,4.669739956637391,4.91976192374673,8.146216462766645,0.010801223089210645
1307,2023,9,Russian Federation,Sweden,RUS,SWE,Sweden,SWE,export,0.376,0.032,11.75,0.376,585489968189.064,2071505725030.58,8.54862489748906,5.95,10.6101612965536,85.1620083333333,0.1245879648002696,120.58,135.97,1232.383,0,0,1,1,1,0,0,0,0.31918073951115183,0.031498667059371016,2.545531271604435,27.095714886088576,28.359296862173096,4.800572482320576,4.91976192374673,7.117516079423651,0.11741671505831383
1308,2023,9,Russian Federation,Switzerland,RUS,CHE,Switzerland,CHE,export,95.653,26.278,3.640041099018191,-334.604,894424821645.205,2071505725030.58,2.13540088016377,5.95,0.89849,85.1620083333333,0.0105503618055038,132.16,135.97,2296.397,0,0,1,1,0,0,0,0,4.571127245007069,3.306080516504683,1.53472322374596,27.519446691249954,28.359296862173096,4.891551412706824,4.91976192374673,7.739532021886476,0.010495095120882618
1309,2023,9,Russian Federation,Thailand,RUS,THA,Thailand,THA,export,153.565,293.90099999999995,0.5225058778296093,-638.356,515906283940.933,2071505725030.58,8.47805174421546,5.95,34.8021885808364,85.1620083333333,0.4086586174038648,96.92,135.97,7067.929,0,0,0,0,0,0,0,0,5.040614719837442,5.686639706795474,0.42035758123788425,26.969190965665444,28.359296862173096,4.584150818764016,4.91976192374673,8.863464262267069,0.34263791640900254
1310,2023,9,Russian Federation,United Arab Emirates,RUS,ARE,United Arab Emirates,ARE,export,2743.002,1147.2489999999998,2.390938671552558,-56798.993,514130432648.06,2071505725030.58,1.62670837213252,5.95,3.6725,85.1620083333333,0.0431236894464188,133.02,135.97,3739.195,0,0,0,0,0,0,0,0,7.917172717708484,7.045993452315038,1.2211067773275088,26.965742830227576,28.359296862173096,4.897989042545024,4.91976192374673,8.226893028086819,0.04221975906065687
1311,2023,9,Russian Federation,Tunisia,RUS,TUN,Tunisia,TUN,export,130.853,264.0,0.4956553030303031,130.851,48196281783.9479,2071505725030.58,9.32899597507864,5.95,3.10616666666667,85.1620083333333,0.0364736192517771,104.93,135.97,2946.28,0,0,0,0,0,0,0,0,4.881687665669002,5.579729825986222,0.4025644405903682,24.598547713636293,28.359296862173096,4.662778498608405,4.91976192374673,7.988637990100837,0.03582420081077706
1312,2023,9,Russian Federation,TÃ¼rkiye,RUS,TUR,TÃ¼rkiye,TUR,export,1277.294,2173.091,0.5877775021846761,-7371.102000000001,1118252958513.72,2071505725030.58,53.8594087593315,5.95,23.7385661219918,85.1620083333333,0.2787459641519548,147.28,135.97,1757.71,0,0,0,0,0,0,0,0,7.153281655429096,7.684365925130787,0.462335241033959,27.74278872492072,28.359296862173096,4.999102378282531,4.91976192374673,7.472335864744235,0.24587988219031578
1313,2023,9,Russian Federation,Egypt,RUS,EGY,Egypt,EGY,export,10871.290999999996,6379.139000000001,1.7041940926510608,10713.812999999998,395926075163.006,2071505725030.58,33.8847763115546,5.95,30.6264136980311,85.1620083333333,0.359625310598078,98.15,135.97,2905.404,0,0,0,0,0,0,0,0,9.293972721477191,8.760945162935363,0.9948039354312449,26.704493351895447,28.359296862173096,4.5966338549658055,4.91976192374673,7.974671857179097,0.307209154875781
1314,2023,9,Russian Federation,United Kingdom,RUS,GBR,United Kingdom,GBR,export,100.411,47.725,2.103949711891042,-1079.0679999999998,3369861888972.88,2071505725030.58,6.79396706793964,5.95,0.804538906734353,85.1620083333333,0.0094471575116606,110.7,135.97,2510.88,0,0,1,1,0,0,0,0,4.619181566535744,3.8861922453936244,1.1326754011237035,28.845892876952682,28.359296862173096,4.715816706075155,4.91976192374673,7.828786755746396,0.009402812191841591
1315,2023,9,Russian Federation,USA,RUS,USA,USA,USA,export,906.596,126.221,7.182608282298508,898.296,27720709000000.0,2071505725030.58,4.11633838374488,5.95,1.0,85.1620083333333,0.0117423252406858,99.9,135.97,7517.972,0,0,1,1,0,0,0,0,6.810799345668121,4.845925731619074,2.1020109607060053,30.953200867123773,28.359296862173096,4.6141299273595635,4.91976192374673,8.925184705471638,0.011673919116883888
1316,2023,9,Russian Federation,Uzbekistan,RUS,UZB,Uzbekistan,UZB,export,3988.597,3223.033,1.237529060360226,1886.3450000000005,102641879248.764,2071505725030.58,9.95659071258019,5.95,11734.8334198669,85.1620083333333,137.79423066134717,169.16,135.97,2789.856,0,0,0,0,0,0,0,1,8.291445502276547,8.078388339306144,0.8053721589530238,25.35451186622262,28.359296862173096,5.136739170891982,4.91976192374673,7.93410363779468,4.932992481368382
1317,2023,9,Serbia,Russian Federation,SRB,RUS,Serbia,SRB,import,3456.474,198.066,17.45112235315501,,81342660752.3732,2071505725030.58,12.3719043552519,5.95,108.402691666667,85.1620083333333,1.2728996625157916,123.37,135.97,,,,0,0,0,0,0,0,8.148293543626329,5.293636428029496,2.915125200785659,25.121936448390027,28.359296862173096,4.82326099366565,4.91976192374673,,0.8210564007001983
1318,2023,9,India,Russian Federation,IND,RUS,India,IND,import,92292.659,44195.613,2.088276476672017,,3638489096033.86,2071505725030.58,5.64914318907929,5.95,82.5992764460784,85.1620083333333,0.9699075686751762,124.83,135.97,4341.881,0,0,0,0,0,0,1,0,11.43273071823934,10.696403436170364,1.1276131607557673,28.922589627899285,28.359296862173096,4.834931789603877,4.91976192374673,8.376293231744963,0.6779866221949199
1319,2023,9,Singapore,Russian Federation,SGP,RUS,Singapore,SGP,import,55.116,24.101,2.286876063233891,,505439514078.019,2071505725030.58,4.83372362825795,5.95,1.34276666666667,85.1620083333333,0.0157672029223516,144.71,135.97,8431.775,0,0,1,1,0,0,0,0,4.027420976856526,3.2229076859815713,1.1899375888400703,26.9486942126176,28.359296862173096,4.981618345025764,4.91976192374673,9.039881178322222,0.01564419191983882
1320,2023,9,Slovakia,Russian Federation,SVK,RUS,Slovakia,SVK,import,69.57,1.942,35.82389289392379,,133896931490.224,2071505725030.58,10.5319476645211,5.95,0.924839558470698,85.1620083333333,0.0108597668910152,95.33,135.97,1632.621,0,0,1,1,1,0,0,0,4.256605125012738,1.0790896221792459,3.6061468979164184,25.620336172959924,28.359296862173096,4.567779796769532,4.91976192374673,7.39855430237185,0.010801223089210645
1321,2023,9,Slovenia,Russian Federation,SVN,RUS,Slovenia,SVN,import,178.917,46.123,3.8791275502460816,,69148468417.3208,2071505725030.58,7.44687717385836,5.95,0.924839558470698,85.1620083333333,0.0108597668910152,134.24,135.97,1937.979,0,0,1,1,1,0,0,0,5.192495633434678,3.8527612045492567,1.5849664231946055,24.95952174612528,28.359296862173096,4.907050977839686,4.91976192374673,7.569916824859094,0.010801223089210645
1322,2023,9,South Africa,Russian Federation,ZAF,RUS,South Africa,ZAF,import,0.345,0.122,2.8278688524590168,,380699271816.395,2071505725030.58,6.07524384579656,5.95,18.4502441785,85.1620083333333,0.216648767914018,93.62,135.97,10147.89,0,0,0,0,0,0,1,0,0.2963940130538024,0.11511280710050448,1.342308212935641,26.6652755875865,28.359296862173096,4.549868870203002,4.91976192374673,9.225119618883824,0.19610016751453122
1323,2023,9,Spain,Russian Federation,ESP,RUS,Spain,ESP,import,4036.555,1023.064,3.945554725804055,,1620090734956.89,2071505725030.58,3.53236133492429,5.95,0.924839558470698,85.1620083333333,0.0108597668910152,105.67,135.97,3449.3,0,0,1,1,1,0,0,0,8.303394589729152,6.931534303646409,1.598489137914322,28.113503272837647,28.359296862173096,4.669739956637391,4.91976192374673,8.146216462766645,0.010801223089210645
1324,2023,9,Switzerland,Russian Federation,CHE,RUS,Switzerland,CHE,import,430.257,38.23100000000001,11.254139311030311,,894424821645.205,2071505725030.58,2.13540088016377,5.95,0.89849,85.1620083333333,0.0105503618055038,132.16,135.97,2296.397,0,0,1,1,0,0,0,0,6.066704200097892,3.6694672505924752,2.505863782855644,27.519446691249954,28.359296862173096,4.891551412706824,4.91976192374673,7.739532021886476,0.010495095120882618
1325,2023,9,Thailand,Russian Federation,THA,RUS,Thailand,THA,import,791.921,201.266,3.934698359385093,,515906283940.933,2071505725030.58,8.47805174421546,5.95,34.8021885808364,85.1620083333333,0.4086586174038648,96.92,135.97,7067.929,0,0,0,0,0,0,0,0,6.675723594982492,5.30958366282193,1.5962915482990558,26.969190965665444,28.359296862173096,4.584150818764016,4.91976192374673,8.863464262267069,0.34263791640900254
1326,2023,9,United Arab Emirates,Russian Federation,ARE,RUS,United Arab Emirates,ARE,import,59541.995,10711.548,5.558673218847546,,514130432648.06,2071505725030.58,1.62670837213252,5.95,3.6725,85.1620083333333,0.0431236894464188,133.02,135.97,3739.195,0,0,0,0,0,0,0,0,10.994453935622419,9.279171043642789,1.8807883292755967,26.965742830227576,28.359296862173096,4.897989042545024,4.91976192374673,8.226893028086819,0.04221975906065687
1327,2023,9,Tunisia,Russian Federation,TUN,RUS,Tunisia,TUN,import,0.002,0.003,0.6666666666666666,,48196281783.9479,2071505725030.58,9.32899597507864,5.95,3.10616666666667,85.1620083333333,0.0364736192517771,104.93,135.97,2946.28,0,0,0,0,0,0,0,0,0.001998002662673058,0.002995508979798371,0.5108256237659906,24.598547713636293,28.359296862173096,4.662778498608405,4.91976192374673,7.988637990100837,0.03582420081077706
1328,2023,9,TÃ¼rkiye,Russian Federation,TUR,RUS,TÃ¼rkiye,TUR,import,8648.396,1717.967,5.034087383517845,,1118252958513.72,2071505725030.58,53.8594087593315,5.95,23.7385661219918,85.1620083333333,0.2787459641519548,147.28,135.97,1757.71,0,0,0,0,0,0,0,0,9.06524477089834,7.449478807990902,1.7974246224877997,27.74278872492072,28.359296862173096,4.999102378282531,4.91976192374673,7.472335864744235,0.24587988219031578
1329,2023,9,Uganda,Russian Federation,UGA,RUS,Uganda,UGA,import,10748.384,3935.502,2.7311341729720886,,48768955859.2834,2071505725030.58,5.35094804280395,5.95,3726.14045997085,85.1620083333333,43.75355317345657,125.88,135.97,6185.184,0,0,0,0,0,0,0,0,9.282603729588386,8.278047790689934,1.3167122552574086,24.61035979697196,28.359296862173096,4.843241757886537,4.91976192374673,8.7300736973872,3.801170842092979
1330,2023,9,Egypt,Russian Federation,EGY,RUS,Egypt,EGY,import,157.478,33.442,4.708988696848275,,395926075163.006,2071505725030.58,33.8847763115546,5.95,30.6264136980311,85.1620083333333,0.359625310598078,98.15,135.97,2905.404,0,0,0,0,0,0,0,0,5.065615782421719,3.5392767498827076,1.7420418970972185,26.704493351895447,28.359296862173096,4.5966338549658055,4.91976192374673,7.974671857179097,0.307209154875781
1331,2023,9,United Kingdom,Russian Federation,GBR,RUS,United Kingdom,GBR,import,1179.4789999999998,92.183,12.794973042751916,,3369861888972.88,2071505725030.58,6.79396706793964,5.95,0.804538906734353,85.1620083333333,0.0094471575116606,110.7,135.97,2510.88,0,0,1,1,0,0,0,0,7.073675567294913,4.53456530162054,2.624304253535547,28.845892876952682,28.359296862173096,4.715816706075155,4.91976192374673,7.828786755746396,0.009402812191841591
1332,2023,9,United Rep. of Tanzania,Russian Federation,TZA,RUS,United Rep. of Tanzania,TZA,import,5823.626,2604.478,2.2360050651224546,,79062403836.8432,2071505725030.58,3.7992329138492,5.95,2383.04258333333,85.1620083333333,27.982461075904222,163.64,135.97,6968.894,0,0,0,0,0,0,0,0,8.669850070364024,7.865371430636784,1.174339564436817,25.093503299587265,28.359296862173096,5.103761272085739,4.91976192374673,8.849355295604493,3.366690856540875
1333,2023,9,USA,Russian Federation,USA,RUS,USA,USA,import,8.3,0.373,22.252010723860597,,27720709000000.0,2071505725030.58,4.11633838374488,5.95,1.0,85.1620083333333,0.0117423252406858,99.9,135.97,7517.972,0,0,1,1,0,0,0,0,2.2300144001592104,0.316998126785834,3.1463916110406407,30.953200867123773,28.359296862173096,4.6141299273595635,4.91976192374673,8.925184705471638,0.011673919116883888
1334,2023,9,Uzbekistan,Russian Federation,UZB,RUS,Uzbekistan,UZB,import,2102.252,672.304,3.126936623908232,,102641879248.764,2071505725030.58,9.95659071258019,5.95,11734.8334198669,85.1620083333333,137.79423066134717,169.16,135.97,2789.856,0,0,0,0,0,0,0,1,7.651239997339778,6.512196936421751,1.4175353941970528,25.35451186622262,28.359296862173096,5.136739170891982,4.91976192374673,7.93410363779468,4.932992481368382
