year,hs2,exporter,importer,exporter_iso3,importer_iso3,partner,partner_iso3,direction,value,quantity,price,net_export,gdp_partner,gdp_russia,cpi_partner,cpi_russia,ex_rate_partner,ex_rate_russia,bilateral_er,iip_partner,iip_russia,dist,contig,comlang_off,unfriendly,sanction,eu_member,eaes_member,brics_member,cis_member
2017,09,Albania,Russian Federation,ALB,RUS,Albania,ALB,import,10.014,5.001,2.0023995200959805,,13258268435.6048,1574199360089.0,1.98666133171195,3.68332944412233,119.1,58.3428011851719,2.0413829569477344,100.82,106.88,2063.678,0.0,0.0,1,0,0,0,0,0
2017,09,Azerbaijan,Russian Federation,AZE,RUS,Azerbaijan,AZE,import,5144.972,1037.844,4.957365461475906,,40866627351.9817,1574199360089.0,12.9359184187335,3.68332944412233,1.72115480222734,58.3428011851719,0.029500722750089338,99.07,106.88,1930.747,1.0,0.0,0,0,0,0,0,1
2017,09,Argentina,Russian Federation,ARG,RUS,Argentina,ARG,import,2431.3089999999997,1605.177,1.5146672298444346,,643628393281.364,1574199360089.0,,3.68332944412233,16.5627069251411,58.3428011851719,0.2838860422997755,97.79,106.88,13505.36,0.0,0.0,0,0,0,0,0,0
2017,09,Australia,Russian Federation,AUS,RUS,Australia,AUS,import,5.605,0.237,23.649789029535867,,1325582658156.54,1574199360089.0,1.94864740944521,3.68332944412233,1.30475807671592,58.3428011851719,0.02236365155959516,98.86,106.88,14503.07,0.0,0.0,1,1,0,0,0,0
2017,09,Austria,Russian Federation,AUT,RUS,Austria,AUT,import,19119.567,821.9019999999999,23.262587267095103,,414926138132.691,1574199360089.0,2.08126911385585,3.68332944412233,0.885205508269372,58.3428011851719,0.015172488983856867,107.46,106.88,1675.699,0.0,0.0,1,1,1,0,0,0
2017,09,Bahrain,Russian Federation,BHR,RUS,Bahrain,BHR,import,0.022,0.005,4.3999999999999995,,37204813829.7872,1574199360089.0,1.38671830576399,3.68332944412233,0.376,58.3428011851719,0.006444668277181764,107.24,106.88,3450.924,0.0,0.0,0,0,0,0,0,0
2017,09,Armenia,Russian Federation,ARM,RUS,Armenia,ARM,import,2723.86,613.98,4.436398579758299,,11527458709.0158,1574199360089.0,0.969553268816178,3.68332944412233,482.716393849129,58.3428011851719,8.273795293391117,140.77,106.88,1803.035,0.0,0.0,0,0,0,1,0,1
2017,09,Belgium,Russian Federation,BEL,RUS,Belgium,BEL,import,3892.378,718.93,5.41412654917725,,500908767351.53,1574199360089.0,2.12597086002608,3.68332944412233,0.885205508269372,58.3428011851719,0.015172488983856867,105.61,106.88,2261.25,0.0,0.0,1,1,1,0,0,0
2017,09,Brazil,Russian Federation,BRA,RUS,Brazil,BRA,import,85052.397,31623.722999999998,2.6895124587323256,,2063514977365.65,1574199360089.0,3.44637335032668,3.68332944412233,3.19138944630048,58.3428011851719,0.05470065511889729,96.12,106.88,11820.15,0.0,0.0,0,0,0,0,1,0
2017,09,Bulgaria,Russian Federation,BGR,RUS,Bulgaria,BGR,import,460.952,124.428,3.7045681036422673,,59167647387.606,1574199360089.0,2.06159619443141,3.68332944412233,1.73545833333333,58.3428011851719,0.029745886348946936,109.68,106.88,1785.898,0.0,0.0,1,1,1,0,0,0
2017,09,Myanmar,Russian Federation,MMR,RUS,Myanmar,MMR,import,10.325,0.9520000000000001,10.845588235294116,,66053040483.0016,1574199360089.0,4.57253655317506,3.68332944412233,1360.35870704085,58.3428011851719,23.316650544824913,120.52,106.88,6526.041,0.0,0.0,0,0,0,0,0,0
2017,09,Burundi,Russian Federation,BDI,RUS,Burundi,BDI,import,1360.737,320.29,4.248452964500921,,2723586962.84034,1574199360089.0,16.0525353030392,3.68332944412233,1729.055,58.3428011851719,29.636132734049244,101.17,106.88,6624.152,0.0,0.0,0,0,0,0,0,0
2017,09,Belarus,Russian Federation,BLR,RUS,Belarus,BLR,import,2426.411,1667.3880000000001,1.455216782176674,,54725405751.1559,1574199360089.0,6.03183725177786,3.68332944412233,1.93234166666667,58.3428011851719,0.03312048148894475,104.39,106.88,686.9657,1.0,0.0,0,0,0,1,0,1
2017,09,Cambodia,Russian Federation,KHM,RUS,Cambodia,KHM,import,31.020000000000003,4.966,6.246476037051954,,29355665909.7905,1574199360089.0,2.91263557371475,3.68332944412233,4050.5799859191,58.3428011851719,69.4272455836175,120.3,106.88,7534.794,0.0,0.0,0,0,0,0,0,0
2017,09,Cameroon,Russian Federation,CMR,RUS,Cameroon,CMR,import,2174.845,661.907,3.2857259403511363,,36098547033.1655,1574199360089.0,0.640409149881966,3.68332944412233,580.656749587858,58.3428011851719,9.952500356383894,92.6,106.88,6231.046,0.0,0.0,0,0,0,0,0,0
2017,09,Canada,Russian Federation,CAN,RUS,Canada,CAN,import,21.154,1.351,15.658031088082902,,1649265644244.09,1574199360089.0,1.5968841285297,3.68332944412233,1.29793584646039,58.3428011851719,0.022246718019947705,101.71,106.88,7495.521,0.0,0.0,1,1,0,0,0,0
2017,09,Sri Lanka,Russian Federation,LKA,RUS,Sri Lanka,LKA,import,174462.86700000003,36704.494999999995,4.753174427273827,,94369350285.5814,1574199360089.0,7.70413767850602,3.68332944412233,152.446413948767,58.3428011851719,2.612942999855687,105.84,106.88,6576.936,0.0,0.0,0,0,0,0,0,0
2017,09,Chile,Russian Federation,CHL,RUS,Chile,CHL,import,5.425,0.318,17.059748427672954,,276154259981.097,1574199360089.0,2.18271846868521,3.68332944412233,648.833792598261,58.3428011851719,11.121060000855172,99.11,106.88,14153.3,0.0,0.0,0,0,0,0,0,0
2017,09,China,Russian Federation,CHN,RUS,China,CHN,import,70131.074,29438.672,2.3822770945645915,,12537559062282.9,1574199360089.0,1.59313600071433,3.68332944412233,6.75875508633597,58.3428011851719,0.11584557047380406,115.8,106.88,5795.045,1.0,0.0,0,0,0,0,1,0
2017,09,Colombia,Russian Federation,COL,RUS,Colombia,COL,import,12995.051000000001,4650.625,2.7942590512027956,,311866875156.879,1574199360089.0,4.3143132569501,3.68332944412233,2951.48691120161,58.3428011851719,50.58870762536757,103.52,106.88,10979.1,0.0,0.0,0,0,0,0,0,0
2017,09,Comoros,Russian Federation,COM,RUS,Comoros,COM,import,765.466,110.84,6.906044749188019,,1077439756.12221,1574199360089.0,,3.68332944412233,435.492562190889,58.3428011851719,7.464375267287843,,106.88,7521.362,0.0,0.0,0,0,0,0,0,0
2017,09,Congo,Russian Federation,COG,RUS,Congo,COG,import,69.397,28.304,2.4518442622950825,,11834473039.3645,1574199360089.0,0.450063823285532,3.68332944412233,580.656749587858,58.3428011851719,9.952500356383894,119.17,106.88,6985.611,0.0,0.0,0,0,0,0,0,0
2017,09,Dem. Rep. of the Congo,Russian Federation,COD,RUS,Dem. Rep. of the Congo,COD,import,108.951,39.853,2.733821795096981,,38019264794.8263,1574199360089.0,,3.68332944412233,1464.41793163743,58.3428011851719,25.100233480212445,,106.88,,,,0,0,0,0,0,0
2017,09,Costa Rica,Russian Federation,CRI,RUS,Costa Rica,CRI,import,663.3489999999999,180.122,3.6827761184086336,,60516044656.5298,1574199360089.0,1.6259069299173,3.68332944412233,567.51309030978,58.3428011851719,9.727217047885183,107.38,106.88,10967.48,0.0,0.0,0,0,0,0,0,0
2017,09,Croatia,Russian Federation,HRV,RUS,Croatia,HRV,import,54.32,13.285,4.088821979676327,,56186190437.9959,1574199360089.0,1.12937210282344,3.68332944412233,6.623831,58.3428011851719,0.11353296148700309,107.64,106.88,1875.36,0.0,0.0,1,1,1,0,0,0
2017,09,Cuba,Russian Federation,CUB,RUS,Cuba,CUB,import,620.277,95.202,6.515377828196887,,96850649691.7406,1574199360089.0,,3.68332944412233,,58.3428011851719,,,106.88,9603.391,0.0,0.0,0,0,0,0,0,0
2017,09,Cyprus,Russian Federation,CYP,RUS,Cyprus,CYP,import,25.885,6.27,4.128389154704944,,22946570628.7576,1574199360089.0,0.531766496174477,3.68332944412233,0.885205508269372,58.3428011851719,0.015172488983856867,121.4,106.88,2316.67,0.0,0.0,1,0,1,0,0,0
2017,09,Czechia,Russian Federation,CZE,RUS,Czechia,CZE,import,388.942,39.808,9.770448151125402,,221563575696.217,1574199360089.0,2.45053398460141,3.68332944412233,23.3763333333333,58.3428011851719,0.4006721113568079,111.25,106.88,1673.0,0.0,0.0,1,1,1,0,0,0
2017,09,Denmark,Russian Federation,DNK,RUS,Denmark,DNK,import,38.952000000000005,11.229,3.468875233769704,,331610593961.988,1574199360089.0,1.14713216957606,3.68332944412233,6.60289346561404,58.3428011851719,0.1131740905730148,107.09,106.88,1566.362,0.0,0.0,1,1,1,0,0,0
2017,09,Dominican Rep.,Russian Federation,DOM,RUS,Dominican Rep.,DOM,import,238.675,32.078,7.440457634515867,,79070274743.1658,1574199360089.0,3.27955694678547,3.68332944412233,47.5343581962482,58.3428011851719,0.8147424743179674,105.55,106.88,9365.754,0.0,0.0,0,0,0,0,0,0
2017,09,Ecuador,Russian Federation,ECU,RUS,Ecuador,ECU,import,43.288,3.612,11.984496124031006,,104467486000.0,1574199360089.0,0.41733558866682,3.68332944412233,1.0,58.3428011851719,0.01714007520527065,104.98,106.88,11640.42,0.0,0.0,0,0,0,0,0,0
2017,09,El Salvador,Russian Federation,SLV,RUS,El Salvador,SLV,import,253.735,79.282,3.2004111904341466,,24979190000.0,1574199360089.0,1.01235403315575,3.68332944412233,1.0,58.3428011851719,0.01714007520527065,102.6,106.88,10866.28,0.0,0.0,0,0,0,0,0,0
2017,09,Ethiopia,Russian Federation,ETH,RUS,Ethiopia,ETH,import,15713.501,4221.868,3.7219309083088334,,81770885148.0574,1574199360089.0,10.6871150284238,3.68332944412233,23.8661044574125,58.3428011851719,0.40906682525689536,,106.88,5198.625,0.0,0.0,0,0,0,0,0,0
2017,09,Estonia,Russian Federation,EST,RUS,Estonia,EST,import,6695.329,1768.828,3.7851780953263967,,27469461919.1189,1574199360089.0,3.41723549488055,3.68332944412233,0.885205508269372,58.3428011851719,0.015172488983856867,106.52,106.88,871.7853,1.0,0.0,1,1,1,0,0,0
2017,09,Finland,Russian Federation,FIN,RUS,Finland,FIN,import,24463.306,1655.354,14.778292739800671,,253846138440.0,1574199360089.0,0.754015047084353,3.68332944412233,0.885205508269372,58.3428011851719,0.015172488983856867,108.54,106.88,892.6777,1.0,0.0,1,1,1,0,0,0
2017,09,France,Russian Federation,FRA,RUS,France,FRA,import,2831.5829999999996,406.156,6.971663597238498,,2588868323334.71,1574199360089.0,1.03228275064667,3.68332944412233,0.885205508269372,58.3428011851719,0.015172488983856867,102.93,106.88,2494.316,0.0,0.0,1,1,1,0,0,0
2017,09,Georgia,Russian Federation,GEO,RUS,Georgia,GEO,import,3947.089,2206.135,1.7891420969251652,,16473125375.0684,1574199360089.0,6.03531725272117,3.68332944412233,2.50954166666667,58.3428011851719,0.04301373289742697,111.56,106.88,1644.856,1.0,0.0,0,0,0,0,0,0
2017,09,State of Palestine,Russian Federation,PSE,RUS,State of Palestine,PSE,import,14.805,2.29,6.465065502183406,,16128000000.0,1574199360089.0,0.212570934228876,3.68332944412233,,58.3428011851719,,107.18,106.88,,,,0,0,0,0,0,0
2017,09,Germany,Russian Federation,DEU,RUS,Germany,DEU,import,44448.758,5726.156,7.762407800276486,,3763092263752.95,1574199360089.0,1.50949485109622,3.68332944412233,0.885205508269372,58.3428011851719,0.015172488983856867,103.79,106.88,2065.183,0.0,0.0,1,1,1,0,0,0
2017,09,Ghana,Russian Federation,GHA,RUS,Ghana,GHA,import,0.909,0.109,8.339449541284404,,60385409434.8567,1574199360089.0,12.3719215507049,3.68332944412233,4.35053333333333,58.3428011851719,0.07456846851637008,118.19,106.88,6517.264,0.0,0.0,0,0,0,0,0,0
2017,09,Greece,Russian Federation,GRC,RUS,Greece,GRC,import,747.256,113.711,6.571536614751431,,200381103984.298,1574199360089.0,1.1212545203142,3.68332944412233,0.885205508269372,58.3428011851719,0.015172488983856867,106.15,106.88,2233.583,0.0,0.0,1,1,1,0,0,0
2017,09,Grenada,Russian Federation,GRD,RUS,Grenada,GRD,import,46.416,4.057,11.440966231205323,,1125685185.18519,1574199360089.0,0.908458255874258,3.68332944412233,2.7,58.3428011851719,0.046278203054230756,,106.88,9489.634,0.0,0.0,0,0,0,0,0,0
2017,09,Guatemala,Russian Federation,GTM,RUS,Guatemala,GTM,import,3830.5950000000003,992.123,3.8610081612864535,,71653754107.104,1574199360089.0,4.42453655182547,3.68332944412233,7.34793875,58.3428011851719,0.12594422277872241,106.05,106.88,10835.78,0.0,0.0,0,0,0,0,0,0
2017,09,Guinea,Russian Federation,GIN,RUS,Guinea,GIN,import,18.422,4.799,3.8387163992498436,,10324668271.1362,1574199360089.0,8.91435947913094,3.68332944412233,9088.31949623166,58.3428011851719,155.77447965493812,113.53,106.88,6914.966,0.0,0.0,0,0,0,0,0,0
2017,09,Honduras,Russian Federation,HND,RUS,Honduras,HND,import,15184.953,5147.924,2.9497236167433707,,23136247990.5977,1574199360089.0,3.93436084442048,3.68332944412233,23.4870839434552,58.3428011851719,0.4025703851433269,106.89,106.88,10729.13,0.0,0.0,0,0,0,0,0,0
2017,09,"China, Hong Kong SAR",Russian Federation,HKG,RUS,"China, Hong Kong SAR",HKG,import,1.956,0.244,8.01639344262295,,341273289534.466,1574199360089.0,1.49387243939528,3.68332944412233,7.79325,58.3428011851719,0.13357689109347548,100.0,106.88,7145.355,0.0,0.0,0,0,0,0,0,0
2017,09,Hungary,Russian Federation,HUN,RUS,Hungary,HUN,import,16.064,3.5349999999999997,4.5442715700141445,,143335098991.862,1574199360089.0,2.3482428115016,3.68332944412233,274.433333333333,58.3428011851719,4.7038079721664365,106.08,106.88,1574.19,0.0,0.0,1,0,1,0,0,0
2017,09,Indonesia,Russian Federation,IDN,RUS,Indonesia,IDN,import,105270.361,50195.899,2.0971904696835892,,1015618744159.73,1574199360089.0,3.80879857691949,3.68332944412233,13380.8338788891,58.3428011851719,229.34849899339255,108.94,106.88,9302.706,0.0,0.0,0,0,0,0,0,0
2017,09,Iran,Russian Federation,IRN,RUS,Iran,IRN,import,749.3100000000001,255.64800000000002,2.93102234322193,,489168731811.147,1574199360089.0,8.04492437660281,3.68332944412233,33226.2981524127,58.3428011851719,569.501249125099,,106.88,2466.589,0.0,0.0,0,0,0,0,0,0
2017,09,Israel,Russian Federation,ISR,RUS,Israel,ISR,import,835.672,134.134,6.23012808087435,,358451839052.991,1574199360089.0,0.249807840122998,3.68332944412233,3.59955554812834,58.3428011851719,0.06169665280046897,101.48,106.88,2643.989,0.0,0.0,0,0,0,0,0,0
2017,09,Italy,Russian Federation,ITA,RUS,Italy,ITA,import,60739.145,11602.441,5.235031576544969,,1970720904584.71,1574199360089.0,1.22653316645805,3.68332944412233,0.885205508269372,58.3428011851719,0.015172488983856867,104.86,106.88,2383.171,0.0,0.0,1,1,1,0,0,0
2017,09,Jamaica,Russian Federation,JAM,RUS,Jamaica,JAM,import,68.228,1.09,62.594495412844026,,14808985132.7722,1574199360089.0,4.37839864991563,3.68332944412233,127.964544179198,58.3428011851719,2.1933219108396322,109.44,106.88,9806.688,0.0,0.0,0,0,0,0,0,0
2017,09,Japan,Russian Federation,JPN,RUS,Japan,JPN,import,1168.685,104.961,11.13446899324511,,4930837369151.42,1574199360089.0,0.484199796126422,3.68332944412233,112.166141081871,58.3428011851719,1.922536093628267,103.09,106.88,7486.303,0.0,0.0,1,1,0,0,0,0
2017,09,Kazakhstan,Russian Federation,KAZ,RUS,Kazakhstan,KAZ,import,7219.736,1544.7229999999997,4.673806242284216,,166805788827.233,1574199360089.0,7.44266321306799,3.68332944412233,326.001022727273,58.3428011851719,5.587682046540605,107.52,106.88,3104.607,1.0,1.0,0,0,0,1,0,1
2017,09,Jordan,Russian Federation,JOR,RUS,Jordan,JOR,import,13.432,1.92,6.995833333333334,,41608435915.493,1574199360089.0,3.32389447576103,3.68332944412233,0.71,58.3428011851719,0.012169453395742161,93.1,106.88,2652.505,0.0,0.0,0,0,0,0,0,0
2017,09,Kenya,Russian Federation,KEN,RUS,Kenya,KEN,import,70745.71100000001,22349.667999999998,3.165403217622741,,82036510877.2599,1574199360089.0,8.00564967709946,3.68332944412233,103.410004519014,58.3428011851719,1.7724552544332777,103.79,106.88,6348.253,0.0,0.0,0,0,0,0,0,0
2017,09,Dem. People's Rep. of Korea,Russian Federation,PRK,RUS,Dem. People's Rep. of Korea,PRK,import,0.064,0.001,64.0,,,1574199360089.0,,3.68332944412233,,58.3428011851719,,104.68,106.88,6418.446,1.0,0.0,0,0,0,0,0,0
2017,09,Rep. of Korea,Russian Federation,KOR,RUS,Rep. of Korea,KOR,import,198.21099999999998,19.122,10.365599832653487,,1623074183501.9,1574199360089.0,1.94433230786365,3.68332944412233,1131.00083333333,58.3428011851719,19.385439340557053,,106.88,6614.064,0.0,0.0,1,0,0,0,0,0
2017,09,Kyrgyzstan,Russian Federation,KGZ,RUS,Kyrgyzstan,KGZ,import,157.49699999999999,128.161,1.2288995872379271,,7702938379.42036,1574199360089.0,3.1753098637994,3.68332944412233,68.866667859063,58.3428011851719,1.180379866240735,115.96,106.88,2985.871,0.0,1.0,0,0,0,1,0,1
2017,09,Lao People's Dem. Rep.,Russian Federation,LAO,RUS,Lao People's Dem. Rep.,LAO,import,144.571,43.719,3.3068231203824423,,17071155481.4994,1574199360089.0,0.825478607568033,3.68332944412233,8244.84318921019,58.3428011851719,141.31723231872618,107.72,106.88,6809.734,0.0,0.0,0,0,0,0,0,0
2017,09,Lebanon,Russian Federation,LBN,RUS,Lebanon,LBN,import,32.86,4.524,7.263483642793988,,53027680685.9038,1574199360089.0,4.32135218303191,3.68332944412233,1507.5,58.3428011851719,25.838663371945504,,106.88,2441.484,0.0,0.0,0,0,0,0,0,0
2017,09,Latvia,Russian Federation,LVA,RUS,Latvia,LVA,import,1210.063,186.472,6.4892477154747095,,29391059767.4259,1574199360089.0,2.9303631237467,3.68332944412233,0.885205508269372,58.3428011851719,0.015172488983856867,114.16,106.88,847.8519,1.0,0.0,1,1,1,0,0,0
2017,09,Lithuania,Russian Federation,LTU,RUS,Lithuania,LTU,import,9444.859,458.9,20.581518849422533,,47756764508.446,1574199360089.0,3.72288862303706,3.68332944412233,0.885205508269372,58.3428011851719,0.015172488983856867,109.96,106.88,794.0689,1.0,0.0,1,1,1,0,0,0
2017,09,Madagascar,Russian Federation,MDG,RUS,Madagascar,MDG,import,867.019,57.362,15.114866985112094,,13176313593.5509,1574199360089.0,8.60905075422951,3.68332944412233,3116.11,58.3428011851719,53.41035974789593,,106.88,8356.116,0.0,0.0,0,0,0,0,0,0
2017,09,Malawi,Russian Federation,MWI,RUS,Malawi,MWI,import,845.89,414.738,2.0395767930597146,,8943543793.5839,1574199360089.0,11.5433939188771,3.68332944412233,730.2725,58.3428011851719,12.516925570341012,103.32,106.88,7767.932,0.0,0.0,0,0,0,0,0,0
2017,09,Malaysia,Russian Federation,MYS,RUS,Malaysia,MYS,import,52.641,22.679,2.3211340888046212,,319109094160.343,1574199360089.0,3.87120115774237,3.68332944412233,4.30044087761124,58.3428011851719,0.07370988005807677,110.71,106.88,8130.454,0.0,0.0,0,0,0,0,0,0
2017,09,Mexico,Russian Federation,MEX,RUS,Mexico,MEX,import,3800.622,1189.088,3.1962495626900616,,1190721475906.0,1574199360089.0,6.04145724018993,3.68332944412233,18.9265166666667,58.3428011851719,0.3244019190404756,103.5,106.88,10736.3,0.0,0.0,0,0,0,0,0,0
2017,09,"Other Asia, nes",Russian Federation,S19,RUS,"Other Asia, nes",S19,import,76.30799999999999,4.203,18.155603140613845,,,1574199360089.0,,3.68332944412233,,58.3428011851719,,,106.88,,,,0,0,0,0,0,0
2017,09,Mongolia,Russian Federation,MNG,RUS,Mongolia,MNG,import,10.081,3.446,2.9254207777132906,,11480847740.736,1574199360089.0,4.30143105302339,3.68332944412233,2439.77720111244,58.3428011851719,41.81796471117195,108.76,106.88,4632.875,1.0,0.0,0,0,0,0,0,0
2017,09,Rep. of Moldova,Russian Federation,MDA,RUS,Rep. of Moldova,MDA,import,14.596,6.035,2.4185584092792047,,9514404016.20949,1574199360089.0,6.57022997455602,3.68332944412233,18.4990348873528,58.3428011851719,0.31707484919415246,106.51,106.88,1150.314,0.0,0.0,0,0,0,0,0,1
2017,09,Morocco,Russian Federation,MAR,RUS,Morocco,MAR,import,100.718,9.762,10.317353001434132,,118540573367.844,1574199360089.0,0.754663249323624,3.68332944412233,9.6919978888289,58.3428011851719,0.1661215727038517,107.5,106.88,4156.454,0.0,0.0,0,0,0,0,0,0
2017,09,Mozambique,Russian Federation,MOZ,RUS,Mozambique,MOZ,import,201.895,138.462,1.458125695136572,,13264640645.7768,1574199360089.0,15.1132073899384,3.68332944412233,63.584322913399,58.3428011851719,1.0898400766118728,,106.88,9107.99,0.0,0.0,0,0,0,0,0,0
2017,09,Nepal,Russian Federation,NPL,RUS,Nepal,NPL,import,862.09,272.92199999999997,3.15874132536036,,28971588940.364,1574199360089.0,3.62709610696607,3.68332944412233,104.511885242862,58.3428011851719,1.7913415729072704,122.35,106.88,4889.868,0.0,0.0,0,0,0,0,0,0
2017,09,Netherlands,Russian Federation,NLD,RUS,Netherlands,NLD,import,11174.907000000001,2886.29,3.871720097426108,,848233537845.884,1574199360089.0,1.38145871407207,3.68332944412233,0.885205508269372,58.3428011851719,0.015172488983856867,106.36,106.88,2155.229,0.0,0.0,1,1,1,0,0,0
2017,09,New Zealand,Russian Federation,NZL,RUS,New Zealand,NZL,import,0.091,0.022,4.136363636363637,,206745969246.073,1574199360089.0,1.85078767452534,3.68332944412233,1.40740833333333,58.3428011851719,0.0241230846778579,105.01,106.88,16774.49,0.0,0.0,1,0,0,0,0,0
2017,09,Nicaragua,Russian Federation,NIC,RUS,Nicaragua,NIC,import,2977.492,882.447,3.374131250941983,,13785893007.4769,1574199360089.0,3.85067166284727,3.68332944412233,30.0509413442878,58.3428011851719,0.51507539463027,106.36,106.88,10876.95,0.0,0.0,0,0,0,0,0,0
2017,09,Nigeria,Russian Federation,NGA,RUS,Nigeria,NGA,import,402.36,174.86800000000002,2.3009355628245305,,375745731053.427,1574199360089.0,16.5022662139641,3.68332944412233,305.790109160005,58.3428011851719,5.241265468030407,95.44,106.88,6263.33,0.0,0.0,0,0,0,0,0,0
2017,09,Norway,Russian Federation,NOR,RUS,Norway,NOR,import,2.665,0.331,8.051359516616314,,401745275035.261,1574199360089.0,1.87510059552554,3.68332944412233,8.27166666666666,58.3428011851719,0.14177698873959693,95.61,106.88,1649.799,1.0,0.0,1,1,0,0,0,0
2017,09,Panama,Russian Federation,PAN,RUS,Panama,PAN,import,2.7430000000000003,0.395,6.944303797468355,,64327688800.0,1574199360089.0,0.875585918759832,3.68332944412233,1.0,58.3428011851719,0.01714007520527065,103.8,106.88,10819.55,0.0,0.0,0,0,0,0,0,0
2017,09,Papua New Guinea,Russian Federation,PNG,RUS,Papua New Guinea,PNG,import,5118.853,1678.232,3.050146225313306,,22742699138.356,1574199360089.0,5.42204568023833,3.68332944412233,3.18878838289617,58.3428011851719,0.05465607269653373,107.59,106.88,12100.54,0.0,0.0,0,0,0,0,0,0
2017,09,Paraguay,Russian Federation,PRY,RUS,Paraguay,PRY,import,6.277,1.535,4.089250814332248,,38997129473.5558,1574199360089.0,3.60247741348943,3.68332944412233,5618.9334516428,58.3428011851719,96.30894193456858,111.08,106.88,12642.6,0.0,0.0,0,0,0,0,0,0
2017,09,Peru,Russian Federation,PER,RUS,Peru,PER,import,5211.686,1843.971,2.8263383751696742,,211007984080.911,1574199360089.0,2.99490045809443,3.68332944412233,3.2604884908321,58.3428011851719,0.055885017938781596,98.43,106.88,12666.63,0.0,0.0,0,0,0,0,0,0
2017,09,Poland,Russian Federation,POL,RUS,Poland,POL,import,14160.672,1548.377,9.145493636239754,,528356723263.073,1574199360089.0,2.07593553673849,3.68332944412233,3.77933333333333,58.3428011851719,0.06477805755911949,111.87,106.88,1156.427,1.0,0.0,1,1,1,0,0,0
2017,09,Portugal,Russian Federation,PRT,RUS,Portugal,PRT,import,3104.441,671.182,4.625334112059024,,220862990767.229,1574199360089.0,1.36861411643479,3.68332944412233,0.885205508269372,58.3428011851719,0.015172488983856867,102.44,106.88,3913.34,0.0,0.0,1,1,1,0,0,0
2017,09,Romania,Russian Federation,ROU,RUS,Romania,ROU,import,16.363,8.058,2.0306527674360884,,210147385855.419,1574199360089.0,1.33902121104398,3.68332944412233,4.05249166666666,58.3428011851719,0.06946001193539916,113.62,106.88,,,,1,1,1,0,0,0
2017,09,Russian Federation,Azerbaijan,RUS,AZE,Azerbaijan,AZE,export,3657.4900000000002,762.7120000000001,4.79537492526668,-1487.4819999999995,40866627351.9817,1574199360089.0,12.9359184187335,3.68332944412233,1.72115480222734,58.3428011851719,0.029500722750089338,99.07,106.88,1930.747,1.0,0.0,0,0,0,0,0,1
2017,09,Russian Federation,Australia,RUS,AUS,Australia,AUS,export,21.807,1.7209999999999999,12.671121441022661,16.201999999999998,1325582658156.54,1574199360089.0,1.94864740944521,3.68332944412233,1.30475807671592,58.3428011851719,0.02236365155959516,98.86,106.88,14503.07,0.0,0.0,1,1,0,0,0,0
2017,09,Russian Federation,Austria,RUS,AUT,Austria,AUT,export,72.501,111.82300000000001,0.6483549895817498,-19047.066,414926138132.691,1574199360089.0,2.08126911385585,3.68332944412233,0.885205508269372,58.3428011851719,0.015172488983856867,107.46,106.88,1675.699,0.0,0.0,1,1,1,0,0,0
2017,09,Russian Federation,Bangladesh,RUS,BGD,Bangladesh,BGD,export,96.471,277.792,0.347277819375648,96.471,293732446624.596,1574199360089.0,5.70207015717244,3.68332944412233,80.4375416666667,58.3428011851719,1.3787055134937587,129.58,106.88,5548.405,0.0,0.0,0,0,0,0,0,0
2017,09,Russian Federation,Armenia,RUS,ARM,Armenia,ARM,export,2440.7980000000002,373.621,6.532818016117939,-283.0619999999999,11527458709.0158,1574199360089.0,0.969553268816178,3.68332944412233,482.716393849129,58.3428011851719,8.273795293391117,140.77,106.88,1803.035,0.0,0.0,0,0,0,1,0,1
2017,09,Russian Federation,Belgium,RUS,BEL,Belgium,BEL,export,42.649,13.143,3.2449973369854677,-3849.7290000000003,500908767351.53,1574199360089.0,2.12597086002608,3.68332944412233,0.885205508269372,58.3428011851719,0.015172488983856867,105.61,106.88,2261.25,0.0,0.0,1,1,1,0,0,0
2017,09,Russian Federation,Bosnia Herzegovina,RUS,BIH,Bosnia Herzegovina,BIH,export,4.907,4.215,1.1641755634638198,4.907,18326373366.1105,1574199360089.0,0.810133321953058,3.68332944412233,1.73535271327691,58.3428011851719,0.02974407601323671,108.49,106.88,1902.116,0.0,0.0,0,0,0,0,0,0
2017,09,Russian Federation,Bulgaria,RUS,BGR,Bulgaria,BGR,export,41.925,12.458,3.365307432974795,-419.027,59167647387.606,1574199360089.0,2.06159619443141,3.68332944412233,1.73545833333333,58.3428011851719,0.029745886348946936,109.68,106.88,1785.898,0.0,0.0,1,1,1,0,0,0
2017,09,Russian Federation,Myanmar,RUS,MMR,Myanmar,MMR,export,12.814,40.0,0.32035,2.4890000000000008,66053040483.0016,1574199360089.0,4.57253655317506,3.68332944412233,1360.35870704085,58.3428011851719,23.316650544824913,120.52,106.88,6526.041,0.0,0.0,0,0,0,0,0,0
2017,09,Russian Federation,Belarus,RUS,BLR,Belarus,BLR,export,47684.041,8234.008,5.791109384397003,45257.63,54725405751.1559,1574199360089.0,6.03183725177786,3.68332944412233,1.93234166666667,58.3428011851719,0.03312048148894475,104.39,106.88,686.9657,1.0,0.0,0,0,0,1,0,1
2017,09,Russian Federation,Canada,RUS,CAN,Canada,CAN,export,111.469,10.902000000000001,10.224637681159418,90.315,1649265644244.09,1574199360089.0,1.5968841285297,3.68332944412233,1.29793584646039,58.3428011851719,0.022246718019947705,101.71,106.88,7495.521,0.0,0.0,1,1,0,0,0,0
2017,09,Russian Federation,Central African Rep.,RUS,CAF,Central African Rep.,CAF,export,0.357,0.10099999999999999,3.5346534653465347,0.357,2072349972.6818,1574199360089.0,4.1807233187127,3.68332944412233,580.656749587858,58.3428011851719,9.952500356383894,,106.88,5965.032,0.0,0.0,0,0,0,0,0,0
2017,09,Russian Federation,Sri Lanka,RUS,LKA,Sri Lanka,LKA,export,1623.98,4307.54,0.37700868709286506,-172838.88700000002,94369350285.5814,1574199360089.0,7.70413767850602,3.68332944412233,152.446413948767,58.3428011851719,2.612942999855687,105.84,106.88,6576.936,0.0,0.0,0,0,0,0,0,0
2017,09,Russian Federation,China,RUS,CHN,China,CHN,export,690.361,87.53399999999999,7.886775424406517,-69440.71299999999,12537559062282.9,1574199360089.0,1.59313600071433,3.68332944412233,6.75875508633597,58.3428011851719,0.11584557047380406,115.8,106.88,5795.045,1.0,0.0,0,0,0,0,1,0
2017,09,Russian Federation,Cuba,RUS,CUB,Cuba,CUB,export,1.417,0.066,21.46969696969697,-618.86,96850649691.7406,1574199360089.0,,3.68332944412233,,58.3428011851719,,,106.88,9603.391,0.0,0.0,0,0,0,0,0,0
2017,09,Russian Federation,Cyprus,RUS,CYP,Cyprus,CYP,export,0.075,0.001,75.0,-25.810000000000002,22946570628.7576,1574199360089.0,0.531766496174477,3.68332944412233,0.885205508269372,58.3428011851719,0.015172488983856867,121.4,106.88,2316.67,0.0,0.0,1,0,1,0,0,0
2017,09,Russian Federation,Czechia,RUS,CZE,Czechia,CZE,export,155.817,40.839999999999996,3.8153036238981395,-233.125,221563575696.217,1574199360089.0,2.45053398460141,3.68332944412233,23.3763333333333,58.3428011851719,0.4006721113568079,111.25,106.88,1673.0,0.0,0.0,1,1,1,0,0,0
2017,09,Russian Federation,Denmark,RUS,DNK,Denmark,DNK,export,1.896,0.692,2.739884393063584,-37.056000000000004,331610593961.988,1574199360089.0,1.14713216957606,3.68332944412233,6.60289346561404,58.3428011851719,0.1131740905730148,107.09,106.88,1566.362,0.0,0.0,1,1,1,0,0,0
2017,09,Russian Federation,Estonia,RUS,EST,Estonia,EST,export,827.867,130.56,6.340893075980392,-5867.4619999999995,27469461919.1189,1574199360089.0,3.41723549488055,3.68332944412233,0.885205508269372,58.3428011851719,0.015172488983856867,106.52,106.88,871.7853,1.0,0.0,1,1,1,0,0,0
2017,09,Russian Federation,Finland,RUS,FIN,Finland,FIN,export,205.94899999999998,41.413,4.97305194021201,-24257.357,253846138440.0,1574199360089.0,0.754015047084353,3.68332944412233,0.885205508269372,58.3428011851719,0.015172488983856867,108.54,106.88,892.6777,1.0,0.0,1,1,1,0,0,0
2017,09,Russian Federation,France,RUS,FRA,France,FRA,export,25.269,3.894,6.489214175654853,-2806.314,2588868323334.71,1574199360089.0,1.03228275064667,3.68332944412233,0.885205508269372,58.3428011851719,0.015172488983856867,102.93,106.88,2494.316,0.0,0.0,1,1,1,0,0,0
2017,09,Russian Federation,Georgia,RUS,GEO,Georgia,GEO,export,2956.552,870.8420000000001,3.3950498483077296,-990.5369999999998,16473125375.0684,1574199360089.0,6.03531725272117,3.68332944412233,2.50954166666667,58.3428011851719,0.04301373289742697,111.56,106.88,1644.856,1.0,0.0,0,0,0,0,0,0
2017,09,Russian Federation,Germany,RUS,DEU,Germany,DEU,export,2721.311,1041.3999999999999,2.6131275206452855,-41727.447,3763092263752.95,1574199360089.0,1.50949485109622,3.68332944412233,0.885205508269372,58.3428011851719,0.015172488983856867,103.79,106.88,2065.183,0.0,0.0,1,1,1,0,0,0
2017,09,Russian Federation,Greece,RUS,GRC,Greece,GRC,export,10.994,2.3000000000000003,4.779999999999999,-736.262,200381103984.298,1574199360089.0,1.1212545203142,3.68332944412233,0.885205508269372,58.3428011851719,0.015172488983856867,106.15,106.88,2233.583,0.0,0.0,1,1,1,0,0,0
2017,09,Russian Federation,"China, Hong Kong SAR",RUS,HKG,"China, Hong Kong SAR",HKG,export,12.13,1.862,6.514500537056928,10.174000000000001,341273289534.466,1574199360089.0,1.49387243939528,3.68332944412233,7.79325,58.3428011851719,0.13357689109347548,100.0,106.88,7145.355,0.0,0.0,0,0,0,0,0,0
2017,09,Russian Federation,Hungary,RUS,HUN,Hungary,HUN,export,211.436,27.223,7.766814825698858,195.372,143335098991.862,1574199360089.0,2.3482428115016,3.68332944412233,274.433333333333,58.3428011851719,4.7038079721664365,106.08,106.88,1574.19,0.0,0.0,1,0,1,0,0,0
2017,09,Russian Federation,Iceland,RUS,ISL,Iceland,ISL,export,0.362,0.007,51.71428571428571,0.362,24728285177.4603,1574199360089.0,1.76041559180602,3.68332944412233,106.839572014,58.3428011851719,1.8312382992188894,100.2,106.88,3316.138,0.0,0.0,1,1,0,0,0,0
2017,09,Russian Federation,Indonesia,RUS,IDN,Indonesia,IDN,export,2881.762,9149.201,0.31497417096859065,-102388.599,1015618744159.73,1574199360089.0,3.80879857691949,3.68332944412233,13380.8338788891,58.3428011851719,229.34849899339255,108.94,106.88,9302.706,0.0,0.0,0,0,0,0,0,0
2017,09,Russian Federation,Iran,RUS,IRN,Iran,IRN,export,37.845,110.0,0.34404545454545454,-711.465,489168731811.147,1574199360089.0,8.04492437660281,3.68332944412233,33226.2981524127,58.3428011851719,569.501249125099,,106.88,2466.589,0.0,0.0,0,0,0,0,0,0
2017,09,Russian Federation,Iraq,RUS,IRQ,Iraq,IRQ,export,22.946,62.725,0.36581905141490634,22.946,187217660050.676,1574199360089.0,0.184058898847663,3.68332944412233,1184.0,58.3428011851719,20.29384904304045,101.4,106.88,2548.646,0.0,0.0,0,0,0,0,0,0
2017,09,Russian Federation,Ireland,RUS,IRL,Ireland,IRL,export,0.194,0.012,16.166666666666668,0.194,348532394023.595,1574199360089.0,0.362173038229412,3.68332944412233,0.885205508269372,58.3428011851719,0.015172488983856867,109.91,106.88,2802.315,0.0,0.0,1,1,1,0,0,0
2017,09,Russian Federation,Israel,RUS,ISR,Israel,ISR,export,5131.284000000001,1369.396,3.747114786372971,4295.612000000001,358451839052.991,1574199360089.0,0.249807840122998,3.68332944412233,3.59955554812834,58.3428011851719,0.06169665280046897,101.48,106.88,2643.989,0.0,0.0,0,0,0,0,0,0
2017,09,Russian Federation,Italy,RUS,ITA,Italy,ITA,export,76.728,103.733,0.7396681865944299,-60662.416999999994,1970720904584.71,1574199360089.0,1.22653316645805,3.68332944412233,0.885205508269372,58.3428011851719,0.015172488983856867,104.86,106.88,2383.171,0.0,0.0,1,1,1,0,0,0
2017,09,Russian Federation,Japan,RUS,JPN,Japan,JPN,export,21.783,1.589,13.70862177470107,-1146.902,4930837369151.42,1574199360089.0,0.484199796126422,3.68332944412233,112.166141081871,58.3428011851719,1.922536093628267,103.09,106.88,7486.303,0.0,0.0,1,1,0,0,0,0
2017,09,Russian Federation,Kazakhstan,RUS,KAZ,Kazakhstan,KAZ,export,29167.660000000003,5647.017,5.165144712686362,21947.924000000003,166805788827.233,1574199360089.0,7.44266321306799,3.68332944412233,326.001022727273,58.3428011851719,5.587682046540605,107.52,106.88,3104.607,1.0,1.0,0,0,0,1,0,1
2017,09,Russian Federation,Jordan,RUS,JOR,Jordan,JOR,export,93.672,87.994,1.064527126849558,80.24,41608435915.493,1574199360089.0,3.32389447576103,3.68332944412233,0.71,58.3428011851719,0.012169453395742161,93.1,106.88,2652.505,0.0,0.0,0,0,0,0,0,0
2017,09,Russian Federation,Dem. People's Rep. of Korea,RUS,PRK,Dem. People's Rep. of Korea,PRK,export,1.336,0.16,8.35,1.272,,1574199360089.0,,3.68332944412233,,58.3428011851719,,104.68,106.88,6418.446,1.0,0.0,0,0,0,0,0,0
2017,09,Russian Federation,Rep. of Korea,RUS,KOR,Rep. of Korea,KOR,export,55.096999999999994,7.824,7.042050102249489,-143.11399999999998,1623074183501.9,1574199360089.0,1.94433230786365,3.68332944412233,1131.00083333333,58.3428011851719,19.385439340557053,,106.88,6614.064,0.0,0.0,1,0,0,0,0,0
2017,09,Russian Federation,Kuwait,RUS,KWT,Kuwait,KWT,export,1.22,1.002,1.217564870259481,1.22,120687539675.517,1574199360089.0,2.17183298510004,3.68332944412233,0.303349758333333,58.3428011851719,0.005199437671334004,128.2,106.88,3051.533,0.0,0.0,0,0,0,0,0,0
2017,09,Russian Federation,Kyrgyzstan,RUS,KGZ,Kyrgyzstan,KGZ,export,6657.726000000001,1659.7259999999999,4.011340426070328,6500.229,7702938379.42036,1574199360089.0,3.1753098637994,3.68332944412233,68.866667859063,58.3428011851719,1.180379866240735,115.96,106.88,2985.871,0.0,1.0,0,0,0,1,0,1
2017,09,Russian Federation,Lebanon,RUS,LBN,Lebanon,LBN,export,89.34,2.508,35.622009569377994,56.480000000000004,53027680685.9038,1574199360089.0,4.32135218303191,3.68332944412233,1507.5,58.3428011851719,25.838663371945504,,106.88,2441.484,0.0,0.0,0,0,0,0,0,0
2017,09,Russian Federation,Latvia,RUS,LVA,Latvia,LVA,export,2361.726,371.616,6.355286101782486,1151.663,29391059767.4259,1574199360089.0,2.9303631237467,3.68332944412233,0.885205508269372,58.3428011851719,0.015172488983856867,114.16,106.88,847.8519,1.0,0.0,1,1,1,0,0,0
2017,09,Russian Federation,Lithuania,RUS,LTU,Lithuania,LTU,export,1198.125,213.52700000000002,5.611117095261957,-8246.734,47756764508.446,1574199360089.0,3.72288862303706,3.68332944412233,0.885205508269372,58.3428011851719,0.015172488983856867,109.96,106.88,794.0689,1.0,0.0,1,1,1,0,0,0
2017,09,Russian Federation,Luxembourg,RUS,LUX,Luxembourg,LUX,export,0.14100000000000001,0.007,20.142857142857146,0.14100000000000001,65712180342.9836,1574199360089.0,1.73079959118893,3.68332944412233,0.885205508269372,58.3428011851719,0.015172488983856867,105.47,106.88,2214.132,0.0,0.0,1,1,1,0,0,0
2017,09,Russian Federation,Malaysia,RUS,MYS,Malaysia,MYS,export,199.451,485.883,0.41049182622153896,146.81,319109094160.343,1574199360089.0,3.87120115774237,3.68332944412233,4.30044087761124,58.3428011851719,0.07370988005807677,110.71,106.88,8130.454,0.0,0.0,0,0,0,0,0,0
2017,09,Russian Federation,Mali,RUS,MLI,Mali,MLI,export,288.485,59.145,4.877588976244822,288.485,18308362040.0521,1574199360089.0,1.75985742927157,3.68332944412233,580.656749587858,58.3428011851719,9.952500356383894,104.15,106.88,6188.962,0.0,0.0,0,0,0,0,0,0
2017,09,Russian Federation,Mauritius,RUS,MUS,Mauritius,MUS,export,34.597,74.552,0.4640653503594806,34.597,13713506130.6081,1574199360089.0,3.66699702675919,3.68332944412233,34.4814083333333,58.3428011851719,0.5910139320169788,102.13,106.88,8654.018,0.0,0.0,0,0,0,0,0,0
2017,09,Russian Federation,Mexico,RUS,MEX,Mexico,MEX,export,9.157,0.9400000000000001,9.741489361702127,-3791.4649999999997,1190721475906.0,1574199360089.0,6.04145724018993,3.68332944412233,18.9265166666667,58.3428011851719,0.3244019190404756,103.5,106.88,10736.3,0.0,0.0,0,0,0,0,0,0
2017,09,Russian Federation,Mongolia,RUS,MNG,Mongolia,MNG,export,898.626,205.315,4.376816111828166,888.545,11480847740.736,1574199360089.0,4.30143105302339,3.68332944412233,2439.77720111244,58.3428011851719,41.81796471117195,108.76,106.88,4632.875,1.0,0.0,0,0,0,0,0,0
2017,09,Russian Federation,Rep. of Moldova,RUS,MDA,Rep. of Moldova,MDA,export,6421.002,1075.895,5.96805636237737,6406.406000000001,9514404016.20949,1574199360089.0,6.57022997455602,3.68332944412233,18.4990348873528,58.3428011851719,0.31707484919415246,106.51,106.88,1150.314,0.0,0.0,0,0,0,0,0,1
2017,09,Russian Federation,Montenegro,RUS,MNE,Montenegro,MNE,export,9.828000000000001,1.2850000000000001,7.6482490272373544,9.828000000000001,4856599480.79882,1574199360089.0,2.38023599053135,3.68332944412233,0.88520550826938,58.3428011851719,0.015172488983857004,89.77,106.88,,,,1,0,0,0,0,0
2017,09,Russian Federation,Morocco,RUS,MAR,Morocco,MAR,export,49.811,155.683,0.3199514397846907,-50.907000000000004,118540573367.844,1574199360089.0,0.754663249323624,3.68332944412233,9.6919978888289,58.3428011851719,0.1661215727038517,107.5,106.88,4156.454,0.0,0.0,0,0,0,0,0,0
2017,09,Russian Federation,Nepal,RUS,NPL,Nepal,NPL,export,674.949,1868.458,0.36123316660048016,-187.14100000000008,28971588940.364,1574199360089.0,3.62709610696607,3.68332944412233,104.511885242862,58.3428011851719,1.7913415729072704,122.35,106.88,4889.868,0.0,0.0,0,0,0,0,0,0
2017,09,Russian Federation,Netherlands,RUS,NLD,Netherlands,NLD,export,182.941,394.103,0.4641959081762889,-10991.966,848233537845.884,1574199360089.0,1.38145871407207,3.68332944412233,0.885205508269372,58.3428011851719,0.015172488983856867,106.36,106.88,2155.229,0.0,0.0,1,1,1,0,0,0
2017,09,Russian Federation,New Zealand,RUS,NZL,New Zealand,NZL,export,2.601,0.389,6.686375321336761,2.51,206745969246.073,1574199360089.0,1.85078767452534,3.68332944412233,1.40740833333333,58.3428011851719,0.0241230846778579,105.01,106.88,16774.49,0.0,0.0,1,0,0,0,0,0
2017,09,Russian Federation,Norway,RUS,NOR,Norway,NOR,export,14.946,3.4690000000000003,4.3084462381089645,12.280999999999999,401745275035.261,1574199360089.0,1.87510059552554,3.68332944412233,8.27166666666666,58.3428011851719,0.14177698873959693,95.61,106.88,1649.799,1.0,0.0,1,1,0,0,0,0
2017,09,Russian Federation,Pakistan,RUS,PAK,Pakistan,PAK,export,2166.113,6039.012000000001,0.35868665271736494,2166.113,339205534861.1,1574199360089.0,4.08537368032612,3.68332944412233,105.455162087938,58.3428011851719,1.8075094089712638,110.42,106.88,3658.638,0.0,0.0,0,0,0,0,0,0
2017,09,Russian Federation,Peru,RUS,PER,Peru,PER,export,0.694,0.048,14.458333333333332,-5210.991999999999,211007984080.911,1574199360089.0,2.99490045809443,3.68332944412233,3.2604884908321,58.3428011851719,0.055885017938781596,98.43,106.88,12666.63,0.0,0.0,0,0,0,0,0,0
2017,09,Russian Federation,Poland,RUS,POL,Poland,POL,export,1033.828,1800.8709999999999,0.5740711022610726,-13126.844000000001,528356723263.073,1574199360089.0,2.07593553673849,3.68332944412233,3.77933333333333,58.3428011851719,0.06477805755911949,111.87,106.88,1156.427,1.0,0.0,1,1,1,0,0,0
2017,09,Russian Federation,Portugal,RUS,PRT,Portugal,PRT,export,0.05,0.001,50.0,-3104.3909999999996,220862990767.229,1574199360089.0,1.36861411643479,3.68332944412233,0.885205508269372,58.3428011851719,0.015172488983856867,102.44,106.88,3913.34,0.0,0.0,1,1,1,0,0,0
2017,09,Russian Federation,Qatar,RUS,QAT,Qatar,QAT,export,571.759,140.10399999999998,4.0809612859019015,571.759,161099122225.275,1574199360089.0,0.394878914082963,3.68332944412233,3.64,58.3428011851719,0.062389873747185166,100.83,106.88,3575.788,0.0,0.0,0,0,0,0,0,0
2017,09,Russian Federation,Romania,RUS,ROU,Romania,ROU,export,52.563,158.811,0.330978332735138,36.2,210147385855.419,1574199360089.0,1.33902121104398,3.68332944412233,4.05249166666666,58.3428011851719,0.06946001193539916,113.62,106.88,,,,1,1,1,0,0,0
2017,09,Russian Federation,Serbia,RUS,SRB,Serbia,SRB,export,4.562,6.152,0.7415474642392718,-135.552,45972834713.8077,1574199360089.0,3.13106248590118,3.68332944412233,107.75885,58.3428011851719,1.8469947930334791,112.65,106.88,,,,0,0,0,0,0,0
2017,09,Russian Federation,India,RUS,IND,India,IND,export,7330.767999999999,18210.814,0.40255026491402307,-131708.76499999998,2651474262755.45,1574199360089.0,3.328173374613,3.68332944412233,65.1215686450659,58.3428011851719,1.1161885840616248,108.52,106.88,4341.881,0.0,0.0,0,0,0,0,1,0
2017,09,Russian Federation,Singapore,RUS,SGP,Singapore,SGP,export,51.887,24.009999999999998,2.161057892544773,11.192,343673334902.33,1574199360089.0,0.576763191180009,3.68332944412233,1.380925,58.3428011851719,0.023669158352838372,114.49,106.88,8431.775,0.0,0.0,1,0,0,0,0,0
2017,09,Russian Federation,Slovakia,RUS,SVK,Slovakia,SVK,export,44.873,51.724,0.8675469801252803,44.424,95978130734.9766,1574199360089.0,1.31194588223234,3.68332944412233,0.885205508269372,58.3428011851719,0.015172488983856867,103.62,106.88,1632.621,0.0,0.0,1,1,1,0,0,0
2017,09,Russian Federation,Viet Nam,RUS,VNM,Viet Nam,VNM,export,78.139,211.405,0.3696175587143161,-192408.073,281353605986.903,1574199360089.0,3.52025688811621,3.68332944412233,22370.0866666667,58.3428011851719,383.4249678150895,138.71,106.88,6737.911,0.0,0.0,0,0,0,0,0,0
2017,09,Russian Federation,Slovenia,RUS,SVN,Slovenia,SVN,export,0.7040000000000001,0.065,10.830769230769231,0.7040000000000001,48153200134.6613,1574199360089.0,1.42910743319303,3.68332944412233,0.885205508269372,58.3428011851719,0.015172488983856867,116.37,106.88,1937.979,0.0,0.0,1,1,1,0,0,0
2017,09,Russian Federation,South Africa,RUS,ZAF,South Africa,ZAF,export,218.98,317.788,0.6890757360252746,168.94,381448814653.456,1574199360089.0,5.18618655524146,3.68332944412233,13.3238014244992,58.3428011851719,0.2283709584360085,100.03,106.88,10147.89,0.0,0.0,0,0,0,0,1,0
2017,09,Russian Federation,Spain,RUS,ESP,Spain,ESP,export,2.3,0.161,14.285714285714285,-5543.958,1321754088818.83,1574199360089.0,1.95607633363965,3.68332944412233,0.885205508269372,58.3428011851719,0.015172488983856867,105.46,106.88,3449.3,0.0,0.0,1,1,1,0,0,0
2017,09,Russian Federation,Sweden,RUS,SWE,Sweden,SWE,export,0.35300000000000004,0.044,8.022727272727273,-3208.013,536083940228.684,1574199360089.0,1.79449904665588,3.68332944412233,8.54886083333333,58.3428011851719,0.14652811760272602,106.98,106.88,1232.383,0.0,0.0,1,1,1,0,0,0
2017,09,Russian Federation,Switzerland,RUS,CHE,Switzerland,CHE,export,15.305,8.993,1.7018792394084288,-28468.581000000002,695200834102.045,1574199360089.0,0.533787839825897,3.68332944412233,0.984691666666667,58.3428011851719,0.01687768922066997,106.48,106.88,2296.397,0.0,0.0,1,0,0,0,0,0
2017,09,Russian Federation,Tajikistan,RUS,TJK,Tajikistan,TJK,export,913.1510000000001,305.153,2.9924365809937967,897.291,7536402852.85802,1574199360089.0,,3.68332944412233,8.54974166666667,58.3428011851719,0.14654321515230276,,106.88,2986.597,0.0,0.0,0,0,0,0,0,1
2017,09,Russian Federation,Thailand,RUS,THA,Thailand,THA,export,119.211,314.77,0.37872414779045016,5.159999999999997,456356813536.764,1574199360089.0,0.66563189313511,3.68332944412233,33.9398110566858,58.3428011851719,0.5817309139642709,103.12,106.88,7067.929,0.0,0.0,0,0,0,0,0,0
2017,09,Russian Federation,United Arab Emirates,RUS,ARE,United Arab Emirates,ARE,export,456.59,689.5,0.6622044960116026,-23601.457,390516804029.952,1574199360089.0,1.96682557818841,3.68332944412233,3.6725,58.3428011851719,0.06294692619135646,111.88,106.88,3739.195,0.0,0.0,0,0,0,0,0,0
2017,09,Russian Federation,Tunisia,RUS,TUN,Tunisia,TUN,export,4.646,20.2,0.23,4.646,42163530590.9462,1574199360089.0,5.30884839565845,3.68332944412233,2.419425,58.3428011851719,0.041469126453511945,101.55,106.88,2946.28,0.0,0.0,0,0,0,0,0,0
2017,09,Russian Federation,TÃ¼rkiye,RUS,TUR,TÃ¼rkiye,TUR,export,230.262,494.08699999999993,0.4660353338582072,-649.2729999999999,858988492853.742,1574199360089.0,11.1443110840765,3.68332944412233,3.64813263536867,58.3428011851719,0.06252926772902122,112.77,106.88,1757.71,0.0,0.0,0,0,0,0,0,0
2017,09,Russian Federation,Turkmenistan,RUS,TKM,Turkmenistan,TKM,export,753.528,301.964,2.495423295492178,753.528,37926285714.2857,1574199360089.0,,3.68332944412233,,58.3428011851719,,,106.88,2510.13,0.0,0.0,0,0,0,0,0,1
2017,09,Russian Federation,Ukraine,RUS,UKR,Ukraine,UKR,export,20177.075,3439.911,5.865580533914977,19801.392,112090505081.739,1574199360089.0,14.4383227488749,3.68332944412233,26.5966063,58.3428011851719,0.4558678321869752,109.82,106.88,763.4056,1.0,0.0,1,0,0,0,0,0
2017,09,Russian Federation,Egypt,RUS,EGY,Egypt,EGY,export,279.998,944.2919999999999,0.2965163318126173,-980.9669999999999,248362771739.13,1574199360089.0,29.5066083940039,3.68332944412233,17.7825335150636,58.3428011851719,0.304793961788436,108.28,106.88,2905.404,0.0,0.0,0,0,0,0,0,0
2017,09,Russian Federation,United Kingdom,RUS,GBR,United Kingdom,GBR,export,134.329,409.485,0.32804376228677484,-5628.215,2680148052335.3,1574199360089.0,2.55775577557753,3.68332944412233,0.776976682344123,58.3428011851719,0.013317438768119952,100.63,106.88,2510.88,0.0,0.0,1,1,1,0,0,0
2017,09,Russian Federation,USA,RUS,USA,USA,USA,export,699.5450000000001,110.696,6.319514706945148,-1334.047,19612102000000.0,1574199360089.0,2.13011000365961,3.68332944412233,1.0,58.3428011851719,0.01714007520527065,99.95,106.88,7517.972,0.0,0.0,1,1,0,0,0,0
2017,09,Russian Federation,Burkina Faso,RUS,BFA,Burkina Faso,BFA,export,85.719,17.574,4.877603277569135,85.719,14106955615.3442,1574199360089.0,1.48299897161327,3.68332944412233,580.656749587858,58.3428011851719,9.952500356383894,108.67,106.88,5900.391,0.0,0.0,0,0,0,0,0,0
2017,09,Russian Federation,Uzbekistan,RUS,UZB,Uzbekistan,UZB,export,692.05,704.333,0.9825608057552322,-1370.7169999999999,69703222282.7278,1574199360089.0,13.8757425441635,3.68332944412233,5113.87894595717,58.3428011851719,87.65226972435609,111.18,106.88,2789.856,0.0,0.0,0,0,0,0,0,1
2017,09,Russian Federation,Yemen,RUS,YEM,Yemen,YEM,export,402.24,1098.275,0.3662470692677153,377.75800000000004,26842229044.5848,1574199360089.0,,3.68332944412233,282.195,58.3428011851719,4.836843522551351,,106.88,4525.518,0.0,0.0,0,0,0,0,0,0
2017,09,Rwanda,Russian Federation,RWA,RUS,Rwanda,RWA,import,2248.908,605.646,3.7132384264075053,,9252833894.1905,1574199360089.0,8.27953672260832,3.68332944412233,831.55433975,58.3428011851719,14.252903920584183,111.86,106.88,6457.65,0.0,0.0,0,0,0,0,0,0
2017,09,Saudi Arabia,Russian Federation,SAU,RUS,Saudi Arabia,SAU,import,2.382,0.191,12.471204188481677,,741266133333.333,1574199360089.0,-0.836410331520586,3.68332944412233,3.75,58.3428011851719,0.06427528201976494,105.77,106.88,3539.516,0.0,0.0,0,0,0,0,0,0
2017,09,Serbia,Russian Federation,SRB,RUS,Serbia,SRB,import,140.114,23.411,5.984964333005852,,45972834713.8077,1574199360089.0,3.13106248590118,3.68332944412233,107.75885,58.3428011851719,1.8469947930334791,112.65,106.88,,,,0,0,0,0,0,0
2017,09,India,Russian Federation,IND,RUS,India,IND,import,139039.533,59728.01500000001,2.327878015031974,,2651474262755.45,1574199360089.0,3.328173374613,3.68332944412233,65.1215686450659,58.3428011851719,1.1161885840616248,108.52,106.88,4341.881,0.0,0.0,0,0,0,0,1,0
2017,09,Singapore,Russian Federation,SGP,RUS,Singapore,SGP,import,40.695,3.357,12.122430741733691,,343673334902.33,1574199360089.0,0.576763191180009,3.68332944412233,1.380925,58.3428011851719,0.023669158352838372,114.49,106.88,8431.775,0.0,0.0,1,0,0,0,0,0
2017,09,Slovakia,Russian Federation,SVK,RUS,Slovakia,SVK,import,0.449,0.08,5.6125,,95978130734.9766,1574199360089.0,1.31194588223234,3.68332944412233,0.885205508269372,58.3428011851719,0.015172488983856867,103.62,106.88,1632.621,0.0,0.0,1,1,1,0,0,0
2017,09,Viet Nam,Russian Federation,VNM,RUS,Viet Nam,VNM,import,192486.212,81556.176,2.3601672054854554,,281353605986.903,1574199360089.0,3.52025688811621,3.68332944412233,22370.0866666667,58.3428011851719,383.4249678150895,138.71,106.88,6737.911,0.0,0.0,0,0,0,0,0,0
2017,09,South Africa,Russian Federation,ZAF,RUS,South Africa,ZAF,import,50.04,8.181000000000001,6.116611661166115,,381448814653.456,1574199360089.0,5.18618655524146,3.68332944412233,13.3238014244992,58.3428011851719,0.2283709584360085,100.03,106.88,10147.89,0.0,0.0,0,0,0,0,1,0
2017,09,Zimbabwe,Russian Federation,ZWE,RUS,Zimbabwe,ZWE,import,3473.976,1623.66,2.1395957281696907,,51074726484.0037,1574199360089.0,0.893962316050075,3.68332944412233,,58.3428011851719,,101.86,106.88,8213.716,0.0,0.0,0,0,0,0,0,0
2017,09,Spain,Russian Federation,ESP,RUS,Spain,ESP,import,5546.258,1093.418,5.072404149190886,,1321754088818.83,1574199360089.0,1.95607633363965,3.68332944412233,0.885205508269372,58.3428011851719,0.015172488983856867,105.46,106.88,3449.3,0.0,0.0,1,1,1,0,0,0
2017,09,Sweden,Russian Federation,SWE,RUS,Sweden,SWE,import,3208.366,372.247,8.618917009405045,,536083940228.684,1574199360089.0,1.79449904665588,3.68332944412233,8.54886083333333,58.3428011851719,0.14652811760272602,106.98,106.88,1232.383,0.0,0.0,1,1,1,0,0,0
2017,09,Switzerland,Russian Federation,CHE,RUS,Switzerland,CHE,import,28483.886000000002,944.703,30.151154383970415,,695200834102.045,1574199360089.0,0.533787839825897,3.68332944412233,0.984691666666667,58.3428011851719,0.01687768922066997,106.48,106.88,2296.397,0.0,0.0,1,0,0,0,0,0
2017,09,Syria,Russian Federation,SYR,RUS,Syria,SYR,import,203.69400000000002,63.473,3.2091440454996616,,16369843352.3453,1574199360089.0,18.0752696281771,3.68332944412233,492.610833333333,58.3428011851719,8.443386730264374,,106.88,2478.709,0.0,0.0,0,0,0,0,0,0
2017,09,Tajikistan,Russian Federation,TJK,RUS,Tajikistan,TJK,import,15.86,3.21,4.9408099688473515,,7536402852.85802,1574199360089.0,,3.68332944412233,8.54974166666667,58.3428011851719,0.14654321515230276,,106.88,2986.597,0.0,0.0,0,0,0,0,0,1
2017,09,Thailand,Russian Federation,THA,RUS,Thailand,THA,import,114.051,44.587999999999994,2.5578855297389436,,456356813536.764,1574199360089.0,0.66563189313511,3.68332944412233,33.9398110566858,58.3428011851719,0.5817309139642709,103.12,106.88,7067.929,0.0,0.0,0,0,0,0,0,0
2017,09,United Arab Emirates,Russian Federation,ARE,RUS,United Arab Emirates,ARE,import,24058.047,5126.052,4.693289689609079,,390516804029.952,1574199360089.0,1.96682557818841,3.68332944412233,3.6725,58.3428011851719,0.06294692619135646,111.88,106.88,3739.195,0.0,0.0,0,0,0,0,0,0
2017,09,TÃ¼rkiye,Russian Federation,TUR,RUS,TÃ¼rkiye,TUR,import,879.535,304.03499999999997,2.8928741756705643,,858988492853.742,1574199360089.0,11.1443110840765,3.68332944412233,3.64813263536867,58.3428011851719,0.06252926772902122,112.77,106.88,1757.71,0.0,0.0,0,0,0,0,0,0
2017,09,Uganda,Russian Federation,UGA,RUS,Uganda,UGA,import,6764.379,2695.409,2.5095927927820973,,30744473841.424,1574199360089.0,5.20971705914208,3.68332944412233,3611.22445804461,58.3428011851719,61.89665879399736,102.49,106.88,6185.184,0.0,0.0,0,0,0,0,0,0
2017,09,Ukraine,Russian Federation,UKR,RUS,Ukraine,UKR,import,375.683,73.945,5.080573399148016,,112090505081.739,1574199360089.0,14.4383227488749,3.68332944412233,26.5966063,58.3428011851719,0.4558678321869752,109.82,106.88,763.4056,1.0,0.0,1,0,0,0,0,0
2017,09,North Macedonia,Russian Federation,MKD,RUS,North Macedonia,MKD,import,172.704,51.254,3.3695711554220162,,11307067069.6658,1574199360089.0,1.35161889677442,3.68332944412233,54.6654583333333,58.3428011851719,0.9369700669639219,105.12,106.88,1927.484,0.0,0.0,0,0,0,0,0,0
2017,09,Egypt,Russian Federation,EGY,RUS,Egypt,EGY,import,1260.965,654.268,1.9272912629075545,,248362771739.13,1574199360089.0,29.5066083940039,3.68332944412233,17.7825335150636,58.3428011851719,0.304793961788436,108.28,106.88,2905.404,0.0,0.0,0,0,0,0,0,0
2017,09,United Kingdom,Russian Federation,GBR,RUS,United Kingdom,GBR,import,5762.544,520.908,11.062498560206409,,2680148052335.3,1574199360089.0,2.55775577557753,3.68332944412233,0.776976682344123,58.3428011851719,0.013317438768119952,100.63,106.88,2510.88,0.0,0.0,1,1,1,0,0,0
2017,09,United Rep. of Tanzania,Russian Federation,TZA,RUS,United Rep. of Tanzania,TZA,import,9109.816,4505.046,2.022136066979116,,53274884532.7886,1574199360089.0,5.31871605228926,3.68332944412233,2228.85666666667,58.3428011851719,38.20277088843559,119.94,106.88,6968.894,0.0,0.0,0,0,0,0,0,0
2017,09,USA,Russian Federation,USA,RUS,USA,USA,import,2033.592,27.811,73.12185825752401,,19612102000000.0,1574199360089.0,2.13011000365961,3.68332944412233,1.0,58.3428011851719,0.01714007520527065,99.95,106.88,7517.972,0.0,0.0,1,1,0,0,0,0
2017,09,Uzbekistan,Russian Federation,UZB,RUS,Uzbekistan,UZB,import,2062.767,672.092,3.0691735655237675,,69703222282.7278,1574199360089.0,13.8757425441635,3.68332944412233,5113.87894595717,58.3428011851719,87.65226972435609,111.18,106.88,2789.856,0.0,0.0,0,0,0,0,0,1
2017,09,Yemen,Russian Federation,YEM,RUS,Yemen,YEM,import,24.482,1.248,19.61698717948718,,26842229044.5848,1574199360089.0,,3.68332944412233,282.195,58.3428011851719,4.836843522551351,,106.88,4525.518,0.0,0.0,0,0,0,0,0,0
2017,09,Zambia,Russian Federation,ZMB,RUS,Zambia,ZMB,import,7.165,1.195,5.99581589958159,,25873601260.8353,1574199360089.0,6.57731154205644,3.68332944412233,9.5175,58.3428011851719,0.16313066576616342,,106.88,7975.7,0.0,0.0,0,0,0,0,0,0
2018,09,Afghanistan,Russian Federation,AFG,RUS,Afghanistan,AFG,import,1.271,0.002,635.4999999999999,,18053222687.4126,1657328773461.31,0.626149149168802,2.87829723647885,72.083247177304,62.6681333333334,1.1502376621606292,,110.8,3367.526,0.0,0.0,0,0,0,0,0,0
2018,09,Angola,Russian Federation,AGO,RUS,Angola,AGO,import,13.662,6.6,2.0700000000000003,,79450688259.3664,1657328773461.31,19.6289379701521,2.87829723647885,252.855747731297,62.6681333333334,4.034837712276363,108.33,110.8,7535.854,0.0,0.0,0,0,0,0,0,0
2018,09,Azerbaijan,Russian Federation,AZE,RUS,Azerbaijan,AZE,import,3595.5570000000002,602.511,5.967620508173296,,47112470051.7701,1657328773461.31,2.26854690373999,2.87829723647885,1.70001666666667,62.6681333333334,0.027127290637878713,107.05,110.8,1930.747,1.0,0.0,0,0,0,0,0,1
2018,09,Argentina,Russian Federation,ARG,RUS,Argentina,ARG,import,2438.7470000000003,1959.226,1.244750222792062,,524819892360.176,1657328773461.31,34.2772237131003,2.87829723647885,28.0949916666667,62.6681333333334,0.44831384265474644,92.89,110.8,13505.36,0.0,0.0,0,0,0,0,0,0
2018,09,Australia,Russian Federation,AUS,RUS,Australia,AUS,import,0.195,0.06,3.2500000000000004,,1427809041019.44,1657328773461.31,1.91140094445694,2.87829723647885,1.33841214646451,62.6681333333334,0.021357140787096076,100.28,110.8,14503.07,0.0,0.0,1,1,0,0,0,0
2018,09,Austria,Russian Federation,AUT,RUS,Austria,AUT,import,20259.591,794.519,25.49919007600825,,452582294972.775,1657328773461.31,1.99837981429547,2.87829723647885,0.846772667108111,62.6681333333334,0.01351201355566322,112.12,110.8,1675.699,0.0,0.0,1,1,1,0,0,0
2018,09,Armenia,Russian Federation,ARM,RUS,Armenia,ARM,import,3250.0740000000005,725.628,4.478980965453373,,12457940694.7395,1657328773461.31,2.52023382001632,2.87829723647885,482.987946590235,62.6681333333334,7.7070740885357125,153.12,110.8,1803.035,0.0,0.0,0,0,0,1,0,1
2018,09,Belgium,Russian Federation,BEL,RUS,Belgium,BEL,import,3971.0860000000002,564.177,7.038723662963928,,542638913427.921,1657328773461.31,2.05316499865184,2.87829723647885,0.846772667108111,62.6681333333334,0.01351201355566322,108.34,110.8,2261.25,0.0,0.0,1,1,1,0,0,0
2018,09,Bosnia Herzegovina,Russian Federation,BIH,RUS,Bosnia Herzegovina,BIH,import,0.19,0.011,17.272727272727273,,20484053868.9246,1657328773461.31,1.41710814018034,2.87829723647885,1.65698544113543,62.6681333333334,0.026440638215947523,107.29,110.8,1902.116,0.0,0.0,0,0,0,0,0,0
2018,09,Brazil,Russian Federation,BRA,RUS,Brazil,BRA,import,68966.20599999999,31010.104000000003,2.2239914448529414,,1916933898010.99,1657328773461.31,3.66485028376727,2.87829723647885,3.65382536145755,62.6681333333334,0.05830435928293507,97.19,110.8,11820.15,0.0,0.0,0,0,0,0,1,0
2018,09,Bulgaria,Russian Federation,BGR,RUS,Bulgaria,BGR,import,279.993,61.676,4.5397399312536475,,66251582035.9412,1657328773461.31,2.8145447382483,2.87829723647885,1.65704166666667,62.6681333333334,0.02644153541087339,112.25,110.8,1785.898,0.0,0.0,1,1,1,0,0,0
2018,09,Myanmar,Russian Federation,MMR,RUS,Myanmar,MMR,import,59.141000000000005,27.259999999999998,2.16951577402788,,67860515989.517,1657328773461.31,6.87232865662918,2.87829723647885,1429.80797520107,62.6681333333334,22.815550729680822,167.59,110.8,6526.041,0.0,0.0,0,0,0,0,0,0
2018,09,Burundi,Russian Federation,BDI,RUS,Burundi,BDI,import,735.3900000000001,167.42399999999998,4.392381020642203,,2667182199.51333,1657328773461.31,-2.81469807668464,2.87829723647885,1782.876875,62.6681333333334,28.449497059643253,100.65,110.8,6624.152,0.0,0.0,0,0,0,0,0,0
2018,09,Belarus,Russian Federation,BLR,RUS,Belarus,BLR,import,2496.25,2520.3880000000004,0.99042290314031,,60031026576.26,1657328773461.31,4.8723022055069,2.87829723647885,2.03760833333333,62.6681333333334,0.032514265623570425,109.25,110.8,686.9657,1.0,0.0,0,0,0,1,0,1
2018,09,Cambodia,Russian Federation,KHM,RUS,Cambodia,KHM,import,99.286,13.881,7.152654707874072,,33145892168.8958,1657328773461.31,2.45908515380142,2.87829723647885,4051.16690028162,62.6681333333334,64.64476736100244,134.94,110.8,7534.794,0.0,0.0,0,0,0,0,0,0
2018,09,Cameroon,Russian Federation,CMR,RUS,Cameroon,CMR,import,929.984,340.561,2.730741335619757,,39955552189.795,1657328773461.31,1.0688581131292,2.87829723647885,555.446458398226,62.6681333333334,8.863299875932032,93.78,110.8,6231.046,0.0,0.0,0,0,0,0,0,0
2018,09,Canada,Russian Federation,CAN,RUS,Canada,CAN,import,15.013,2.008,7.476593625498008,,1725329192783.02,1657328773461.31,2.26822567248104,2.87829723647885,1.29581792813534,62.6681333333334,0.020677461721140652,104.64,110.8,7495.521,0.0,0.0,1,1,0,0,0,0
2018,09,Sri Lanka,Russian Federation,LKA,RUS,Sri Lanka,LKA,import,149926.471,33051.639,4.536128178091258,,94450015982.8405,1657328773461.31,2.13503773713198,2.87829723647885,162.464858736778,62.6681333333334,2.5924636668627623,106.69,110.8,6576.936,0.0,0.0,0,0,0,0,0,0
2018,09,China,Russian Federation,CHN,RUS,China,CHN,import,72154.578,29290.038,2.463451157011131,,14147765772963.8,1657328773461.31,2.07479039965575,2.87829723647885,6.61595717735439,62.6681333333334,0.10557131392703122,123.05,110.8,5795.045,1.0,0.0,0,0,0,0,1,0
2018,09,Colombia,Russian Federation,COL,RUS,Colombia,COL,import,12403.289999999999,4484.058,2.766085987290976,,334198218098.276,1657328773461.31,3.2405693293057,2.87829723647885,2955.70396997842,62.6681333333334,47.164385035324976,106.55,110.8,10979.1,0.0,0.0,0,0,0,0,0,0
2018,09,Comoros,Russian Federation,COM,RUS,Comoros,COM,import,266.22,36.025,7.3898681471200565,,1188797449.96029,1657328773461.31,,2.87829723647885,416.584843798676,62.6681333333334,6.647474906949128,,110.8,7521.362,0.0,0.0,0,0,0,0,0,0
2018,09,Congo,Russian Federation,COG,RUS,Congo,COG,import,149.961,61.316,2.445707482549416,,14773900288.5135,1657328773461.31,1.15277896375524,2.87829723647885,555.446458398226,62.6681333333334,8.863299875932032,108.4,110.8,6985.611,0.0,0.0,0,0,0,0,0,0
2018,09,Dem. Rep. of the Congo,Russian Federation,COD,RUS,Dem. Rep. of the Congo,COD,import,150.545,57.6,2.613628472222222,,47568210009.8172,1657328773461.31,,2.87829723647885,1622.52350162292,62.6681333333334,25.890726519532283,,110.8,,,,0,0,0,0,0,0
2018,09,Costa Rica,Russian Federation,CRI,RUS,Costa Rica,CRI,import,611.409,175.187,3.4900363611455183,,62420164991.5444,1657328773461.31,2.22111461526584,2.87829723647885,576.97250124808,62.6681333333334,9.206792520516744,108.69,110.8,10967.48,0.0,0.0,0,0,0,0,0,0
2018,09,Croatia,Russian Federation,HRV,RUS,Croatia,HRV,import,68.399,10.15,6.738817733990148,,61668130122.5878,1657328773461.31,1.50012501041755,2.87829723647885,6.27902525,62.6681333333334,0.10019486644993404,106.7,110.8,1875.36,0.0,0.0,1,1,1,0,0,0
2018,09,Cuba,Russian Federation,CUB,RUS,Cuba,CUB,import,299.843,46.471000000000004,6.452260549590067,,100050036096.123,1657328773461.31,,2.87829723647885,,62.6681333333334,,,110.8,9603.391,0.0,0.0,0,0,0,0,0,0
2018,09,Cyprus,Russian Federation,CYP,RUS,Cyprus,CYP,import,21.086,4.2139999999999995,5.003796867584243,,25754001367.5448,1657328773461.31,1.43549119531763,2.87829723647885,0.846772667108111,62.6681333333334,0.01351201355566322,132.52,110.8,2316.67,0.0,0.0,1,0,1,0,0,0
2018,09,Czechia,Russian Federation,CZE,RUS,Czechia,CZE,import,278.083,19.496,14.263592531801397,,251992360762.236,1657328773461.31,2.14949494949498,2.87829723647885,21.7299166666667,62.6681333333334,0.34674587403273555,114.93,110.8,1673.0,0.0,0.0,1,1,1,0,0,0
2018,09,Denmark,Russian Federation,DNK,RUS,Denmark,DNK,import,96.177,13.757,6.991131787453661,,355293374912.393,1657328773461.31,0.813609467455621,2.87829723647885,6.31461878666667,62.6681333333334,0.10076283512513531,111.0,110.8,1566.362,0.0,0.0,1,1,1,0,0,0
2018,09,Dominican Rep.,Russian Federation,DOM,RUS,Dominican Rep.,DOM,import,354.204,41.832,8.467297762478486,,84994732049.3461,1657328773461.31,3.5644342601351,2.87829723647885,49.5099928571429,62.6681333333334,0.7900345873364056,111.48,110.8,9365.754,0.0,0.0,0,0,0,0,0,0
2018,09,Ecuador,Russian Federation,ECU,RUS,Ecuador,ECU,import,110.73100000000001,6.981,15.861767655063746,,107478961000.0,1657328773461.31,-0.224103246005501,2.87829723647885,1.0,62.6681333333334,0.015957073345091905,105.75,110.8,11640.42,0.0,0.0,0,0,0,0,0,0
2018,09,El Salvador,Russian Federation,SLV,RUS,El Salvador,SLV,import,25.024,6.653,3.7613106869081623,,26020850000.0,1657328773461.31,1.09033000581892,2.87829723647885,1.0,62.6681333333334,0.015957073345091905,103.09,110.8,10866.28,0.0,0.0,0,0,0,0,0,0
2018,09,Ethiopia,Russian Federation,ETH,RUS,Ethiopia,ETH,import,12444.523,3148.327,3.952741567187906,,84269180856.9147,1657328773461.31,13.8330356586661,2.87829723647885,27.4293865941667,62.6681333333334,0.43769273369399875,,110.8,5198.625,0.0,0.0,0,0,0,0,0,0
2018,09,Estonia,Russian Federation,EST,RUS,Estonia,EST,import,4309.732,638.356,6.751298648403085,,31222632740.7247,1657328773461.31,3.43632688420446,2.87829723647885,0.846772667108111,62.6681333333334,0.01351201355566322,111.72,110.8,871.7853,1.0,0.0,1,1,1,0,0,0
2018,09,Finland,Russian Federation,FIN,RUS,Finland,FIN,import,5404.348,925.1129999999999,5.8418247284385805,,273869255596.078,1657328773461.31,1.08382098409304,2.87829723647885,0.846772667108111,62.6681333333334,0.01351201355566322,112.0,110.8,892.6777,1.0,0.0,1,1,1,0,0,0
2018,09,France,Russian Federation,FRA,RUS,France,FRA,import,3136.483,346.424,9.053884834768954,,2781576320884.39,1657328773461.31,1.85081508315501,2.87829723647885,0.846772667108111,62.6681333333334,0.01351201355566322,103.61,110.8,2494.316,0.0,0.0,1,1,1,0,0,0
2018,09,Georgia,Russian Federation,GEO,RUS,Georgia,GEO,import,3579.815,1825.983,1.9604864886474846,,17902544880.6471,1657328773461.31,2.6152447139767,2.87829723647885,2.53411083333333,62.6681333333334,0.040436992432091916,115.71,110.8,1644.856,1.0,0.0,0,0,0,0,0,0
2018,09,State of Palestine,Russian Federation,PSE,RUS,State of Palestine,PSE,import,3.976,0.583,6.819897084048028,,16276600000.0,1657328773461.31,-0.195107773730709,2.87829723647885,,62.6681333333334,,103.29,110.8,,,,0,0,0,0,0,0
2018,09,Germany,Russian Federation,DEU,RUS,Germany,DEU,import,51130.741,7051.0019999999995,7.251556729100347,,4052008447223.53,1657328773461.31,1.73216879766948,2.87829723647885,0.846772667108111,62.6681333333334,0.01351201355566322,104.95,110.8,2065.183,0.0,0.0,1,1,1,0,0,0
2018,09,Greece,Russian Federation,GRC,RUS,Greece,GRC,import,339.345,49.747,6.82141636681609,,213298873494.394,1657328773461.31,0.625621413453609,2.87829723647885,0.846772667108111,62.6681333333334,0.01351201355566322,109.11,110.8,2233.583,0.0,0.0,1,1,1,0,0,0
2018,09,Grenada,Russian Federation,GRD,RUS,Grenada,GRD,import,9.073,0.433,20.953810623556585,,1166514814.81481,1657328773461.31,0.804102313277022,2.87829723647885,2.7,62.6681333333334,0.04308409803174815,,110.8,9489.634,0.0,0.0,0,0,0,0,0,0
2018,09,Guatemala,Russian Federation,GTM,RUS,Guatemala,GTM,import,2519.846,826.6700000000001,3.0481885153688895,,73328365862.4329,1657328773461.31,3.75186186704505,2.87829723647885,7.51916458333333,62.6681333333334,0.11998386075006737,109.53,110.8,10835.78,0.0,0.0,0,0,0,0,0,0
2018,09,Honduras,Russian Federation,HND,RUS,Honduras,HND,import,12757.78,5281.652,2.4154904563950828,,24067750760.499,1657328773461.31,4.34734937777525,2.87829723647885,23.9027282925432,62.6681333333334,0.38141758851191526,111.54,110.8,10729.13,0.0,0.0,0,0,0,0,0,0
2018,09,"China, Hong Kong SAR",Russian Federation,HKG,RUS,"China, Hong Kong SAR",HKG,import,2.579,0.387,6.664082687338501,,361731070995.726,1657328773461.31,2.40613432046534,2.87829723647885,7.8385,62.6681333333334,0.1250795194155029,101.28,110.8,7145.355,0.0,0.0,0,0,0,0,0,0
2018,09,Hungary,Russian Federation,HUN,RUS,Hungary,HUN,import,12.493,2.7249999999999996,4.584587155963304,,161184691013.835,1657328773461.31,2.8502479259464,2.87829723647885,270.211666666667,62.6681333333334,4.311787383699531,109.89,110.8,1574.19,0.0,0.0,1,0,1,0,0,0
2018,09,Indonesia,Russian Federation,IDN,RUS,Indonesia,IDN,import,27998.194,12246.576000000001,2.2862058750135548,,1042271532988.63,1657328773461.31,3.19834755924998,2.87829723647885,14236.9387734818,62.6681333333334,227.17987621803186,113.35,110.8,9302.706,0.0,0.0,0,0,0,0,0,0
2018,09,Iran,Russian Federation,IRN,RUS,Iran,IRN,import,3896.3430000000003,1641.3849999999998,2.373814187408805,,398880231367.268,1657328773461.31,18.0141183371874,2.87829723647885,40864.329009777,62.6681333333334,652.0750952069785,,110.8,2466.589,0.0,0.0,0,0,0,0,0,0
2018,09,Ireland,Russian Federation,IRL,RUS,Ireland,IRL,import,19.708,1.586,12.42622950819672,,395461216460.418,1657328773461.31,0.471130713712891,2.87829723647885,0.846772667108111,62.6681333333334,0.01351201355566322,106.63,110.8,2802.315,0.0,0.0,1,1,1,0,0,0
2018,09,Israel,Russian Federation,ISR,RUS,Israel,ISR,import,931.588,142.15300000000002,6.55341779631805,,376299083108.497,1657328773461.31,0.805060379528465,2.87829723647885,3.59055812689938,62.6681333333334,0.05729479938074922,104.01,110.8,2643.989,0.0,0.0,0,0,0,0,0,0
2018,09,Italy,Russian Federation,ITA,RUS,Italy,ITA,import,73637.894,12723.466999999999,5.787565134565917,,2099435266458.67,1657328773461.31,1.13748763600396,2.87829723647885,0.846772667108111,62.6681333333334,0.01351201355566322,106.98,110.8,2383.171,0.0,0.0,1,1,1,0,0,0
2018,09,CÃ´te d'Ivoire,Russian Federation,CIV,RUS,CÃ´te d'Ivoire,CIV,import,2.912,0.1,29.119999999999997,,58522477786.6889,1657328773461.31,0.3594090313807,2.87829723647885,555.446458398226,62.6681333333334,8.863299875932032,127.05,110.8,6715.534,0.0,0.0,0,0,0,0,0,0
2018,09,Jamaica,Russian Federation,JAM,RUS,Jamaica,JAM,import,36.794,0.59,62.362711864406776,,15730792876.2656,1657328773461.31,3.73663882152162,2.87829723647885,128.87151906466,62.6681333333334,2.0564122818081896,110.24,110.8,9806.688,0.0,0.0,0,0,0,0,0,0
2018,09,Japan,Russian Federation,JPN,RUS,Japan,JPN,import,1157.815,128.204,9.031036473120963,,5040880939324.86,1657328773461.31,0.989094598021811,2.87829723647885,110.42317934106,62.6681333333334,1.762030771743532,103.69,110.8,7486.303,0.0,0.0,1,1,0,0,0,0
2018,09,Kazakhstan,Russian Federation,KAZ,RUS,Kazakhstan,KAZ,import,11715.367,2313.047,5.064906592905375,,179339977690.485,1657328773461.31,6.16366247577756,2.87829723647885,344.705833333333,62.6681333333334,5.50049626498102,99.13,110.8,3104.607,1.0,1.0,0,0,0,1,0,1
2018,09,Jordan,Russian Federation,JOR,RUS,Jordan,JOR,import,6.0809999999999995,1.506,4.037848605577689,,43370860704.2254,1657328773461.31,4.46231108475482,2.87829723647885,0.71,62.6681333333334,0.011329522075015253,85.93,110.8,2652.505,0.0,0.0,0,0,0,0,0,0
2018,09,Kenya,Russian Federation,KEN,RUS,Kenya,KEN,import,66758.336,22374.934,2.9836215829731607,,92202979985.2863,1657328773461.31,4.68980646776328,2.87829723647885,101.301574049018,62.6681333333334,1.616476647073439,107.51,110.8,6348.253,0.0,0.0,0,0,0,0,0,0
2018,09,Rep. of Korea,Russian Federation,KOR,RUS,Rep. of Korea,KOR,import,370.426,152.912,2.4224782881657423,,1725373496825.43,1657328773461.31,1.47583935002644,2.87829723647885,1100.16333333333,62.6681333333334,17.55538700158074,,110.8,6614.064,0.0,0.0,1,0,0,0,0,0
2018,09,Kyrgyzstan,Russian Federation,KGZ,RUS,Kyrgyzstan,KGZ,import,606.432,302.596,2.0040978730716863,,8271106235.41552,1657328773461.31,1.5426614523843,2.87829723647885,68.840320327701,62.6681333333334,1.098490040568746,120.2,110.8,2985.871,0.0,1.0,0,0,0,1,0,1
2018,09,Lao People's Dem. Rep.,Russian Federation,LAO,RUS,Lao People's Dem. Rep.,LAO,import,19.966,7.738,2.5802532954251745,,18141641089.7963,1657328773461.31,2.04039266890203,2.87829723647885,8401.33476613966,62.6681333333334,134.06071505996113,114.43,110.8,6809.734,0.0,0.0,0,0,0,0,0,0
2018,09,Lebanon,Russian Federation,LBN,RUS,Lebanon,LBN,import,28.907,5.598999999999999,5.162886229683873,,54901519155.5556,1657328773461.31,6.07698907889611,2.87829723647885,1507.5,62.6681333333334,24.05528806772605,,110.8,2441.484,0.0,0.0,0,0,0,0,0,0
2018,09,Latvia,Russian Federation,LVA,RUS,Latvia,LVA,import,1956.952,388.421,5.03822398891924,,33247935477.3576,1657328773461.31,2.53445424186594,2.87829723647885,0.846772667108111,62.6681333333334,0.01351201355566322,117.22,110.8,847.8519,1.0,0.0,1,1,1,0,0,0
2018,09,Lithuania,Russian Federation,LTU,RUS,Lithuania,LTU,import,9877.552,427.53,23.1037634785863,,54261795148.5372,1657328773461.31,2.69792779208392,2.87829723647885,0.846772667108111,62.6681333333334,0.01351201355566322,115.96,110.8,794.0689,1.0,0.0,1,1,1,0,0,0
2018,09,Madagascar,Russian Federation,MDG,RUS,Madagascar,MDG,import,1980.7730000000001,138.11200000000002,14.34178782437442,,13760033282.2925,1657328773461.31,8.59422958870479,2.87829723647885,3334.75225490196,62.6681333333334,53.212886319181194,,110.8,8356.116,0.0,0.0,0,0,0,0,0,0
2018,09,Malawi,Russian Federation,MWI,RUS,Malawi,MWI,import,1654.476,741.153,2.232300213316279,,9879231591.52434,1657328773461.31,12.420178108921,2.87829723647885,732.333333333333,62.6681333333334,11.685896713055634,110.32,110.8,7767.932,0.0,0.0,0,0,0,0,0,0
2018,09,Malaysia,Russian Federation,MYS,RUS,Malaysia,MYS,import,376.33099999999996,48.526,7.7552446111362965,,358788845712.53,1657328773461.31,0.884709160571202,2.87829723647885,4.03513013706806,62.6681333333334,0.06438886755418578,116.01,110.8,8130.454,0.0,0.0,0,0,0,0,0,0
2018,09,Mexico,Russian Federation,MEX,RUS,Mexico,MEX,import,4379.667,1405.525,3.1160363565215845,,1256300182775.8,1657328773461.31,4.89935015356547,2.87829723647885,19.2443416666667,62.6681333333334,0.30708337145300874,104.9,110.8,10736.3,0.0,0.0,0,0,0,0,0,0
2018,09,"Other Asia, nes",Russian Federation,S19,RUS,"Other Asia, nes",S19,import,108.33200000000001,6.503,16.658772874058126,,,1657328773461.31,,2.87829723647885,,62.6681333333334,,,110.8,,,,0,0,0,0,0,0
2018,09,Mongolia,Russian Federation,MNG,RUS,Mongolia,MNG,import,13.568999999999999,5.602,2.4221706533380933,,13178094720.4986,1657328773461.31,6.82424790145522,2.87829723647885,2472.48405114235,62.6681333333334,39.45360934864844,121.29,110.8,4632.875,1.0,0.0,0,0,0,0,0,0
2018,09,Rep. of Moldova,Russian Federation,MDA,RUS,Rep. of Moldova,MDA,import,7.354,2.673,2.7512158623269736,,11252353420.8798,1657328773461.31,3.04505397337069,2.87829723647885,16.8020517223502,62.6681333333334,0.2681115716815699,109.48,110.8,1150.314,0.0,0.0,0,0,0,0,0,1
2018,09,Morocco,Russian Federation,MAR,RUS,Morocco,MAR,import,159.30800000000002,7.87,20.242439644218553,,127341147581.818,1657328773461.31,1.80391671141895,2.87829723647885,9.38610242091972,62.6681333333334,0.14977472475516068,110.62,110.8,4156.454,0.0,0.0,0,0,0,0,0,0
2018,09,Namibia,Russian Federation,NAM,RUS,Namibia,NAM,import,0.011,0.003,3.6666666666666665,,13682019076.4022,1657328773461.31,4.2915910533787,2.87829723647885,13.2339416666667,62.6681333333334,0.21117497781966835,107.77,110.8,8932.264,0.0,0.0,0,0,0,0,0,0
2018,09,Nepal,Russian Federation,NPL,RUS,Nepal,NPL,import,840.469,302.65600000000006,2.7769778230069777,,33111525237.149,1657328773461.31,4.0611633875107,2.87829723647885,108.930134109273,62.6681333333334,1.738206139472367,130.12,110.8,4889.868,0.0,0.0,0,0,0,0,0,0
2018,09,Netherlands,Russian Federation,NLD,RUS,Netherlands,NLD,import,13927.493,3736.487,3.7274298023785444,,929733599796.862,1657328773461.31,1.70349794744475,2.87829723647885,0.846772667108111,62.6681333333334,0.01351201355566322,110.11,110.8,2155.229,0.0,0.0,1,1,1,0,0,0
2018,09,Nicaragua,Russian Federation,NIC,RUS,Nicaragua,NIC,import,5477.793,1796.184,3.0496836626982535,,13025221974.232,1657328773461.31,4.94723728039881,2.87829723647885,31.5532123338754,62.6681333333334,0.5034969234849084,107.74,110.8,10876.95,0.0,0.0,0,0,0,0,0,0
2018,09,Nigeria,Russian Federation,NGA,RUS,Nigeria,NGA,import,364.83399999999995,259.84,1.4040717364532018,,421739251509.08,1657328773461.31,12.0951065173432,2.87829723647885,306.083688245234,62.6681333333334,4.884199863065444,97.38,110.8,6263.33,0.0,0.0,0,0,0,0,0,0
2018,09,Norway,Russian Federation,NOR,RUS,Norway,NOR,import,7.558,0.27899999999999997,27.089605734767026,,439788625883.8,1657328773461.31,2.76483134528787,2.87829723647885,8.1325,62.6681333333334,0.12977089897895994,96.71,110.8,1649.799,1.0,0.0,1,1,0,0,0,0
2018,09,Pakistan,Russian Federation,PAK,RUS,Pakistan,PAK,import,0.749,0.202,3.7079207920792077,,356128166704.921,1657328773461.31,5.07805725868913,2.87829723647885,121.824068875756,62.6681333333334,1.9439556022479665,111.87,110.8,3658.638,0.0,0.0,0,0,0,0,0,0
2018,09,Panama,Russian Federation,PAN,RUS,Panama,PAN,import,189.227,7.086,26.70434659892746,,67316471200.0,1657328773461.31,0.761578359399968,2.87829723647885,1.0,62.6681333333334,0.015957073345091905,105.13,110.8,10819.55,0.0,0.0,0,0,0,0,0,0
2018,09,Papua New Guinea,Russian Federation,PNG,RUS,Papua New Guinea,PNG,import,3066.357,1136.321,2.6984954075476915,,24109780708.0268,1657328773461.31,4.37448921453165,2.87829723647885,3.2934630812508,62.6681333333334,0.052554031946871395,100.33,110.8,12100.54,0.0,0.0,0,0,0,0,0,0
2018,09,Paraguay,Russian Federation,PRY,RUS,Paraguay,PRY,import,40.447,8.635,4.684076433121019,,40225448340.6322,1657328773461.31,3.97561015740694,2.87829723647885,5732.10455572912,62.6681333333334,91.46761281750503,113.69,110.8,12642.6,0.0,0.0,0,0,0,0,0,0
2018,09,Peru,Russian Federation,PER,RUS,Peru,PER,import,3276.38,1559.2910000000002,2.101198557549553,,222597009739.235,1657328773461.31,1.50915423024742,2.87829723647885,3.28660269803296,62.6681333333334,0.05244456030868889,104.26,110.8,12666.63,0.0,0.0,0,0,0,0,0,0
2018,09,Poland,Russian Federation,POL,RUS,Poland,POL,import,16038.581999999999,1606.709,9.98225689904021,,594616632477.019,1657328773461.31,1.81295156542687,2.87829723647885,3.61171666666667,62.6681333333334,0.057632427751690904,118.16,110.8,1156.427,1.0,0.0,1,1,1,0,0,0
2018,09,Portugal,Russian Federation,PRT,RUS,Portugal,PRT,import,4087.98,907.033,4.5069804516483964,,242092894542.888,1657328773461.31,0.99371568346828,2.87829723647885,0.846772667108111,62.6681333333334,0.01351201355566322,102.54,110.8,3913.34,0.0,0.0,1,1,1,0,0,0
2018,09,Romania,Russian Federation,ROU,RUS,Romania,ROU,import,15.222999999999999,5.1530000000000005,2.9542014360566657,,243468683030.34,1657328773461.31,4.62548443137774,2.87829723647885,3.94161666666667,62.6681333333334,0.06289666624823673,118.42,110.8,,,,1,1,1,0,0,0
2018,09,Russian Federation,Afghanistan,RUS,AFG,Afghanistan,AFG,export,3.2720000000000002,0.363,9.013774104683197,2.0010000000000003,18053222687.4126,1657328773461.31,0.626149149168802,2.87829723647885,72.083247177304,62.6681333333334,1.1502376621606292,,110.8,3367.526,0.0,0.0,0,0,0,0,0,0
2018,09,Russian Federation,Azerbaijan,RUS,AZE,Azerbaijan,AZE,export,3798.6340000000005,762.551,4.981481894325757,203.07700000000023,47112470051.7701,1657328773461.31,2.26854690373999,2.87829723647885,1.70001666666667,62.6681333333334,0.027127290637878713,107.05,110.8,1930.747,1.0,0.0,0,0,0,0,0,1
2018,09,Russian Federation,Australia,RUS,AUS,Australia,AUS,export,564.163,91.191,6.186608327576186,563.968,1427809041019.44,1657328773461.31,1.91140094445694,2.87829723647885,1.33841214646451,62.6681333333334,0.021357140787096076,100.28,110.8,14503.07,0.0,0.0,1,1,0,0,0,0
2018,09,Russian Federation,Austria,RUS,AUT,Austria,AUT,export,139.043,166.3,0.8360974143114852,-20120.548,452582294972.775,1657328773461.31,1.99837981429547,2.87829723647885,0.846772667108111,62.6681333333334,0.01351201355566322,112.12,110.8,1675.699,0.0,0.0,1,1,1,0,0,0
2018,09,Russian Federation,Bangladesh,RUS,BGD,Bangladesh,BGD,export,221.712,581.325,0.3813907882853825,221.712,321362752441.78,1657328773461.31,5.54362139486472,2.87829723647885,83.4662019166666,62.6681333333334,1.3318763058204997,149.17,110.8,5548.405,0.0,0.0,0,0,0,0,0,0
2018,09,Russian Federation,Armenia,RUS,ARM,Armenia,ARM,export,2607.204,418.51599999999996,6.229639965975018,-642.8700000000003,12457940694.7395,1657328773461.31,2.52023382001632,2.87829723647885,482.987946590235,62.6681333333334,7.7070740885357125,153.12,110.8,1803.035,0.0,0.0,0,0,0,1,0,1
2018,09,Russian Federation,Belgium,RUS,BEL,Belgium,BEL,export,0.933,0.027,34.55555555555556,-3970.1530000000002,542638913427.921,1657328773461.31,2.05316499865184,2.87829723647885,0.846772667108111,62.6681333333334,0.01351201355566322,108.34,110.8,2261.25,0.0,0.0,1,1,1,0,0,0
2018,09,Russian Federation,Bosnia Herzegovina,RUS,BIH,Bosnia Herzegovina,BIH,export,0.705,0.602,1.1710963455149501,0.5149999999999999,20484053868.9246,1657328773461.31,1.41710814018034,2.87829723647885,1.65698544113543,62.6681333333334,0.026440638215947523,107.29,110.8,1902.116,0.0,0.0,0,0,0,0,0,0
2018,09,Russian Federation,Brunei Darussalam,RUS,BRN,Brunei Darussalam,BRN,export,2.081,0.184,11.309782608695652,2.081,13566908401.1864,1657328773461.31,1.02505179290213,2.87829723647885,1.34891856542537,62.6681333333334,0.021524792485048783,107.63,110.8,8767.516,0.0,0.0,0,0,0,0,0,0
2018,09,Russian Federation,Bulgaria,RUS,BGR,Bulgaria,BGR,export,73.697,54.446999999999996,1.3535548331404854,-206.296,66251582035.9412,1657328773461.31,2.8145447382483,2.87829723647885,1.65704166666667,62.6681333333334,0.02644153541087339,112.25,110.8,1785.898,0.0,0.0,1,1,1,0,0,0
2018,09,Russian Federation,Myanmar,RUS,MMR,Myanmar,MMR,export,55.94,123.9,0.45149313962873283,-3.2010000000000076,67860515989.517,1657328773461.31,6.87232865662918,2.87829723647885,1429.80797520107,62.6681333333334,22.815550729680822,167.59,110.8,6526.041,0.0,0.0,0,0,0,0,0,0
2018,09,Russian Federation,Belarus,RUS,BLR,Belarus,BLR,export,41774.238000000005,8414.653,4.964463537593292,39277.988000000005,60031026576.26,1657328773461.31,4.8723022055069,2.87829723647885,2.03760833333333,62.6681333333334,0.032514265623570425,109.25,110.8,686.9657,1.0,0.0,0,0,0,1,0,1
2018,09,Russian Federation,Canada,RUS,CAN,Canada,CAN,export,148.407,13.273000000000001,11.181119566036314,133.394,1725329192783.02,1657328773461.31,2.26822567248104,2.87829723647885,1.29581792813534,62.6681333333334,0.020677461721140652,104.64,110.8,7495.521,0.0,0.0,1,1,0,0,0,0
2018,09,Russian Federation,Central African Rep.,RUS,CAF,Central African Rep.,CAF,export,0.341,0.111,3.0720720720720722,0.341,2220979146.11241,1657328773461.31,1.61215686991552,2.87829723647885,555.446458398226,62.6681333333334,8.863299875932032,,110.8,5965.032,0.0,0.0,0,0,0,0,0,0
2018,09,Russian Federation,Sri Lanka,RUS,LKA,Sri Lanka,LKA,export,3128.548,6788.45,0.46086337823803664,-146797.92299999998,94450015982.8405,1657328773461.31,2.13503773713198,2.87829723647885,162.464858736778,62.6681333333334,2.5924636668627623,106.69,110.8,6576.936,0.0,0.0,0,0,0,0,0,0
2018,09,Russian Federation,China,RUS,CHN,China,CHN,export,551.725,68.557,8.047682949954053,-71602.85299999999,14147765772963.8,1657328773461.31,2.07479039965575,2.87829723647885,6.61595717735439,62.6681333333334,0.10557131392703122,123.05,110.8,5795.045,1.0,0.0,0,0,0,0,1,0
2018,09,Russian Federation,Croatia,RUS,HRV,Croatia,HRV,export,0.02,0.001,20.0,-68.379,61668130122.5878,1657328773461.31,1.50012501041755,2.87829723647885,6.27902525,62.6681333333334,0.10019486644993404,106.7,110.8,1875.36,0.0,0.0,1,1,1,0,0,0
2018,09,Russian Federation,Cuba,RUS,CUB,Cuba,CUB,export,3.327,0.227,14.656387665198237,-296.516,100050036096.123,1657328773461.31,,2.87829723647885,,62.6681333333334,,,110.8,9603.391,0.0,0.0,0,0,0,0,0,0
2018,09,Russian Federation,Cyprus,RUS,CYP,Cyprus,CYP,export,57.124,0.35,163.2114285714286,36.038000000000004,25754001367.5448,1657328773461.31,1.43549119531763,2.87829723647885,0.846772667108111,62.6681333333334,0.01351201355566322,132.52,110.8,2316.67,0.0,0.0,1,0,1,0,0,0
2018,09,Russian Federation,Czechia,RUS,CZE,Czechia,CZE,export,196.837,41.999,4.686706826353008,-81.24600000000004,251992360762.236,1657328773461.31,2.14949494949498,2.87829723647885,21.7299166666667,62.6681333333334,0.34674587403273555,114.93,110.8,1673.0,0.0,0.0,1,1,1,0,0,0
2018,09,Russian Federation,Denmark,RUS,DNK,Denmark,DNK,export,1.3920000000000001,0.02,69.60000000000001,-94.78500000000001,355293374912.393,1657328773461.31,0.813609467455621,2.87829723647885,6.31461878666667,62.6681333333334,0.10076283512513531,111.0,110.8,1566.362,0.0,0.0,1,1,1,0,0,0
2018,09,Russian Federation,Dominican Rep.,RUS,DOM,Dominican Rep.,DOM,export,47.478,15.52,3.0591494845360825,-306.726,84994732049.3461,1657328773461.31,3.5644342601351,2.87829723647885,49.5099928571429,62.6681333333334,0.7900345873364056,111.48,110.8,9365.754,0.0,0.0,0,0,0,0,0,0
2018,09,Russian Federation,Estonia,RUS,EST,Estonia,EST,export,1005.275,142.164,7.071234630426831,-3304.457,31222632740.7247,1657328773461.31,3.43632688420446,2.87829723647885,0.846772667108111,62.6681333333334,0.01351201355566322,111.72,110.8,871.7853,1.0,0.0,1,1,1,0,0,0
2018,09,Russian Federation,Finland,RUS,FIN,Finland,FIN,export,23.183,7.094,3.2679729348745417,-5381.165,273869255596.078,1657328773461.31,1.08382098409304,2.87829723647885,0.846772667108111,62.6681333333334,0.01351201355566322,112.0,110.8,892.6777,1.0,0.0,1,1,1,0,0,0
2018,09,Russian Federation,France,RUS,FRA,France,FRA,export,748.886,98.22900000000001,7.623878895234603,-2387.597,2781576320884.39,1657328773461.31,1.85081508315501,2.87829723647885,0.846772667108111,62.6681333333334,0.01351201355566322,103.61,110.8,2494.316,0.0,0.0,1,1,1,0,0,0
2018,09,Russian Federation,Georgia,RUS,GEO,Georgia,GEO,export,3498.1899999999996,1158.371,3.01992194210663,-81.62500000000045,17902544880.6471,1657328773461.31,2.6152447139767,2.87829723647885,2.53411083333333,62.6681333333334,0.040436992432091916,115.71,110.8,1644.856,1.0,0.0,0,0,0,0,0,0
2018,09,Russian Federation,Germany,RUS,DEU,Germany,DEU,export,2999.886,1562.4470000000001,1.9199921661342751,-48130.855,4052008447223.53,1657328773461.31,1.73216879766948,2.87829723647885,0.846772667108111,62.6681333333334,0.01351201355566322,104.95,110.8,2065.183,0.0,0.0,1,1,1,0,0,0
2018,09,Russian Federation,Greece,RUS,GRC,Greece,GRC,export,6.7,1.605,4.174454828660436,-332.64500000000004,213298873494.394,1657328773461.31,0.625621413453609,2.87829723647885,0.846772667108111,62.6681333333334,0.01351201355566322,109.11,110.8,2233.583,0.0,0.0,1,1,1,0,0,0
2018,09,Russian Federation,"China, Hong Kong SAR",RUS,HKG,"China, Hong Kong SAR",HKG,export,0.417,0.085,4.905882352941176,-2.1620000000000004,361731070995.726,1657328773461.31,2.40613432046534,2.87829723647885,7.8385,62.6681333333334,0.1250795194155029,101.28,110.8,7145.355,0.0,0.0,0,0,0,0,0,0
2018,09,Russian Federation,Hungary,RUS,HUN,Hungary,HUN,export,266.611,35.694,7.469350591135765,254.118,161184691013.835,1657328773461.31,2.8502479259464,2.87829723647885,270.211666666667,62.6681333333334,4.311787383699531,109.89,110.8,1574.19,0.0,0.0,1,0,1,0,0,0
2018,09,Russian Federation,Iceland,RUS,ISL,Iceland,ISL,export,0.09,0.024,3.75,0.09,26260850582.0687,1657328773461.31,2.68291768267385,2.87829723647885,108.300176306626,62.6681333333334,1.7281538566112158,104.9,110.8,3316.138,0.0,0.0,1,1,0,0,0,0
2018,09,Russian Federation,Indonesia,RUS,IDN,Indonesia,IDN,export,2581.3579999999997,6721.865999999999,0.38402401952077,-25416.836,1042271532988.63,1657328773461.31,3.19834755924998,2.87829723647885,14236.9387734818,62.6681333333334,227.17987621803186,113.35,110.8,9302.706,0.0,0.0,0,0,0,0,0,0
2018,09,Russian Federation,Iraq,RUS,IRQ,Iraq,IRQ,export,9.042,22.0,0.411,9.042,227367469034.031,1657328773461.31,0.36744148893688,2.87829723647885,1182.75,62.6681333333334,18.87322849890745,102.01,110.8,2548.646,0.0,0.0,0,0,0,0,0,0
2018,09,Russian Federation,Israel,RUS,ISR,Israel,ISR,export,2890.993,382.986,7.54856052179453,1959.405,376299083108.497,1657328773461.31,0.805060379528465,2.87829723647885,3.59055812689938,62.6681333333334,0.05729479938074922,104.01,110.8,2643.989,0.0,0.0,0,0,0,0,0,0
2018,09,Russian Federation,Italy,RUS,ITA,Italy,ITA,export,361.15000000000003,104.348,3.461015064974892,-73276.744,2099435266458.67,1657328773461.31,1.13748763600396,2.87829723647885,0.846772667108111,62.6681333333334,0.01351201355566322,106.98,110.8,2383.171,0.0,0.0,1,1,1,0,0,0
2018,09,Russian Federation,Japan,RUS,JPN,Japan,JPN,export,33.714999999999996,4.099,8.225176872407904,-1124.1000000000001,5040880939324.86,1657328773461.31,0.989094598021811,2.87829723647885,110.42317934106,62.6681333333334,1.762030771743532,103.69,110.8,7486.303,0.0,0.0,1,1,0,0,0,0
2018,09,Russian Federation,Kazakhstan,RUS,KAZ,Kazakhstan,KAZ,export,29665.506999999998,5995.983,4.947563560470401,17950.14,179339977690.485,1657328773461.31,6.16366247577756,2.87829723647885,344.705833333333,62.6681333333334,5.50049626498102,99.13,110.8,3104.607,1.0,1.0,0,0,0,1,0,1
2018,09,Russian Federation,Jordan,RUS,JOR,Jordan,JOR,export,0.092,0.015,6.133333333333334,-5.989,43370860704.2254,1657328773461.31,4.46231108475482,2.87829723647885,0.71,62.6681333333334,0.011329522075015253,85.93,110.8,2652.505,0.0,0.0,0,0,0,0,0,0
2018,09,Russian Federation,Kenya,RUS,KEN,Kenya,KEN,export,18.015,2.127,8.469675599435826,-66740.321,92202979985.2863,1657328773461.31,4.68980646776328,2.87829723647885,101.301574049018,62.6681333333334,1.616476647073439,107.51,110.8,6348.253,0.0,0.0,0,0,0,0,0,0
2018,09,Russian Federation,Dem. People's Rep. of Korea,RUS,PRK,Dem. People's Rep. of Korea,PRK,export,0.004,0.001,4.0,0.004,,1657328773461.31,,2.87829723647885,,62.6681333333334,,106.13,110.8,6418.446,1.0,0.0,0,0,0,0,0,0
2018,09,Russian Federation,Rep. of Korea,RUS,KOR,Rep. of Korea,KOR,export,314.039,32.823,9.56765073271791,-56.387,1725373496825.43,1657328773461.31,1.47583935002644,2.87829723647885,1100.16333333333,62.6681333333334,17.55538700158074,,110.8,6614.064,0.0,0.0,1,0,0,0,0,0
2018,09,Russian Federation,Kuwait,RUS,KWT,Kuwait,KWT,export,42.503,60.093999999999994,0.707275268745632,42.503,138646316321.596,1657328773461.31,0.543133148199583,2.87829723647885,0.301956493524177,62.6681333333334,0.004818341914192062,131.08,110.8,3051.533,0.0,0.0,0,0,0,0,0,0
2018,09,Russian Federation,Kyrgyzstan,RUS,KGZ,Kyrgyzstan,KGZ,export,7056.167,1694.764,4.163510081639686,6449.735000000001,8271106235.41552,1657328773461.31,1.5426614523843,2.87829723647885,68.840320327701,62.6681333333334,1.098490040568746,120.2,110.8,2985.871,0.0,1.0,0,0,0,1,0,1
2018,09,Russian Federation,Latvia,RUS,LVA,Latvia,LVA,export,2458.641,434.55600000000004,5.657823157429652,501.6890000000001,33247935477.3576,1657328773461.31,2.53445424186594,2.87829723647885,0.846772667108111,62.6681333333334,0.01351201355566322,117.22,110.8,847.8519,1.0,0.0,1,1,1,0,0,0
2018,09,Russian Federation,Libya,RUS,LBY,Libya,LBY,export,71.701,0.112,640.1874999999999,71.701,76686029772.1483,1657328773461.31,13.1702038536721,2.87829723647885,1.36496666666667,62.6681333333334,0.021780873213605667,,110.8,3189.875,0.0,0.0,0,0,0,0,0,0
2018,09,Russian Federation,Lithuania,RUS,LTU,Lithuania,LTU,export,1862.4569999999999,167.59,11.11317501044215,-8015.094999999999,54261795148.5372,1657328773461.31,2.69792779208392,2.87829723647885,0.846772667108111,62.6681333333334,0.01351201355566322,115.96,110.8,794.0689,1.0,0.0,1,1,1,0,0,0
2018,09,Russian Federation,Luxembourg,RUS,LUX,Luxembourg,LUX,export,1.26,0.041,30.73170731707317,1.26,71085623495.1145,1657328773461.31,1.52819524307374,2.87829723647885,0.846772667108111,62.6681333333334,0.01351201355566322,108.37,110.8,2214.132,0.0,0.0,1,1,1,0,0,0
2018,09,Russian Federation,Malaysia,RUS,MYS,Malaysia,MYS,export,309.086,600.837,0.5144257094686246,-67.24499999999995,358788845712.53,1657328773461.31,0.884709160571202,2.87829723647885,4.03513013706806,62.6681333333334,0.06438886755418578,116.01,110.8,8130.454,0.0,0.0,0,0,0,0,0,0
2018,09,Russian Federation,Maldives,RUS,MDV,Maldives,MDV,export,5.3870000000000005,0.185,29.118918918918922,5.3870000000000005,5404344162.69888,1657328773461.31,-0.13337338611759,2.87829723647885,15.3908372695852,62.6681333333334,0.2455927191531451,141.47,110.8,6563.114,0.0,0.0,0,0,0,0,0,0
2018,09,Russian Federation,Mali,RUS,MLI,Mali,MLI,export,2085.7250000000004,447.049,4.6655400191030525,2085.7250000000004,20368015381.2413,1657328773461.31,0.299546507387863,2.87829723647885,555.446458398226,62.6681333333334,8.863299875932032,111.07,110.8,6188.962,0.0,0.0,0,0,0,0,0,0
2018,09,Russian Federation,Mauritius,RUS,MUS,Mauritius,MUS,export,11.225,19.85,0.5654911838790931,11.225,14735695930.9727,1657328773461.31,3.21605383144576,2.87829723647885,33.93445,62.6681333333334,0.541494507575354,102.48,110.8,8654.018,0.0,0.0,0,0,0,0,0,0
2018,09,Russian Federation,Mexico,RUS,MEX,Mexico,MEX,export,33.76,23.408,1.4422419685577579,-4345.907,1256300182775.8,1657328773461.31,4.89935015356547,2.87829723647885,19.2443416666667,62.6681333333334,0.30708337145300874,104.9,110.8,10736.3,0.0,0.0,0,0,0,0,0,0
2018,09,Russian Federation,"Other Asia, nes",RUS,S19,"Other Asia, nes",S19,export,1.359,1.01,1.3455445544554456,-106.97300000000001,,1657328773461.31,,2.87829723647885,,62.6681333333334,,,110.8,,,,0,0,0,0,0,0
2018,09,Russian Federation,Mongolia,RUS,MNG,Mongolia,MNG,export,865.556,184.02,4.703597435061407,851.9870000000001,13178094720.4986,1657328773461.31,6.82424790145522,2.87829723647885,2472.48405114235,62.6681333333334,39.45360934864844,121.29,110.8,4632.875,1.0,0.0,0,0,0,0,0,0
2018,09,Russian Federation,Rep. of Moldova,RUS,MDA,Rep. of Moldova,MDA,export,6000.5689999999995,1028.9779999999998,5.831581433227922,5993.214999999999,11252353420.8798,1657328773461.31,3.04505397337069,2.87829723647885,16.8020517223502,62.6681333333334,0.2681115716815699,109.48,110.8,1150.314,0.0,0.0,0,0,0,0,0,1
2018,09,Russian Federation,Montenegro,RUS,MNE,Montenegro,MNE,export,6.697,0.581,11.526678141135973,6.697,5506942238.35668,1657328773461.31,2.61122378263799,2.87829723647885,0.846772667108096,62.6681333333334,0.013512013555662979,100.69,110.8,,,,1,0,0,0,0,0
2018,09,Russian Federation,Morocco,RUS,MAR,Morocco,MAR,export,17.501,42.95,0.40747380675203726,-141.80700000000002,127341147581.818,1657328773461.31,1.80391671141895,2.87829723647885,9.38610242091972,62.6681333333334,0.14977472475516068,110.62,110.8,4156.454,0.0,0.0,0,0,0,0,0,0
2018,09,Russian Federation,Nepal,RUS,NPL,Nepal,NPL,export,317.65,941.23,0.337483930601447,-522.8190000000001,33111525237.149,1657328773461.31,4.0611633875107,2.87829723647885,108.930134109273,62.6681333333334,1.738206139472367,130.12,110.8,4889.868,0.0,0.0,0,0,0,0,0,0
2018,09,Russian Federation,Netherlands,RUS,NLD,Netherlands,NLD,export,612.562,887.78,0.6899930162878191,-13314.931,929733599796.862,1657328773461.31,1.70349794744475,2.87829723647885,0.846772667108111,62.6681333333334,0.01351201355566322,110.11,110.8,2155.229,0.0,0.0,1,1,1,0,0,0
2018,09,Russian Federation,New Zealand,RUS,NZL,New Zealand,NZL,export,0.191,0.051000000000000004,3.745098039215686,0.191,211985631173.205,1657328773461.31,1.59829703801696,2.87829723647885,1.44525833333333,62.6681333333334,0.023062093227605232,106.99,110.8,16774.49,0.0,0.0,1,0,0,0,0,0
2018,09,Russian Federation,Norway,RUS,NOR,Norway,NOR,export,9.134,2.55,3.581960784313726,1.5760000000000005,439788625883.8,1657328773461.31,2.76483134528787,2.87829723647885,8.1325,62.6681333333334,0.12977089897895994,96.71,110.8,1649.799,1.0,0.0,1,1,0,0,0,0
2018,09,Russian Federation,Pakistan,RUS,PAK,Pakistan,PAK,export,600.4350000000001,1795.9850000000001,0.3343207209414333,599.686,356128166704.921,1657328773461.31,5.07805725868913,2.87829723647885,121.824068875756,62.6681333333334,1.9439556022479665,111.87,110.8,3658.638,0.0,0.0,0,0,0,0,0,0
2018,09,Russian Federation,Poland,RUS,POL,Poland,POL,export,2322.339,3951.746,0.5876741571953258,-13716.242999999999,594616632477.019,1657328773461.31,1.81295156542687,2.87829723647885,3.61171666666667,62.6681333333334,0.057632427751690904,118.16,110.8,1156.427,1.0,0.0,1,1,1,0,0,0
2018,09,Russian Federation,Portugal,RUS,PRT,Portugal,PRT,export,0.192,0.015,12.8,-4087.788,242092894542.888,1657328773461.31,0.99371568346828,2.87829723647885,0.846772667108111,62.6681333333334,0.01351201355566322,102.54,110.8,3913.34,0.0,0.0,1,1,1,0,0,0
2018,09,Russian Federation,Qatar,RUS,QAT,Qatar,QAT,export,3699.846,881.427,4.197563723371306,3699.846,183334953818.681,1657328773461.31,0.255815382724384,2.87829723647885,3.64,62.6681333333334,0.05808374697613454,107.63,110.8,3575.788,0.0,0.0,0,0,0,0,0,0
2018,09,Russian Federation,Romania,RUS,ROU,Romania,ROU,export,224.88500000000002,420.168,0.5352263856362217,209.66200000000003,243468683030.34,1657328773461.31,4.62548443137774,2.87829723647885,3.94161666666667,62.6681333333334,0.06289666624823673,118.42,110.8,,,,1,1,1,0,0,0
2018,09,Russian Federation,Saudi Arabia,RUS,SAU,Saudi Arabia,SAU,export,82.67,73.075,1.1313034553540882,81.407,886564800000.0,1657328773461.31,2.45719835917882,2.87829723647885,3.75,62.6681333333334,0.05983902504409465,106.36,110.8,3539.516,0.0,0.0,0,0,0,0,0,0
2018,09,Russian Federation,Serbia,RUS,SRB,Serbia,SRB,export,14.071000000000002,5.896,2.386533242876527,-32.79599999999999,52787520248.9242,1657328773461.31,1.95984076293799,2.87829723647885,100.175075,62.6681333333334,1.5985010191250826,114.58,110.8,,,,0,0,0,0,0,0
2018,09,Russian Federation,India,RUS,IND,India,IND,export,4320.57,11900.84,0.3630474823625895,-128783.677,2702929641648.74,1657328773461.31,3.93882646691633,2.87829723647885,68.3894670935422,62.6681333333334,1.0912957424434022,114.4,110.8,4341.881,0.0,0.0,0,0,0,0,1,0
2018,09,Russian Federation,Singapore,RUS,SGP,Singapore,SGP,export,163.35000000000002,282.437,0.5783590676858911,-829.4069999999999,377123710560.614,1657328773461.31,0.438784215129628,2.87829723647885,1.34884166666667,62.6681333333334,0.021523565405916063,122.54,110.8,8431.775,0.0,0.0,1,0,0,0,0,0
2018,09,Russian Federation,Slovakia,RUS,SVK,Slovakia,SVK,export,24.833,16.459,1.508779391214533,24.476,106611673364.837,1657328773461.31,2.5140371288381,2.87829723647885,0.846772667108111,62.6681333333334,0.01351201355566322,103.53,110.8,1632.621,0.0,0.0,1,1,1,0,0,0
2018,09,Russian Federation,Viet Nam,RUS,VNM,Viet Nam,VNM,export,121.54499999999999,88.12200000000001,1.3792809967998907,-196721.012,310106478394.659,1657328773461.31,3.53962805942638,2.87829723647885,22602.05,62.6681333333334,360.6625695994345,136.47,110.8,6737.911,0.0,0.0,0,0,0,0,0,0
2018,09,Russian Federation,Slovenia,RUS,SVN,Slovenia,SVN,export,8.622,0.504,17.107142857142858,8.622,53689067639.9176,1657328773461.31,1.73860861988179,2.87829723647885,0.846772667108111,62.6681333333334,0.01351201355566322,123.0,110.8,1937.979,0.0,0.0,1,1,1,0,0,0
2018,09,Russian Federation,South Africa,RUS,ZAF,South Africa,ZAF,export,536.98,1019.569,0.5266735257741262,244.89500000000004,405260723892.517,1657328773461.31,4.50987264867393,2.87829723647885,13.2339264715833,62.6681333333334,0.21117473535060807,101.0,110.8,10147.89,0.0,0.0,0,0,0,0,1,0
2018,09,Russian Federation,Spain,RUS,ESP,Spain,ESP,export,2.683,0.16399999999999998,16.359756097560975,-4870.608,1431642809327.06,1657328773461.31,1.67498136863794,2.87829723647885,0.846772667108111,62.6681333333334,0.01351201355566322,107.03,110.8,3449.3,0.0,0.0,1,1,1,0,0,0
2018,09,Russian Federation,Sweden,RUS,SWE,Sweden,SWE,export,0.895,0.086,10.406976744186048,-2535.871,551312498430.164,1657328773461.31,1.95353530127028,2.87829723647885,8.69251833333333,62.6681333333334,0.138707152598556,110.35,110.8,1232.383,0.0,0.0,1,1,1,0,0,0
2018,09,Russian Federation,Switzerland,RUS,CHE,Switzerland,CHE,export,25.212000000000003,4.554,5.536231884057972,-24567.297,725568717468.001,1657328773461.31,0.936335464113563,2.87829723647885,0.977891666666667,62.6681333333334,0.015604289048554171,111.5,110.8,2296.397,0.0,0.0,1,0,0,0,0,0
2018,09,Russian Federation,Tajikistan,RUS,TJK,Tajikistan,TJK,export,1463.5040000000001,397.455,3.682187920645105,1463.5040000000001,7764999999.45362,1657328773461.31,,2.87829723647885,9.15121666666667,62.6681333333334,0.14602663554682752,,110.8,2986.597,0.0,0.0,0,0,0,0,0,1
2018,09,Russian Federation,Thailand,RUS,THA,Thailand,THA,export,179.714,203.832,0.88167706738883,-12.957999999999998,506754208404.485,1657328773461.31,1.06389754183025,2.87829723647885,32.3102257431458,62.6681333333334,0.5155766419798542,107.04,110.8,7067.929,0.0,0.0,0,0,0,0,0,0
2018,09,Russian Federation,Tokelau,RUS,TKL,Tokelau,TKL,export,11.335,5.149,2.2013983297727715,11.335,,1657328773461.31,,2.87829723647885,,62.6681333333334,,,110.8,14218.0,0.0,0.0,0,0,0,0,0,0
2018,09,Russian Federation,United Arab Emirates,RUS,ARE,United Arab Emirates,ARE,export,471.763,976.088,0.48332015146175344,-29358.088,427049432157.931,1657328773461.31,3.06863379251993,2.87829723647885,3.6725,62.6681333333334,0.05860235185985002,114.13,110.8,3739.195,0.0,0.0,0,0,0,0,0,0
2018,09,Russian Federation,Tunisia,RUS,TUN,Tunisia,TUN,export,4.175,20.2,0.20668316831683167,4.135,42686504459.801,1657328773461.31,7.30759176031653,2.87829723647885,2.64686666666667,62.6681333333334,0.04223624553467898,102.21,110.8,2946.28,0.0,0.0,0,0,0,0,0,0
2018,09,Russian Federation,TÃ¼rkiye,RUS,TUR,TÃ¼rkiye,TUR,export,209.77100000000002,367.238,0.5712126740696769,-499.045,778972108040.602,1657328773461.31,16.3324638988928,2.87829723647885,4.82837014720942,62.6681333333334,0.07704665657627292,113.86,110.8,1757.71,0.0,0.0,0,0,0,0,0,0
2018,09,Russian Federation,Turkmenistan,RUS,TKM,Turkmenistan,TKM,export,998.1899999999999,210.427,4.743640312317336,998.1899999999999,40765428571.4286,1657328773461.31,,2.87829723647885,,62.6681333333334,,,110.8,2510.13,0.0,0.0,0,0,0,0,0,1
2018,09,Russian Federation,Ukraine,RUS,UKR,Ukraine,UKR,export,20232.767,3832.495,5.279267683323788,19760.024,130891088293.55,1657328773461.31,10.9518559353178,2.87829723647885,27.2004923333333,62.6681333333334,0.43404025118560957,115.59,110.8,763.4056,1.0,0.0,1,0,0,0,0,0
2018,09,Russian Federation,Egypt,RUS,EGY,Egypt,EGY,export,99.711,338.61199999999997,0.2944697766174855,-825.486,262588632526.73,1657328773461.31,14.4014657807422,2.87829723647885,17.7672904218107,62.6681333333334,0.28351395640438226,109.89,110.8,2905.404,0.0,0.0,0,0,0,0,0,0
2018,09,Russian Federation,United Kingdom,RUS,GBR,United Kingdom,GBR,export,354.343,641.3100000000001,0.5525299777018914,-4511.5869999999995,2871340347581.79,1657328773461.31,2.29283990345937,2.87829723647885,0.749531540259847,62.6681333333334,0.011960329762386085,105.47,110.8,2510.88,0.0,0.0,1,1,1,0,0,0
2018,09,Russian Federation,USA,RUS,USA,USA,USA,export,664.883,82.781,8.031830975706987,-1420.182,20656516000000.0,1657328773461.31,2.44258329692817,2.87829723647885,1.0,62.6681333333334,0.015957073345091905,101.38,110.8,7517.972,0.0,0.0,1,1,0,0,0,0
2018,09,Russian Federation,Burkina Faso,RUS,BFA,Burkina Faso,BFA,export,1117.157,230.144,4.8541652182981085,1117.157,15890066221.2882,1657328773461.31,1.95594302672532,2.87829723647885,555.446458398226,62.6681333333334,8.863299875932032,108.6,110.8,5900.391,0.0,0.0,0,0,0,0,0,0
2018,09,Russian Federation,Uzbekistan,RUS,UZB,Uzbekistan,UZB,export,1514.896,820.8149999999999,1.8455998001985832,-38.615999999999985,58695899092.1083,1657328773461.31,17.5241796514055,2.87829723647885,8069.60623655914,62.6681333333334,128.76729858278526,119.96,110.8,2789.856,0.0,0.0,0,0,0,0,0,1
2018,09,Russian Federation,Yemen,RUS,YEM,Yemen,YEM,export,231.603,532.293,0.43510435042354495,105.56,21606160663.0131,1657328773461.31,,2.87829723647885,214.89,62.6681333333334,3.4290154911267994,,110.8,4525.518,0.0,0.0,0,0,0,0,0,0
2018,09,Rwanda,Russian Federation,RWA,RUS,Rwanda,RWA,import,2524.964,815.817,3.0950127295704797,,9637904518.99702,1657328773461.31,-0.311210160390699,2.87829723647885,861.093412166667,62.6681333333334,13.740530734918961,143.99,110.8,6457.65,0.0,0.0,0,0,0,0,0,0
2018,09,Saudi Arabia,Russian Federation,SAU,RUS,Saudi Arabia,SAU,import,1.263,0.203,6.22167487684729,,886564800000.0,1657328773461.31,2.45719835917882,2.87829723647885,3.75,62.6681333333334,0.05983902504409465,106.36,110.8,3539.516,0.0,0.0,0,0,0,0,0,0
2018,09,Serbia,Russian Federation,SRB,RUS,Serbia,SRB,import,46.867,9.34,5.017880085653105,,52787520248.9242,1657328773461.31,1.95984076293799,2.87829723647885,100.175075,62.6681333333334,1.5985010191250826,114.58,110.8,,,,0,0,0,0,0,0
2018,09,Sierra Leone,Russian Federation,SLE,RUS,Sierra Leone,SLE,import,17.543,8.1,2.1658024691358024,,6390514688.52816,1657328773461.31,16.0295447693698,2.87829723647885,7.93163174973728,62.6681333333334,0.1265656295768174,113.56,110.8,6877.949,0.0,0.0,0,0,0,0,0,0
2018,09,India,Russian Federation,IND,RUS,India,IND,import,133104.247,61449.487,2.1660758046686377,,2702929641648.74,1657328773461.31,3.93882646691633,2.87829723647885,68.3894670935422,62.6681333333334,1.0912957424434022,114.4,110.8,4341.881,0.0,0.0,0,0,0,0,1,0
2018,09,Singapore,Russian Federation,SGP,RUS,Singapore,SGP,import,992.757,33.885,29.297830898627712,,377123710560.614,1657328773461.31,0.438784215129628,2.87829723647885,1.34884166666667,62.6681333333334,0.021523565405916063,122.54,110.8,8431.775,0.0,0.0,1,0,0,0,0,0
2018,09,Slovakia,Russian Federation,SVK,RUS,Slovakia,SVK,import,0.357,0.078,4.576923076923077,,106611673364.837,1657328773461.31,2.5140371288381,2.87829723647885,0.846772667108111,62.6681333333334,0.01351201355566322,103.53,110.8,1632.621,0.0,0.0,1,1,1,0,0,0
2018,09,Viet Nam,Russian Federation,VNM,RUS,Viet Nam,VNM,import,196842.557,61474.712999999996,3.2020085559407168,,310106478394.659,1657328773461.31,3.53962805942638,2.87829723647885,22602.05,62.6681333333334,360.6625695994345,136.47,110.8,6737.911,0.0,0.0,0,0,0,0,0,0
2018,09,South Africa,Russian Federation,ZAF,RUS,South Africa,ZAF,import,292.085,115.08800000000001,2.5379274989573193,,405260723892.517,1657328773461.31,4.50987264867393,2.87829723647885,13.2339264715833,62.6681333333334,0.21117473535060807,101.0,110.8,10147.89,0.0,0.0,0,0,0,0,1,0
2018,09,Zimbabwe,Russian Federation,ZWE,RUS,Zimbabwe,ZWE,import,4236.856,1958.42,2.1634051939829044,,34156057417.3285,1657328773461.31,10.6188658669575,2.87829723647885,,62.6681333333334,,103.28,110.8,8213.716,0.0,0.0,0,0,0,0,0,0
2018,09,Spain,Russian Federation,ESP,RUS,Spain,ESP,import,4873.291,1196.882,4.071655351154082,,1431642809327.06,1657328773461.31,1.67498136863794,2.87829723647885,0.846772667108111,62.6681333333334,0.01351201355566322,107.03,110.8,3449.3,0.0,0.0,1,1,1,0,0,0
2018,09,Sweden,Russian Federation,SWE,RUS,Sweden,SWE,import,2536.766,323.619,7.838742471857338,,551312498430.164,1657328773461.31,1.95353530127028,2.87829723647885,8.69251833333333,62.6681333333334,0.138707152598556,110.35,110.8,1232.383,0.0,0.0,1,1,1,0,0,0
2018,09,Switzerland,Russian Federation,CHE,RUS,Switzerland,CHE,import,24592.509,1107.283,22.209777446235517,,725568717468.001,1657328773461.31,0.936335464113563,2.87829723647885,0.977891666666667,62.6681333333334,0.015604289048554171,111.5,110.8,2296.397,0.0,0.0,1,0,0,0,0,0
2018,09,Syria,Russian Federation,SYR,RUS,Syria,SYR,import,283.01,77.586,3.647694171628902,,21497782867.6426,1657328773461.31,0.940983843906781,2.87829723647885,436.5,62.6681333333334,6.965262515132617,,110.8,2478.709,0.0,0.0,0,0,0,0,0,0
2018,09,Thailand,Russian Federation,THA,RUS,Thailand,THA,import,192.672,51.694,3.7271636940457302,,506754208404.485,1657328773461.31,1.06389754183025,2.87829723647885,32.3102257431458,62.6681333333334,0.5155766419798542,107.04,110.8,7067.929,0.0,0.0,0,0,0,0,0,0
2018,09,United Arab Emirates,Russian Federation,ARE,RUS,United Arab Emirates,ARE,import,29829.851,6274.357,4.75424828392774,,427049432157.931,1657328773461.31,3.06863379251993,2.87829723647885,3.6725,62.6681333333334,0.05860235185985002,114.13,110.8,3739.195,0.0,0.0,0,0,0,0,0,0
2018,09,Tunisia,Russian Federation,TUN,RUS,Tunisia,TUN,import,0.04,0.007,5.714285714285714,,42686504459.801,1657328773461.31,7.30759176031653,2.87829723647885,2.64686666666667,62.6681333333334,0.04223624553467898,102.21,110.8,2946.28,0.0,0.0,0,0,0,0,0,0
2018,09,TÃ¼rkiye,Russian Federation,TUR,RUS,TÃ¼rkiye,TUR,import,708.816,283.228,2.502633920375104,,778972108040.602,1657328773461.31,16.3324638988928,2.87829723647885,4.82837014720942,62.6681333333334,0.07704665657627292,113.86,110.8,1757.71,0.0,0.0,0,0,0,0,0,0
2018,09,Uganda,Russian Federation,UGA,RUS,Uganda,UGA,import,7277.728,1956.067,3.720592392796361,,32927025619.6795,1657328773461.31,2.61601190952271,2.87829723647885,3727.06899484612,62.6681333333334,59.4731133129775,108.85,110.8,6185.184,0.0,0.0,0,0,0,0,0,0
2018,09,Ukraine,Russian Federation,UKR,RUS,Ukraine,UKR,import,472.743,158.682,2.979184784663667,,130891088293.55,1657328773461.31,10.9518559353178,2.87829723647885,27.2004923333333,62.6681333333334,0.43404025118560957,115.59,110.8,763.4056,1.0,0.0,1,0,0,0,0,0
2018,09,North Macedonia,Russian Federation,MKD,RUS,North Macedonia,MKD,import,14.856,11.331,1.3110934604183215,,12683068114.2388,1657328773461.31,1.45831298507117,2.87829723647885,52.1071083333333,62.6681333333334,0.8314769494756492,111.91,110.8,1927.484,0.0,0.0,0,0,0,0,0,0
2018,09,Egypt,Russian Federation,EGY,RUS,Egypt,EGY,import,925.197,592.308,1.5620200976518974,,262588632526.73,1657328773461.31,14.4014657807422,2.87829723647885,17.7672904218107,62.6681333333334,0.28351395640438226,109.89,110.8,2905.404,0.0,0.0,0,0,0,0,0,0
2018,09,United Kingdom,Russian Federation,GBR,RUS,United Kingdom,GBR,import,4865.929999999999,502.833,9.677029948312857,,2871340347581.79,1657328773461.31,2.29283990345937,2.87829723647885,0.749531540259847,62.6681333333334,0.011960329762386085,105.47,110.8,2510.88,0.0,0.0,1,1,1,0,0,0
2018,09,United Rep. of Tanzania,Russian Federation,TZA,RUS,United Rep. of Tanzania,TZA,import,3227.937,2221.224,1.453224438417737,,57003712892.0858,1657328773461.31,3.49445848856184,2.87829723647885,2263.78166666667,62.6681333333334,36.12333009227445,129.84,110.8,6968.894,0.0,0.0,0,0,0,0,0,0
2018,09,USA,Russian Federation,USA,RUS,USA,USA,import,2085.065,147.578,14.128562522869263,,20656516000000.0,1657328773461.31,2.44258329692817,2.87829723647885,1.0,62.6681333333334,0.015957073345091905,101.38,110.8,7517.972,0.0,0.0,1,1,0,0,0,0
2018,09,Uzbekistan,Russian Federation,UZB,RUS,Uzbekistan,UZB,import,1553.512,970.988,1.5999291443354602,,58695899092.1083,1657328773461.31,17.5241796514055,2.87829723647885,8069.60623655914,62.6681333333334,128.76729858278526,119.96,110.8,2789.856,0.0,0.0,0,0,0,0,0,1
2018,09,Yemen,Russian Federation,YEM,RUS,Yemen,YEM,import,126.043,9.003,14.000111074086416,,21606160663.0131,1657328773461.31,,2.87829723647885,214.89,62.6681333333334,3.4290154911267994,,110.8,4525.518,0.0,0.0,0,0,0,0,0,0
2018,09,Zambia,Russian Federation,ZMB,RUS,Zambia,ZMB,import,5.636,0.9,6.262222222222222,,26311507273.6735,1657328773461.31,7.49457192728517,2.87829723647885,10.4583333333333,62.6681333333334,0.16688439206741898,,110.8,7975.7,0.0,0.0,0,0,0,0,0,0
2019,09,Angola,Russian Federation,AGO,RUS,Angola,AGO,import,123.142,61.741,1.9944931245039763,,70897962732.0277,1693115002708.32,17.080954143438,4.47036660760176,364.825804980887,64.7376583333333,5.6354495107376925,115.44,114.76,7535.854,0.0,0.0,0,0,0,0,0,0
2019,09,Azerbaijan,Russian Federation,AZE,RUS,Azerbaijan,AZE,import,2987.3280000000004,677.399,4.409997652786616,,48174235294.1176,1693115002708.32,2.61057182799215,4.47036660760176,1.7,64.7376583333333,0.02625983150713799,119.41,114.76,1930.747,1.0,0.0,0,0,0,0,0,1
2019,09,Argentina,Russian Federation,ARG,RUS,Argentina,ARG,import,2894.5,2892.967,1.0005299058025894,,447754683615.225,1693115002708.32,53.5483043492339,4.47036660760176,48.1478916666667,64.7376583333333,0.7437385427003534,87.06,114.76,13505.36,0.0,0.0,0,0,0,0,0,0
2019,09,Australia,Russian Federation,AUS,RUS,Australia,AUS,import,19.704,1.234,15.967585089141005,,1392723834562.64,1693115002708.32,1.6107678729038,4.47036660760176,1.43850654421382,64.7376583333333,0.022220552631158977,98.32,114.76,14503.07,0.0,0.0,1,1,0,0,0,0
2019,09,Austria,Russian Federation,AUT,RUS,Austria,AUT,import,21857.028,992.702,22.01771327145508,,442983642371.842,1693115002708.32,1.53089564152644,4.47036660760176,0.893276257067409,64.7376583333333,0.013798402352892376,112.47,114.76,1675.699,0.0,0.0,1,1,1,0,0,0
2019,09,Armenia,Russian Federation,ARM,RUS,Armenia,ARM,import,3127.221,608.184,5.141899490943531,,13619290539.2116,1693115002708.32,1.44344660770699,4.47036660760176,480.44512876712,64.7376583333333,7.4214165469704625,163.27,114.76,1803.035,0.0,0.0,0,0,0,1,0,1
2019,09,Belgium,Russian Federation,BEL,RUS,Belgium,BEL,import,3280.805,360.476,9.101313263573719,,536726344405.489,1693115002708.32,1.4368195699643,4.47036660760176,0.893276257067409,64.7376583333333,0.013798402352892376,111.63,114.76,2261.25,0.0,0.0,1,1,1,0,0,0
2019,09,Bolivia (Plurinational State of),Russian Federation,BOL,RUS,Bolivia (Plurinational State of),BOL,import,5.298,0.36,14.716666666666667,,40895322850.9407,1693115002708.32,1.83954504969027,4.47036660760176,6.91,64.7376583333333,0.10673849159666089,119.42,114.76,12518.5,0.0,0.0,0,0,0,0,0,0
2019,09,Bosnia Herzegovina,Russian Federation,BIH,RUS,Bosnia Herzegovina,BIH,import,0.185,0.011,16.81818181818182,,20482608755.379,1693115002708.32,0.562782154061217,4.47036660760176,1.74708646136073,64.7376583333333,0.02698717417866748,102.35,114.76,1902.116,0.0,0.0,0,0,0,0,0,0
2019,09,Brazil,Russian Federation,BRA,RUS,Brazil,BRA,import,88834.76800000001,45639.394,1.9464493327847432,,1873288205059.69,1693115002708.32,3.73297621216898,4.47036660760176,3.9444710972507,64.7376583333333,0.06093008611681123,97.37,114.76,11820.15,0.0,0.0,0,0,0,0,1,0
2019,09,Bulgaria,Russian Federation,BGR,RUS,Bulgaria,BGR,import,302.974,70.279,4.311017515900909,,68634004792.1,1693115002708.32,3.10372944796774,4.47036660760176,1.74704166666667,64.7376583333333,0.026986482236833108,114.24,114.76,1785.898,0.0,0.0,1,1,1,0,0,0
2019,09,Myanmar,Russian Federation,MMR,RUS,Myanmar,MMR,import,9.302,1.056,8.808712121212121,,75065106227.6892,1693115002708.32,8.82506696804562,4.47036660760176,1518.25511666667,64.7376583333333,23.452425616774637,175.56,114.76,6526.041,0.0,0.0,0,0,0,0,0,0
2019,09,Burundi,Russian Federation,BDI,RUS,Burundi,BDI,import,1168.78,342.105,3.416436474181903,,2576518879.82353,1693115002708.32,-0.686772170797372,4.47036660760176,1845.62289069697,64.7376583333333,28.509262432599638,102.88,114.76,6624.152,0.0,0.0,0,0,0,0,0,0
2019,09,Belarus,Russian Federation,BLR,RUS,Belarus,BLR,import,4304.946,3957.4380000000006,1.0878113567414067,,64410170653.4569,1693115002708.32,5.59815595039853,4.47036660760176,2.09178333333333,64.7376583333333,0.032311692872219244,112.42,114.76,686.9657,1.0,0.0,0,0,0,1,0,1
2019,09,Cambodia,Russian Federation,KHM,RUS,Cambodia,KHM,import,154.86599999999999,11.359,13.633770578395984,,36685356407.7206,1693115002708.32,1.94257500833107,4.47036660760176,4061.14896313364,64.7376583333333,62.732404410163255,149.17,114.76,7534.794,0.0,0.0,0,0,0,0,0,0
2019,09,Cameroon,Russian Federation,CMR,RUS,Cameroon,CMR,import,299.25,174.925,1.7107331713591538,,39667757527.6578,1693115002708.32,2.45280214062729,4.47036660760176,585.911013180369,64.7376583333333,9.050543814289997,91.44,114.76,6231.046,0.0,0.0,0,0,0,0,0,0
2019,09,Canada,Russian Federation,CAN,RUS,Canada,CAN,import,24.105999999999998,1.77,13.619209039548021,,1743725183672.52,1693115002708.32,1.94926902411596,4.47036660760176,1.32679336266012,64.7376583333333,0.020494923616613987,104.43,114.76,7495.521,0.0,0.0,1,1,0,0,0,0
2019,09,Sri Lanka,Russian Federation,LKA,RUS,Sri Lanka,LKA,import,133388.14,32552.174999999996,4.0976721217553065,,88998706296.5783,1693115002708.32,3.52839358231813,4.47036660760176,178.744925045848,64.7376583333333,2.7610656555646926,108.11,114.76,6576.936,0.0,0.0,0,0,0,0,0,0
2019,09,Chile,Russian Federation,CHL,RUS,Chile,CHL,import,3.9299999999999997,0.278,14.136690647482013,,278285058719.466,1693115002708.32,2.55754475703329,4.47036660760176,702.897422561529,64.7376583333333,10.857628166627837,102.69,114.76,14153.3,0.0,0.0,0,0,0,0,0,0
2019,09,China,Russian Federation,CHN,RUS,China,CHN,import,71099.083,27840.244,2.5538239894736554,,14560167101283.4,1693115002708.32,2.89923416358229,4.47036660760176,6.90838500992901,64.7376583333333,0.10671354491010211,130.06,114.76,5795.045,1.0,0.0,0,0,0,0,1,0
2019,09,Colombia,Russian Federation,COL,RUS,Colombia,COL,import,19448.234999999997,7545.986,2.5772953991698366,,323031701192.84,1693115002708.32,3.5230193274144,4.47036660760176,3281.62219381788,64.7376583333333,50.69108581161297,108.16,114.76,10979.1,0.0,0.0,0,0,0,0,0,0
2019,09,Comoros,Russian Federation,COM,RUS,Comoros,COM,import,593.784,82.207,7.223034534771979,,1195019531.03664,1693115002708.32,,4.47036660760176,439.463110317875,64.7376583333333,6.788368959147172,,114.76,7521.362,0.0,0.0,0,0,0,0,0,0
2019,09,Congo,Russian Federation,COG,RUS,Congo,COG,import,108.242,38.982,2.7767174593402086,,13976637779.9763,1693115002708.32,2.20607305781522,4.47036660760176,585.911013180369,64.7376583333333,9.050543814289997,122.79,114.76,6985.611,0.0,0.0,0,0,0,0,0,0
2019,09,Dem. Rep. of the Congo,Russian Federation,COD,RUS,Dem. Rep. of the Congo,COD,import,147.193,49.874,2.951297269118178,,51775829877.2088,1693115002708.32,,4.47036660760176,1647.76012727639,64.7376583333333,25.45288429791662,,114.76,,,,0,0,0,0,0,0
2019,09,Costa Rica,Russian Federation,CRI,RUS,Costa Rica,CRI,import,414.474,136.125,3.0448044077134986,,64417670521.3339,1693115002708.32,2.09604635327805,4.47036660760176,587.294595686124,64.7376583333333,9.071915957511969,110.99,114.76,10967.48,0.0,0.0,0,0,0,0,0,0
2019,09,Croatia,Russian Federation,HRV,RUS,Croatia,HRV,import,26.368000000000002,4.9719999999999995,5.3032984714400655,,61467582193.6824,1693115002708.32,0.771820346498037,4.47036660760176,6.62254516666667,64.7376583333333,0.10229818836769285,106.41,114.76,1875.36,0.0,0.0,1,1,1,0,0,0
2019,09,Cuba,Russian Federation,CUB,RUS,Cuba,CUB,import,358.968,60.32,5.95106100795756,,103427600000.0,1693115002708.32,,4.47036660760176,,64.7376583333333,,,114.76,9603.391,0.0,0.0,0,0,0,0,0,0
2019,09,Cyprus,Russian Federation,CYP,RUS,Cyprus,CYP,import,33.845,5.234,6.466373710355368,,26196667099.5303,1693115002708.32,0.250370996758475,4.47036660760176,0.893276257067409,64.7376583333333,0.013798402352892376,138.84,114.76,2316.67,0.0,0.0,1,0,1,0,0,0
2019,09,Czechia,Russian Federation,CZE,RUS,Czechia,CZE,import,333.346,18.694,17.8317107093185,,256794209028.77,1693115002708.32,2.84787595918044,4.47036660760176,22.93225,64.7376583333333,0.3542335418115089,114.93,114.76,1673.0,0.0,0.0,1,1,1,0,0,0
2019,09,Denmark,Russian Federation,DNK,RUS,Denmark,DNK,import,40.269,13.087,3.0770229999235883,,345401473012.615,1693115002708.32,0.758131572511616,4.47036660760176,6.669446615,64.7376583333333,0.10302267315044224,115.4,114.76,1566.362,0.0,0.0,1,1,1,0,0,0
2019,09,Dominican Rep.,Russian Federation,DOM,RUS,Dominican Rep.,DOM,import,247.58100000000002,29.969,8.26123661116487,,89146130744.723,1693115002708.32,1.8106037704296,4.47036660760176,51.2948583333333,64.7376583333333,0.7923496100093209,115.15,114.76,9365.754,0.0,0.0,0,0,0,0,0,0
2019,09,Ecuador,Russian Federation,ECU,RUS,Ecuador,ECU,import,63.372,24.401,2.5971066759559034,,107595830000.0,1693115002708.32,0.266012515466146,4.47036660760176,1.0,64.7376583333333,0.01544695971008117,103.42,114.76,11640.42,0.0,0.0,0,0,0,0,0,0
2019,09,El Salvador,Russian Federation,SLV,RUS,El Salvador,SLV,import,302.585,54.118,5.591208100816734,,26881140000.0,1693115002708.32,0.0753241350024998,4.47036660760176,1.0,64.7376583333333,0.01544695971008117,105.1,114.76,10866.28,0.0,0.0,0,0,0,0,0,0
2019,09,Ethiopia,Russian Federation,ETH,RUS,Ethiopia,ETH,import,14123.122,4642.319,3.042255820851604,,95912620248.0592,1693115002708.32,15.8096321719344,4.47036660760176,29.06975,64.7376583333333,0.4490392570321321,,114.76,5198.625,0.0,0.0,0,0,0,0,0,0
2019,09,Estonia,Russian Federation,EST,RUS,Estonia,EST,import,4517.72,700.856,6.446003173262411,,31873748770.0313,1693115002708.32,2.27725931243518,4.47036660760176,0.893276257067409,64.7376583333333,0.013798402352892376,122.24,114.76,871.7853,1.0,0.0,1,1,1,0,0,0
2019,09,Finland,Russian Federation,FIN,RUS,Finland,FIN,import,6605.029,1095.306,6.03030477327797,,267014821129.411,1693115002708.32,1.02409392963425,4.47036660760176,0.893276257067409,64.7376583333333,0.013798402352892376,114.65,114.76,892.6777,1.0,0.0,1,1,1,0,0,0
2019,09,France,Russian Federation,FRA,RUS,France,FRA,import,4153.176,500.99099999999993,8.289921375833101,,2722793515171.76,1693115002708.32,1.10825492288292,4.47036660760176,0.893276257067409,64.7376583333333,0.013798402352892376,104.2,114.76,2494.316,0.0,0.0,1,1,1,0,0,0
2019,09,Georgia,Russian Federation,GEO,RUS,Georgia,GEO,import,4157.561,2040.981,2.0370405212003444,,17638337116.9126,1693115002708.32,4.85289821696723,4.47036660760176,2.818145,64.7376583333333,0.043531772272166695,118.09,114.76,1644.856,1.0,0.0,0,0,0,0,0,0
2019,09,State of Palestine,Russian Federation,PSE,RUS,State of Palestine,PSE,import,12.846,1.729,7.429728166570271,,17133500000.0,1693115002708.32,1.58018333639456,4.47036660760176,,64.7376583333333,,107.29,114.76,,,,0,0,0,0,0,0
2019,09,Germany,Russian Federation,DEU,RUS,Germany,DEU,import,45114.725,6778.773,6.655293664502411,,3957208055215.68,1693115002708.32,1.44565976888253,4.47036660760176,0.893276257067409,64.7376583333333,0.013798402352892376,101.65,114.76,2065.183,0.0,0.0,1,1,1,0,0,0
2019,09,Greece,Russian Federation,GRC,RUS,Greece,GRC,import,104.94500000000001,14.38,7.297983310152991,,207305649887.019,1693115002708.32,0.253007522038191,4.47036660760176,0.893276257067409,64.7376583333333,0.013798402352892376,110.06,114.76,2233.583,0.0,0.0,1,1,1,0,0,0
2019,09,Grenada,Russian Federation,GRD,RUS,Grenada,GRD,import,6.627,0.348,19.04310344827586,,1213485185.18519,1693115002708.32,0.598149764736098,4.47036660760176,2.7,64.7376583333333,0.04170679121721916,,114.76,9489.634,0.0,0.0,0,0,0,0,0,0
2019,09,Guatemala,Russian Federation,GTM,RUS,Guatemala,GTM,import,3171.367,903.101,3.5116415550420164,,77172317258.6478,1693115002708.32,3.69998398008605,4.47036660760176,7.69669833333333,64.7376583333333,0.11889058905564885,113.09,114.76,10835.78,0.0,0.0,0,0,0,0,0,0
2019,09,Guinea,Russian Federation,GIN,RUS,Guinea,GIN,import,28.492,9.58,2.974112734864301,,13442861496.4454,1693115002708.32,9.4700103925301,4.47036660760176,9183.87586390984,64.7376583333333,141.8629604522022,124.69,114.76,6914.966,0.0,0.0,0,0,0,0,0,0
2019,09,Honduras,Russian Federation,HND,RUS,Honduras,HND,import,13250.904,6356.909,2.0844885462415776,,24882225741.8119,1693115002708.32,4.36587159819271,4.47036660760176,24.5085389148926,64.7376583333333,0.3785824131713025,113.65,114.76,10729.13,0.0,0.0,0,0,0,0,0,0
2019,09,Hungary,Russian Federation,HUN,RUS,Hungary,HUN,import,2.79,0.488,5.717213114754099,,164936682033.992,1693115002708.32,3.33858635382014,4.47036660760176,290.66,64.7376583333333,4.4898133093321935,116.09,114.76,1574.19,0.0,0.0,1,0,1,0,0,0
2019,09,Indonesia,Russian Federation,IDN,RUS,Indonesia,IDN,import,34416.453,18417.078999999998,1.8687248395904696,,1119099871350.2,1693115002708.32,3.03058460941658,4.47036660760176,14147.6713605454,64.7376583333333,218.53850949781406,117.89,114.76,9302.706,0.0,0.0,0,0,0,0,0,0
2019,09,Iran,Russian Federation,IRN,RUS,Iran,IRN,import,1280.824,387.617,3.304354556172717,,333519146339.191,1693115002708.32,39.9073455697784,4.47036660760176,42000.0,64.7376583333333,648.7723078234092,,114.76,2466.589,0.0,0.0,0,0,0,0,0,0
2019,09,Ireland,Russian Federation,IRL,RUS,Ireland,IRL,import,0.283,0.012,23.583333333333332,,407124824064.995,1693115002708.32,0.937842961189285,4.47036660760176,0.893276257067409,64.7376583333333,0.013798402352892376,113.01,114.76,2802.315,0.0,0.0,1,1,1,0,0,0
2019,09,Israel,Russian Federation,ISR,RUS,Israel,ISR,import,618.499,140.244,4.4101637146687205,,400645216358.857,1693115002708.32,0.817645940292847,4.47036660760176,3.56452734661093,64.7376583333333,0.05506111030858157,108.09,114.76,2643.989,0.0,0.0,0,0,0,0,0,0
2019,09,Italy,Russian Federation,ITA,RUS,Italy,ITA,import,79771.889,14734.364,5.414002871111369,,2019606796583.53,1693115002708.32,0.611246943765281,4.47036660760176,0.893276257067409,64.7376583333333,0.013798402352892376,105.6,114.76,2383.171,0.0,0.0,1,1,1,0,0,0
2019,09,CÃ´te d'Ivoire,Russian Federation,CIV,RUS,CÃ´te d'Ivoire,CIV,import,55.934,38.431999999999995,1.455401748542881,,60382894697.3557,1693115002708.32,-1.10686343994195,4.47036660760176,585.911013180369,64.7376583333333,9.050543814289997,178.84,114.76,6715.534,0.0,0.0,0,0,0,0,0,0
2019,09,Jamaica,Russian Federation,JAM,RUS,Jamaica,JAM,import,38.591,0.444,86.91666666666667,,15830766531.1474,1693115002708.32,3.90510000865874,4.47036660760176,133.31211833796,64.7376583333333,2.059266920832041,111.8,114.76,9806.688,0.0,0.0,0,0,0,0,0,0
2019,09,Japan,Russian Federation,JPN,RUS,Japan,JPN,import,1874.3159999999998,172.124,10.889335595268527,,5117993853016.51,1693115002708.32,0.468776159383928,4.47036660760176,109.009665900863,64.7376583333333,1.68386791718004,100.95,114.76,7486.303,0.0,0.0,1,1,0,0,0,0
2019,09,Kazakhstan,Russian Federation,KAZ,RUS,Kazakhstan,KAZ,import,10299.276000000002,2367.399,4.350460568750769,,181667184854.501,1693115002708.32,5.33356098916663,4.47036660760176,382.747310606061,64.7376583333333,5.912282286073747,128.15,114.76,3104.607,1.0,1.0,0,0,0,1,0,1
2019,09,Jordan,Russian Federation,JOR,RUS,Jordan,JOR,import,1.821,0.596,3.0553691275167787,,44503006338.0282,1693115002708.32,0.76151404726555,4.47036660760176,0.71,64.7376583333333,0.01096734139415763,81.22,114.76,2652.505,0.0,0.0,0,0,0,0,0,0
2019,09,Kenya,Russian Federation,KEN,RUS,Kenya,KEN,import,34722.467000000004,15109.773000000001,2.2980138086786615,,100378436207.371,1693115002708.32,5.23963795764789,4.47036660760176,101.99129838935,64.7376583333333,1.575455476999156,110.34,114.76,6348.253,0.0,0.0,0,0,0,0,0,0
2019,09,Rep. of Korea,Russian Federation,KOR,RUS,Rep. of Korea,KOR,import,367.07800000000003,52.505,6.991296067041234,,1651422932447.77,1693115002708.32,0.383000303608088,4.47036660760176,1165.3575,64.7376583333333,18.00123035034092,,114.76,6614.064,0.0,0.0,1,0,0,0,0,0
2019,09,Kyrgyzstan,Russian Federation,KGZ,RUS,Kyrgyzstan,KGZ,import,215.904,156.556,1.3790848003270395,,9371275264.36735,1693115002708.32,1.13362257718806,4.47036660760176,69.7893491807476,64.7376583333333,1.0780332649877946,134.0,114.76,2985.871,0.0,1.0,0,0,0,1,0,1
2019,09,Lao People's Dem. Rep.,Russian Federation,LAO,RUS,Lao People's Dem. Rep.,LAO,import,51.6,16.898,3.053615812522192,,18740561512.5555,1693115002708.32,3.32255881256922,4.47036660760176,8679.40909309671,64.7376583333333,134.07048256837703,122.13,114.76,6809.734,0.0,0.0,0,0,0,0,0,0
2019,09,Lebanon,Russian Federation,LBN,RUS,Lebanon,LBN,import,12.99,1.998,6.501501501501502,,51605959131.2741,1693115002708.32,3.00538949390382,4.47036660760176,1507.5,64.7376583333333,23.286291762947364,,114.76,2441.484,0.0,0.0,0,0,0,0,0,0
2019,09,Latvia,Russian Federation,LVA,RUS,Latvia,LVA,import,2812.408,361.257,7.785061604342615,,33099503950.847,1693115002708.32,2.81140920075619,4.47036660760176,0.893276257067409,64.7376583333333,0.013798402352892376,119.77,114.76,847.8519,1.0,0.0,1,1,1,0,0,0
2019,09,Lithuania,Russian Federation,LTU,RUS,Lithuania,LTU,import,9778.268,462.33299999999997,21.149837887410158,,55122066225.796,1693115002708.32,2.33450937988028,4.47036660760176,0.893276257067409,64.7376583333333,0.013798402352892376,120.2,114.76,794.0689,1.0,0.0,1,1,1,0,0,0
2019,09,Madagascar,Russian Federation,MDG,RUS,Madagascar,MDG,import,775.4620000000001,52.400999999999996,14.798610713536004,,14104664678.5063,1693115002708.32,5.61051441492363,4.47036660760176,3618.32185816072,64.7376583333333,55.892071961114674,,114.76,8356.116,0.0,0.0,0,0,0,0,0,0
2019,09,Malawi,Russian Federation,MWI,RUS,Malawi,MWI,import,403.689,377.435,1.0695589969133759,,11051865579.8121,1693115002708.32,9.3708360560567,4.47036660760176,745.540667877372,64.7376583333333,11.516336658928772,118.69,114.76,7767.932,0.0,0.0,0,0,0,0,0,0
2019,09,Malaysia,Russian Federation,MYS,RUS,Malaysia,MYS,import,2.623,0.508,5.163385826771654,,365177721021.516,1693115002708.32,0.662891865764397,4.47036660760176,4.14246973569731,64.7376583333333,0.06398856310754694,120.13,114.76,8130.454,0.0,0.0,0,0,0,0,0,0
2019,09,Mali,Russian Federation,MLI,RUS,Mali,MLI,import,153.69,60.016,2.5608171154358836,,20477421884.5414,1693115002708.32,-1.65826694846365,4.47036660760176,585.911013180369,64.7376583333333,9.050543814289997,116.1,114.76,6188.962,0.0,0.0,0,0,0,0,0,0
2019,09,Mexico,Russian Federation,MEX,RUS,Mexico,MEX,import,4262.43,1421.073,2.999444785735849,,1304106203902.45,1693115002708.32,3.63596142127045,4.47036660760176,19.2636333333333,64.7376583333333,0.2975645679697761,104.86,114.76,10736.3,0.0,0.0,0,0,0,0,0,0
2019,09,"Other Asia, nes",Russian Federation,S19,RUS,"Other Asia, nes",S19,import,84.96400000000001,6.476,13.119827053736877,,,1693115002708.32,,4.47036660760176,,64.7376583333333,,,114.76,,,,0,0,0,0,0,0
2019,09,Mongolia,Russian Federation,MNG,RUS,Mongolia,MNG,import,1.784,1.664,1.0721153846153846,,14206359017.5143,1693115002708.32,7.30106953550727,4.47036660760176,2663.54139820163,64.7376583333333,41.14361666415384,135.29,114.76,4632.875,1.0,0.0,0,0,0,0,0,0
2019,09,Morocco,Russian Federation,MAR,RUS,Morocco,MAR,import,61.054,4.2909999999999995,14.228384991843395,,128920266409.458,1693115002708.32,0.303386036590358,4.47036660760176,9.61707609950743,64.7376583333333,0.14855458703787586,113.15,114.76,4156.454,0.0,0.0,0,0,0,0,0,0
2019,09,Mozambique,Russian Federation,MOZ,RUS,Mozambique,MOZ,import,82.032,68.4,1.1992982456140349,,15512759046.672,1693115002708.32,2.80270307928108,4.47036660760176,62.5483333333333,64.7376583333333,0.9661815849327264,,114.76,9107.99,0.0,0.0,0,0,0,0,0,0
2019,09,Nepal,Russian Federation,NPL,RUS,Nepal,NPL,import,762.722,257.639,2.9604291275777346,,34186180699.0255,1693115002708.32,5.56868547784929,4.47036660760176,112.609482758621,64.7376583333333,1.7394741431454988,140.64,114.76,4889.868,0.0,0.0,0,0,0,0,0,0
2019,09,Netherlands,Russian Federation,NLD,RUS,Netherlands,NLD,import,17496.668999999998,4218.496,4.147608294520132,,928903005576.469,1693115002708.32,2.63369910249596,4.47036660760176,0.893276257067409,64.7376583333333,0.013798402352892376,108.98,114.76,2155.229,0.0,0.0,1,1,1,0,0,0
2019,09,Nicaragua,Russian Federation,NIC,RUS,Nicaragua,NIC,import,5161.864,2024.351,2.549885864654894,,12699023614.245,1693115002708.32,5.37628990844127,4.47036660760176,33.121745265284,64.7376583333333,0.5116302646404137,106.7,114.76,10876.95,0.0,0.0,0,0,0,0,0,0
2019,09,Nigeria,Russian Federation,NGA,RUS,Nigeria,NGA,import,331.918,199.304,1.665385541685064,,474517490844.461,1693115002708.32,11.3964223378115,4.47036660760176,306.920951495222,64.7376583333333,4.740995571926471,98.0,114.76,6263.33,0.0,0.0,0,0,0,0,0,0
2019,09,Panama,Russian Federation,PAN,RUS,Panama,PAN,import,131.874,3.093,42.63627546071775,,69778991200.0,1693115002708.32,-0.355083821021219,4.47036660760176,1.0,64.7376583333333,0.01544695971008117,102.53,114.76,10819.55,0.0,0.0,0,0,0,0,0,0
2019,09,Papua New Guinea,Russian Federation,PNG,RUS,Papua New Guinea,PNG,import,3820.777,1520.883,2.512209683453625,,24750626029.8777,1693115002708.32,3.92867290939596,4.47036660760176,3.38753768145423,64.7376583333333,0.05232715808180527,99.75,114.76,12100.54,0.0,0.0,0,0,0,0,0,0
2019,09,Paraguay,Russian Federation,PRY,RUS,Paraguay,PRY,import,19.211,3.275,5.865954198473283,,37925338329.1494,1693115002708.32,2.75709727562778,4.47036660760176,6240.72207844257,64.7376583333333,96.40018250751639,112.48,114.76,12642.6,0.0,0.0,0,0,0,0,0,0
2019,09,Peru,Russian Federation,PER,RUS,Peru,PER,import,6775.280000000001,3247.367,2.0863918368327328,,228346006003.648,1693115002708.32,2.25212191358024,4.47036660760176,3.3372655465368,64.7376583333333,0.05155060643919597,102.49,114.76,12666.63,0.0,0.0,0,0,0,0,0,0
2019,09,Poland,Russian Federation,POL,RUS,Poland,POL,import,19440.775,2116.727,9.184356319922221,,602683770144.88,1693115002708.32,2.22747880938301,4.47036660760176,3.839375,64.7376583333333,0.059306670936892895,123.18,114.76,1156.427,1.0,0.0,1,1,1,0,0,0
2019,09,Portugal,Russian Federation,PRT,RUS,Portugal,PRT,import,5472.497,1249.455,4.379907239556447,,240115970063.019,1693115002708.32,0.338178410046057,4.47036660760176,0.893276257067409,64.7376583333333,0.013798402352892376,101.76,114.76,3913.34,0.0,0.0,1,1,1,0,0,0
2019,09,Qatar,Russian Federation,QAT,RUS,Qatar,QAT,import,0.456,0.036,12.666666666666668,,176371267692.308,1693115002708.32,-0.66664112486111,4.47036660760176,3.64,64.7376583333333,0.05622693334469546,105.78,114.76,3575.788,0.0,0.0,0,0,0,0,0,0
2019,09,Romania,Russian Federation,ROU,RUS,Romania,ROU,import,35.819,11.475000000000001,3.1214814814814815,,251677082534.495,1693115002708.32,3.82785432599435,4.47036660760176,4.237925,64.7376583333333,0.06546305672934574,116.18,114.76,,,,1,1,1,0,0,0
2019,09,Russian Federation,Azerbaijan,RUS,AZE,Azerbaijan,AZE,export,4639.111,936.194,4.95528811336112,1651.7829999999994,48174235294.1176,1693115002708.32,2.61057182799215,4.47036660760176,1.7,64.7376583333333,0.02625983150713799,119.41,114.76,1930.747,1.0,0.0,0,0,0,0,0,1
2019,09,Russian Federation,Australia,RUS,AUS,Australia,AUS,export,721.8520000000001,93.411,7.727698022716812,702.1480000000001,1392723834562.64,1693115002708.32,1.6107678729038,4.47036660760176,1.43850654421382,64.7376583333333,0.022220552631158977,98.32,114.76,14503.07,0.0,0.0,1,1,0,0,0,0
2019,09,Russian Federation,Austria,RUS,AUT,Austria,AUT,export,317.587,338.88500000000005,0.9371527214246719,-21539.441,442983642371.842,1693115002708.32,1.53089564152644,4.47036660760176,0.893276257067409,64.7376583333333,0.013798402352892376,112.47,114.76,1675.699,0.0,0.0,1,1,1,0,0,0
2019,09,Russian Federation,Armenia,RUS,ARM,Armenia,ARM,export,2254.508,399.274,5.646518430952177,-872.7130000000002,13619290539.2116,1693115002708.32,1.44344660770699,4.47036660760176,480.44512876712,64.7376583333333,7.4214165469704625,163.27,114.76,1803.035,0.0,0.0,0,0,0,1,0,1
2019,09,Russian Federation,Barbados,RUS,BRB,Barbados,BRB,export,6.068,1.7610000000000001,3.4457694491766038,6.068,5788288000.0,1693115002708.32,4.10028964518462,4.47036660760176,2.0,64.7376583333333,0.03089391942016234,101.62,114.76,9265.654,0.0,0.0,0,0,0,0,0,0
2019,09,Russian Federation,Belgium,RUS,BEL,Belgium,BEL,export,0.116,0.009000000000000001,12.888888888888888,-3280.689,536726344405.489,1693115002708.32,1.4368195699643,4.47036660760176,0.893276257067409,64.7376583333333,0.013798402352892376,111.63,114.76,2261.25,0.0,0.0,1,1,1,0,0,0
2019,09,Russian Federation,Bosnia Herzegovina,RUS,BIH,Bosnia Herzegovina,BIH,export,1.347,1.094,1.2312614259597805,1.162,20482608755.379,1693115002708.32,0.562782154061217,4.47036660760176,1.74708646136073,64.7376583333333,0.02698717417866748,102.35,114.76,1902.116,0.0,0.0,0,0,0,0,0,0
2019,09,Russian Federation,Bulgaria,RUS,BGR,Bulgaria,BGR,export,109.951,76.525,1.4367984318850047,-193.023,68634004792.1,1693115002708.32,3.10372944796774,4.47036660760176,1.74704166666667,64.7376583333333,0.026986482236833108,114.24,114.76,1785.898,0.0,0.0,1,1,1,0,0,0
2019,09,Russian Federation,Belarus,RUS,BLR,Belarus,BLR,export,49424.441999999995,10304.104000000001,4.796578334224886,45119.496,64410170653.4569,1693115002708.32,5.59815595039853,4.47036660760176,2.09178333333333,64.7376583333333,0.032311692872219244,112.42,114.76,686.9657,1.0,0.0,0,0,0,1,0,1
2019,09,Russian Federation,Canada,RUS,CAN,Canada,CAN,export,128.38299999999998,11.974,10.721813930182059,104.27699999999999,1743725183672.52,1693115002708.32,1.94926902411596,4.47036660760176,1.32679336266012,64.7376583333333,0.020494923616613987,104.43,114.76,7495.521,0.0,0.0,1,1,0,0,0,0
2019,09,Russian Federation,Sri Lanka,RUS,LKA,Sri Lanka,LKA,export,1405.4959999999999,2229.759,0.6303353860215386,-131982.644,88998706296.5783,1693115002708.32,3.52839358231813,4.47036660760176,178.744925045848,64.7376583333333,2.7610656555646926,108.11,114.76,6576.936,0.0,0.0,0,0,0,0,0,0
2019,09,Russian Federation,Chile,RUS,CHL,Chile,CHL,export,117.594,24.009,4.897913282519055,113.66399999999999,278285058719.466,1693115002708.32,2.55754475703329,4.47036660760176,702.897422561529,64.7376583333333,10.857628166627837,102.69,114.76,14153.3,0.0,0.0,0,0,0,0,0,0
2019,09,Russian Federation,China,RUS,CHN,China,CHN,export,914.453,110.859,8.248793512479818,-70184.63,14560167101283.4,1693115002708.32,2.89923416358229,4.47036660760176,6.90838500992901,64.7376583333333,0.10671354491010211,130.06,114.76,5795.045,1.0,0.0,0,0,0,0,1,0
2019,09,Russian Federation,Cuba,RUS,CUB,Cuba,CUB,export,2.855,0.201,14.203980099502486,-356.113,103427600000.0,1693115002708.32,,4.47036660760176,,64.7376583333333,,,114.76,9603.391,0.0,0.0,0,0,0,0,0,0
2019,09,Russian Federation,Cyprus,RUS,CYP,Cyprus,CYP,export,0.03,0.002,15.0,-33.815,26196667099.5303,1693115002708.32,0.250370996758475,4.47036660760176,0.893276257067409,64.7376583333333,0.013798402352892376,138.84,114.76,2316.67,0.0,0.0,1,0,1,0,0,0
2019,09,Russian Federation,Czechia,RUS,CZE,Czechia,CZE,export,214.142,39.31,5.447519715085219,-119.20400000000001,256794209028.77,1693115002708.32,2.84787595918044,4.47036660760176,22.93225,64.7376583333333,0.3542335418115089,114.93,114.76,1673.0,0.0,0.0,1,1,1,0,0,0
2019,09,Russian Federation,Denmark,RUS,DNK,Denmark,DNK,export,0.055999999999999994,0.012,4.666666666666666,-40.213,345401473012.615,1693115002708.32,0.758131572511616,4.47036660760176,6.669446615,64.7376583333333,0.10302267315044224,115.4,114.76,1566.362,0.0,0.0,1,1,1,0,0,0
2019,09,Russian Federation,Dominican Rep.,RUS,DOM,Dominican Rep.,DOM,export,56.775,21.14,2.685666982024598,-190.806,89146130744.723,1693115002708.32,1.8106037704296,4.47036660760176,51.2948583333333,64.7376583333333,0.7923496100093209,115.15,114.76,9365.754,0.0,0.0,0,0,0,0,0,0
2019,09,Russian Federation,Estonia,RUS,EST,Estonia,EST,export,1223.482,341.112,3.586745702291329,-3294.2380000000003,31873748770.0313,1693115002708.32,2.27725931243518,4.47036660760176,0.893276257067409,64.7376583333333,0.013798402352892376,122.24,114.76,871.7853,1.0,0.0,1,1,1,0,0,0
2019,09,Russian Federation,Finland,RUS,FIN,Finland,FIN,export,98.65700000000001,29.054000000000002,3.395642596544366,-6506.372,267014821129.411,1693115002708.32,1.02409392963425,4.47036660760176,0.893276257067409,64.7376583333333,0.013798402352892376,114.65,114.76,892.6777,1.0,0.0,1,1,1,0,0,0
2019,09,Russian Federation,France,RUS,FRA,France,FRA,export,341.279,101.08500000000001,3.3761586783400106,-3811.8970000000004,2722793515171.76,1693115002708.32,1.10825492288292,4.47036660760176,0.893276257067409,64.7376583333333,0.013798402352892376,104.2,114.76,2494.316,0.0,0.0,1,1,1,0,0,0
2019,09,Russian Federation,Georgia,RUS,GEO,Georgia,GEO,export,3691.103,934.307,3.9506318586931277,-466.45799999999963,17638337116.9126,1693115002708.32,4.85289821696723,4.47036660760176,2.818145,64.7376583333333,0.043531772272166695,118.09,114.76,1644.856,1.0,0.0,0,0,0,0,0,0
2019,09,Russian Federation,Gambia,RUS,GMB,Gambia,GMB,export,36.039,8.738,4.124399176012818,36.039,1813609692.49994,1693115002708.32,7.11567625631189,4.47036660760176,50.0624613684222,64.7376583333333,0.7733128237455127,80.23,114.76,6592.956,0.0,0.0,0,0,0,0,0,0
2019,09,Russian Federation,State of Palestine,RUS,PSE,State of Palestine,PSE,export,15.75,22.5,0.7,2.904,17133500000.0,1693115002708.32,1.58018333639456,4.47036660760176,,64.7376583333333,,107.29,114.76,,,,0,0,0,0,0,0
2019,09,Russian Federation,Germany,RUS,DEU,Germany,DEU,export,3427.495,1194.5240000000001,2.869339586312204,-41687.229999999996,3957208055215.68,1693115002708.32,1.44565976888253,4.47036660760176,0.893276257067409,64.7376583333333,0.013798402352892376,101.65,114.76,2065.183,0.0,0.0,1,1,1,0,0,0
2019,09,Russian Federation,Greece,RUS,GRC,Greece,GRC,export,11.355,0.306,37.1078431372549,-93.59,207305649887.019,1693115002708.32,0.253007522038191,4.47036660760176,0.893276257067409,64.7376583333333,0.013798402352892376,110.06,114.76,2233.583,0.0,0.0,1,1,1,0,0,0
2019,09,Russian Federation,Guyana,RUS,GUY,Guyana,GUY,export,8.745,5.5,1.5899999999999999,8.745,5173760191.84652,1693115002708.32,2.08723089162013,4.47036660760176,208.5,64.7376583333333,3.220691099551924,99.68,114.76,9760.068,0.0,0.0,0,0,0,0,0,0
2019,09,Russian Federation,"China, Hong Kong SAR",RUS,HKG,"China, Hong Kong SAR",HKG,export,6.078,0.394,15.426395939086294,6.078,363074545072.389,1693115002708.32,2.88320853773994,4.47036660760176,7.83591666666667,64.7376583333333,0.1210410890415536,101.73,114.76,7145.355,0.0,0.0,0,0,0,0,0,0
2019,09,Russian Federation,Hungary,RUS,HUN,Hungary,HUN,export,345.249,44.266,7.799417159896987,342.459,164936682033.992,1693115002708.32,3.33858635382014,4.47036660760176,290.66,64.7376583333333,4.4898133093321935,116.09,114.76,1574.19,0.0,0.0,1,0,1,0,0,0
2019,09,Russian Federation,Iceland,RUS,ISL,Iceland,ISL,export,0.242,0.074,3.27027027027027,0.242,24681343649.2952,1693115002708.32,3.01397179156058,4.47036660760176,122.606773601907,64.7376583333333,1.893901892011701,108.3,114.76,3316.138,0.0,0.0,1,1,0,0,0,0
2019,09,Russian Federation,Indonesia,RUS,IDN,Indonesia,IDN,export,4201.683,5485.026000000001,0.7660279094392624,-30214.77,1119099871350.2,1693115002708.32,3.03058460941658,4.47036660760176,14147.6713605454,64.7376583333333,218.53850949781406,117.89,114.76,9302.706,0.0,0.0,0,0,0,0,0,0
2019,09,Russian Federation,Iran,RUS,IRN,Iran,IRN,export,42.723,79.98,0.5341710427606902,-1238.101,333519146339.191,1693115002708.32,39.9073455697784,4.47036660760176,42000.0,64.7376583333333,648.7723078234092,,114.76,2466.589,0.0,0.0,0,0,0,0,0,0
2019,09,Russian Federation,Ireland,RUS,IRL,Ireland,IRL,export,0.184,0.006,30.666666666666664,-0.09899999999999998,407124824064.995,1693115002708.32,0.937842961189285,4.47036660760176,0.893276257067409,64.7376583333333,0.013798402352892376,113.01,114.76,2802.315,0.0,0.0,1,1,1,0,0,0
2019,09,Russian Federation,Israel,RUS,ISR,Israel,ISR,export,3409.952,383.245,8.89757726780519,2791.4530000000004,400645216358.857,1693115002708.32,0.817645940292847,4.47036660760176,3.56452734661093,64.7376583333333,0.05506111030858157,108.09,114.76,2643.989,0.0,0.0,0,0,0,0,0,0
2019,09,Russian Federation,Italy,RUS,ITA,Italy,ITA,export,428.88800000000003,196.12,2.186865184580869,-79343.00099999999,2019606796583.53,1693115002708.32,0.611246943765281,4.47036660760176,0.893276257067409,64.7376583333333,0.013798402352892376,105.6,114.76,2383.171,0.0,0.0,1,1,1,0,0,0
2019,09,Russian Federation,CÃ´te d'Ivoire,RUS,CIV,CÃ´te d'Ivoire,CIV,export,48.589,12.501999999999999,3.8864981602943534,-7.344999999999999,60382894697.3557,1693115002708.32,-1.10686343994195,4.47036660760176,585.911013180369,64.7376583333333,9.050543814289997,178.84,114.76,6715.534,0.0,0.0,0,0,0,0,0,0
2019,09,Russian Federation,Japan,RUS,JPN,Japan,JPN,export,78.018,8.889,8.776915288558893,-1796.2979999999998,5117993853016.51,1693115002708.32,0.468776159383928,4.47036660760176,109.009665900863,64.7376583333333,1.68386791718004,100.95,114.76,7486.303,0.0,0.0,1,1,0,0,0,0
2019,09,Russian Federation,Kazakhstan,RUS,KAZ,Kazakhstan,KAZ,export,28783.862999999998,6022.807,4.779144176461241,18484.586999999996,181667184854.501,1693115002708.32,5.33356098916663,4.47036660760176,382.747310606061,64.7376583333333,5.912282286073747,128.15,114.76,3104.607,1.0,1.0,0,0,0,1,0,1
2019,09,Russian Federation,Jordan,RUS,JOR,Jordan,JOR,export,0.088,0.018,4.888888888888889,-1.7329999999999999,44503006338.0282,1693115002708.32,0.76151404726555,4.47036660760176,0.71,64.7376583333333,0.01096734139415763,81.22,114.76,2652.505,0.0,0.0,0,0,0,0,0,0
2019,09,Russian Federation,Rep. of Korea,RUS,KOR,Rep. of Korea,KOR,export,244.48899999999998,43.675999999999995,5.597788258998077,-122.58900000000006,1651422932447.77,1693115002708.32,0.383000303608088,4.47036660760176,1165.3575,64.7376583333333,18.00123035034092,,114.76,6614.064,0.0,0.0,1,0,0,0,0,0
2019,09,Russian Federation,Kyrgyzstan,RUS,KGZ,Kyrgyzstan,KGZ,export,6520.5380000000005,1548.638,4.210498515469723,6304.634,9371275264.36735,1693115002708.32,1.13362257718806,4.47036660760176,69.7893491807476,64.7376583333333,1.0780332649877946,134.0,114.76,2985.871,0.0,1.0,0,0,0,1,0,1
2019,09,Russian Federation,Lao People's Dem. Rep.,RUS,LAO,Lao People's Dem. Rep.,LAO,export,13.548,2.338,5.794696321642429,-38.052,18740561512.5555,1693115002708.32,3.32255881256922,4.47036660760176,8679.40909309671,64.7376583333333,134.07048256837703,122.13,114.76,6809.734,0.0,0.0,0,0,0,0,0,0
2019,09,Russian Federation,Latvia,RUS,LVA,Latvia,LVA,export,2842.672,372.199,7.637505742895601,30.264000000000124,33099503950.847,1693115002708.32,2.81140920075619,4.47036660760176,0.893276257067409,64.7376583333333,0.013798402352892376,119.77,114.76,847.8519,1.0,0.0,1,1,1,0,0,0
2019,09,Russian Federation,Libya,RUS,LBY,Libya,LBY,export,46.672,88.0,0.5303636363636364,46.672,69254496471.6938,1693115002708.32,-2.16217883470595,4.47036660760176,1.39826289736928,64.7376583333333,0.02159891063976463,,114.76,3189.875,0.0,0.0,0,0,0,0,0,0
2019,09,Russian Federation,Lithuania,RUS,LTU,Lithuania,LTU,export,1145.127,317.29200000000003,3.609063575507734,-8633.141,55122066225.796,1693115002708.32,2.33450937988028,4.47036660760176,0.893276257067409,64.7376583333333,0.013798402352892376,120.2,114.76,794.0689,1.0,0.0,1,1,1,0,0,0
2019,09,Russian Federation,Malaysia,RUS,MYS,Malaysia,MYS,export,611.048,995.345,0.6139057311786366,608.425,365177721021.516,1693115002708.32,0.662891865764397,4.47036660760176,4.14246973569731,64.7376583333333,0.06398856310754694,120.13,114.76,8130.454,0.0,0.0,0,0,0,0,0,0
2019,09,Russian Federation,Mali,RUS,MLI,Mali,MLI,export,451.128,117.666,3.8339707307123554,297.438,20477421884.5414,1693115002708.32,-1.65826694846365,4.47036660760176,585.911013180369,64.7376583333333,9.050543814289997,116.1,114.76,6188.962,0.0,0.0,0,0,0,0,0,0
2019,09,Russian Federation,Malta,RUS,MLT,Malta,MLT,export,9.382,0.384,24.432291666666664,9.382,16337793530.7788,1693115002708.32,1.64206001768947,4.47036660760176,0.893276257067409,64.7376583333333,0.013798402352892376,101.51,114.76,2819.734,0.0,0.0,1,1,1,0,0,0
2019,09,Russian Federation,Mauritius,RUS,MUS,Mauritius,MUS,export,34.614,45.25,0.7649502762430939,34.614,14436346979.6355,1693115002708.32,0.405655190309536,4.47036660760176,35.4735166666667,64.7376583333333,0.5479579827248934,103.9,114.76,8654.018,0.0,0.0,0,0,0,0,0,0
2019,09,Russian Federation,Mexico,RUS,MEX,Mexico,MEX,export,51.614,47.149,1.094699781543617,-4210.816000000001,1304106203902.45,1693115002708.32,3.63596142127045,4.47036660760176,19.2636333333333,64.7376583333333,0.2975645679697761,104.86,114.76,10736.3,0.0,0.0,0,0,0,0,0,0
2019,09,Russian Federation,Mongolia,RUS,MNG,Mongolia,MNG,export,1123.725,188.127,5.973225533814922,1121.9409999999998,14206359017.5143,1693115002708.32,7.30106953550727,4.47036660760176,2663.54139820163,64.7376583333333,41.14361666415384,135.29,114.76,4632.875,1.0,0.0,0,0,0,0,0,0
2019,09,Russian Federation,Rep. of Moldova,RUS,MDA,Rep. of Moldova,MDA,export,6195.005999999999,1048.358,5.909246650476268,6195.005999999999,11736797054.6965,1693115002708.32,4.83778351428724,4.47036660760176,17.5734688664875,64.7376583333333,0.2714566655469982,112.98,114.76,1150.314,0.0,0.0,0,0,0,0,0,1
2019,09,Russian Federation,Montenegro,RUS,MNE,Montenegro,MNE,export,14.532,1.601,9.07682698313554,14.532,5542054181.12616,1693115002708.32,0.361563704540745,4.47036660760176,0.893215581479226,64.7376583333333,0.013797465099526328,90.56,114.76,,,,1,0,0,0,0,0
2019,09,Russian Federation,Morocco,RUS,MAR,Morocco,MAR,export,0.789,0.275,2.869090909090909,-60.265,128920266409.458,1693115002708.32,0.303386036590358,4.47036660760176,9.61707609950743,64.7376583333333,0.14855458703787586,113.15,114.76,4156.454,0.0,0.0,0,0,0,0,0,0
2019,09,Russian Federation,Namibia,RUS,NAM,Namibia,NAM,export,0.534,0.09,5.933333333333334,0.534,12541928303.48,1693115002708.32,3.72239414422697,4.47036660760176,14.4486904166667,64.7376583333333,0.22318833872968644,112.82,114.76,8932.264,0.0,0.0,0,0,0,0,0,0
2019,09,Russian Federation,Nepal,RUS,NPL,Nepal,NPL,export,408.841,674.71,0.6059507047472247,-353.881,34186180699.0255,1693115002708.32,5.56868547784929,4.47036660760176,112.609482758621,64.7376583333333,1.7394741431454988,140.64,114.76,4889.868,0.0,0.0,0,0,0,0,0,0
2019,09,Russian Federation,Netherlands,RUS,NLD,Netherlands,NLD,export,476.197,570.188,0.8351578777526009,-17020.471999999998,928903005576.469,1693115002708.32,2.63369910249596,4.47036660760176,0.893276257067409,64.7376583333333,0.013798402352892376,108.98,114.76,2155.229,0.0,0.0,1,1,1,0,0,0
2019,09,Russian Federation,New Zealand,RUS,NZL,New Zealand,NZL,export,1.099,0.194,5.664948453608247,1.099,213006341101.869,1693115002708.32,1.61963190184049,4.47036660760176,1.517875,64.7376583333333,0.023446553969939457,108.17,114.76,16774.49,0.0,0.0,1,0,0,0,0,0
2019,09,Russian Federation,Norway,RUS,NOR,Norway,NOR,export,11.564,2.973,3.8896737302388162,11.564,408742840909.091,1693115002708.32,2.16773003305404,4.47036660760176,8.8,64.7376583333333,0.1359332454487143,99.3,114.76,1649.799,1.0,0.0,1,1,0,0,0,0
2019,09,Russian Federation,Pakistan,RUS,PAK,Pakistan,PAK,export,1161.53,2040.39,0.5692686202147629,1161.53,320909472770.669,1693115002708.32,10.5783618004555,4.47036660760176,150.036253839864,64.7376583333333,2.3176039681158906,109.34,114.76,3658.638,0.0,0.0,0,0,0,0,0,0
2019,09,Russian Federation,Papua New Guinea,RUS,PNG,Papua New Guinea,PNG,export,2.392,0.239,10.00836820083682,-3818.385,24750626029.8777,1693115002708.32,3.92867290939596,4.47036660760176,3.38753768145423,64.7376583333333,0.05232715808180527,99.75,114.76,12100.54,0.0,0.0,0,0,0,0,0,0
2019,09,Russian Federation,Poland,RUS,POL,Poland,POL,export,5371.831,3376.415,1.5909865937688348,-14068.944000000001,602683770144.88,1693115002708.32,2.22747880938301,4.47036660760176,3.839375,64.7376583333333,0.059306670936892895,123.18,114.76,1156.427,1.0,0.0,1,1,1,0,0,0
2019,09,Russian Federation,Qatar,RUS,QAT,Qatar,QAT,export,3416.7369999999996,878.617,3.8887672330492125,3416.2809999999995,176371267692.308,1693115002708.32,-0.66664112486111,4.47036660760176,3.64,64.7376583333333,0.05622693334469546,105.78,114.76,3575.788,0.0,0.0,0,0,0,0,0,0
2019,09,Russian Federation,Romania,RUS,ROU,Romania,ROU,export,92.84,130.23,0.7128925746755741,57.021,251677082534.495,1693115002708.32,3.82785432599435,4.47036660760176,4.237925,64.7376583333333,0.06546305672934574,116.18,114.76,,,,1,1,1,0,0,0
2019,09,Russian Federation,Saudi Arabia,RUS,SAU,Saudi Arabia,SAU,export,263.979,441.49,0.5979274728759428,256.453,888890133333.333,1693115002708.32,-2.0933490096655,4.47036660760176,3.75,64.7376583333333,0.05792609891280439,109.37,114.76,3539.516,0.0,0.0,0,0,0,0,0,0
2019,09,Russian Federation,Senegal,RUS,SEN,Senegal,SEN,export,139.716,19.789,7.060286017484461,139.716,23403995992.1354,1693115002708.32,1.7601115119294,4.47036660760176,585.911013180369,64.7376583333333,9.050543814289997,106.7,114.76,6529.711,0.0,0.0,0,0,0,0,0,0
2019,09,Russian Federation,Serbia,RUS,SRB,Serbia,SRB,export,14.188,1.2,11.823333333333334,-124.193,53864693664.5568,1693115002708.32,1.84922984511088,4.47036660760176,105.249558333333,64.7376583333333,1.6257856870788328,114.34,114.76,,,,0,0,0,0,0,0
2019,09,Russian Federation,India,RUS,IND,India,IND,export,4445.0869999999995,6696.678,0.6637749343779109,-116404.26,2835606256558.19,1693115002708.32,3.72950573539127,4.47036660760176,70.4203405359551,64.7376583333333,1.0877801630290944,115.05,114.76,4341.881,0.0,0.0,0,0,0,0,1,0
2019,09,Russian Federation,Singapore,RUS,SGP,Singapore,SGP,export,105.269,24.14,4.360770505385253,-364.975,376161998830.048,1693115002708.32,0.567829988405464,4.47036660760176,1.36415833333333,64.7376583333333,0.021072098813171427,120.76,114.76,8431.775,0.0,0.0,1,0,0,0,0,0
2019,09,Russian Federation,Slovakia,RUS,SVK,Slovakia,SVK,export,63.518,20.213,3.14243308761688,63.518,105843498304.094,1693115002708.32,2.66456133425436,4.47036660760176,0.893276257067409,64.7376583333333,0.013798402352892376,96.47,114.76,1632.621,0.0,0.0,1,1,1,0,0,0
2019,09,Russian Federation,Viet Nam,RUS,VNM,Viet Nam,VNM,export,239.084,132.781,1.8005889396826353,-172120.231,334365270496.667,1693115002708.32,2.79582367452249,4.47036660760176,23050.2416666667,64.7376583333333,356.0561543326348,147.12,114.76,6737.911,0.0,0.0,0,0,0,0,0,0
2019,09,Russian Federation,Slovenia,RUS,SVN,Slovenia,SVN,export,9.011,0.703,12.817923186344238,6.6259999999999994,53909922735.545,1693115002708.32,1.63052260754342,4.47036660760176,0.893276257067409,64.7376583333333,0.013798402352892376,127.33,114.76,1937.979,0.0,0.0,1,1,1,0,0,0
2019,09,Russian Federation,South Africa,RUS,ZAF,South Africa,ZAF,export,359.96799999999996,481.633,0.7473906480660586,353.67699999999996,389330032224.269,1693115002708.32,4.1028507546115,4.47036660760176,14.4484270548333,64.7376583333333,0.22318427059005672,99.88,114.76,10147.89,0.0,0.0,0,0,0,0,1,0
2019,09,Russian Federation,Spain,RUS,ESP,Spain,ESP,export,26.54,20.221,1.3124969091538499,-3896.806,1403496387686.27,1693115002708.32,0.699518994458692,4.47036660760176,0.893276257067409,64.7376583333333,0.013798402352892376,107.87,114.76,3449.3,0.0,0.0,1,1,1,0,0,0
2019,09,Russian Federation,Sudan,RUS,SDN,Sudan,SDN,export,0.134,0.036,3.7222222222222228,0.134,32338079165.2893,1693115002708.32,50.9940515002971,4.47036660760176,45.7670454545455,64.7376583333333,0.706961707185818,,114.76,4495.949,0.0,0.0,0,0,0,0,0,0
2019,09,Russian Federation,Sweden,RUS,SWE,Sweden,SWE,export,0.529,0.116,4.560344827586207,-2614.508,532169294165.94,1693115002708.32,1.78415097403837,4.47036660760176,9.45834916666667,64.7376583333333,0.14610273850137986,112.79,114.76,1232.383,0.0,0.0,1,1,1,0,0,0
2019,09,Russian Federation,Switzerland,RUS,CHE,Switzerland,CHE,export,43.403999999999996,22.293,1.9469788722917507,-27995.444000000003,721369112726.724,1693115002708.32,0.362886179940615,4.47036660760176,0.993709166666667,64.7376583333333,0.015349785461038339,115.9,114.76,2296.397,0.0,0.0,1,0,0,0,0,0
2019,09,Russian Federation,Tajikistan,RUS,TJK,Tajikistan,TJK,export,1461.128,437.244,3.3416765009925804,1461.128,8300813599.3084,1693115002708.32,,4.47036660760176,9.53036666666667,64.7376583333333,0.14721518992230062,,114.76,2986.597,0.0,0.0,0,0,0,0,0,1
2019,09,Russian Federation,Thailand,RUS,THA,Thailand,THA,export,130.10999999999999,143.023,0.909713822252365,-87.446,543976691793.886,1693115002708.32,0.706728601314275,4.47036660760176,31.0476057805499,64.7376583333333,0.4795911155866376,103.35,114.76,7067.929,0.0,0.0,0,0,0,0,0,0
2019,09,Russian Federation,Togo,RUS,TGO,Togo,TGO,export,126.283,10.44,12.096072796934866,126.283,6992700101.37188,1693115002708.32,0.674652770077458,4.47036660760176,585.911013180369,64.7376583333333,9.050543814289997,113.55,114.76,6383.357,0.0,0.0,0,0,0,0,0,0
2019,09,Russian Federation,United Arab Emirates,RUS,ARE,United Arab Emirates,ARE,export,471.047,920.032,0.5119898003547703,-19651.31,417989721742.682,1693115002708.32,-1.93108114782171,4.47036660760176,3.6725,64.7376583333333,0.05672895953527309,120.03,114.76,3739.195,0.0,0.0,0,0,0,0,0,0
2019,09,Russian Federation,TÃ¼rkiye,RUS,TUR,TÃ¼rkiye,TUR,export,418.144,445.57800000000003,0.9384305329257727,-956.479,761005915750.925,1693115002708.32,15.1768215720023,4.47036660760176,5.67381930843574,64.7376583333333,0.08764325825968748,113.04,114.76,1757.71,0.0,0.0,0,0,0,0,0,0
2019,09,Russian Federation,Turkmenistan,RUS,TKM,Turkmenistan,TKM,export,479.693,126.07000000000001,3.804973427460934,479.693,45232857142.8571,1693115002708.32,,4.47036660760176,,64.7376583333333,,,114.76,2510.13,0.0,0.0,0,0,0,0,0,1
2019,09,Russian Federation,Ukraine,RUS,UKR,Ukraine,UKR,export,20736.838,3943.047,5.259089734410977,20448.822,153883047509.577,1693115002708.32,7.88671745611135,4.47036660760176,25.8455893333333,64.7376583333333,0.39923577711530317,116.85,114.76,763.4056,1.0,0.0,1,0,0,0,0,0
2019,09,Russian Federation,North Macedonia,RUS,MKD,North Macedonia,MKD,export,1.033,0.062,16.661290322580644,-70.695,12606338448.547,1693115002708.32,0.766439573459716,4.47036660760176,54.9472,64.7376583333333,0.8487671845817721,114.63,114.76,1927.484,0.0,0.0,0,0,0,0,0,0
2019,09,Russian Federation,Egypt,RUS,EGY,Egypt,EGY,export,635.875,1023.325,0.6213812816065277,40.908000000000015,318678815489.749,1693115002708.32,9.15279959324804,4.47036660760176,16.7705818428763,64.7376583333333,0.259054502041529,112.78,114.76,2905.404,0.0,0.0,0,0,0,0,0,0
2019,09,Russian Federation,United Kingdom,RUS,GBR,United Kingdom,GBR,export,606.711,505.486,1.2002528259932026,-7956.056,2851407164907.81,1693115002708.32,1.73810460086515,4.47036660760176,0.783445110011929,64.7376583333333,0.012101845049414377,106.78,114.76,2510.88,0.0,0.0,1,1,1,0,0,0
2019,09,Russian Federation,USA,RUS,USA,USA,USA,export,928.819,279.08299999999997,3.328110275437773,469.46099999999996,21539982000000.0,1693115002708.32,1.81221007526021,4.47036660760176,1.0,64.7376583333333,0.01544695971008117,99.44,114.76,7517.972,0.0,0.0,1,1,0,0,0,0
2019,09,Russian Federation,Uzbekistan,RUS,UZB,Uzbekistan,UZB,export,2236.103,1566.559,1.4273978828757807,-206.4090000000001,67293639798.3996,1693115002708.32,14.5257359560686,4.47036660760176,8836.7875,64.7376583333333,136.5015004790489,127.88,114.76,2789.856,0.0,0.0,0,0,0,0,0,1
2019,09,Russian Federation,Yemen,RUS,YEM,Yemen,YEM,export,275.501,405.937,0.6786792039158785,167.87499999999997,,1693115002708.32,,4.47036660760176,486.730922939068,64.7376583333333,7.518512956290406,,114.76,4525.518,0.0,0.0,0,0,0,0,0,0
2019,09,Rwanda,Russian Federation,RWA,RUS,Rwanda,RWA,import,3473.69,1196.938,2.902146978373149,,10349300276.7623,1693115002708.32,3.34787655037643,4.47036660760176,899.350509,64.7376583333333,13.892231077763993,156.72,114.76,6457.65,0.0,0.0,0,0,0,0,0,0
2019,09,Saudi Arabia,Russian Federation,SAU,RUS,Saudi Arabia,SAU,import,7.526,1.336,5.633233532934131,,888890133333.333,1693115002708.32,-2.0933490096655,4.47036660760176,3.75,64.7376583333333,0.05792609891280439,109.37,114.76,3539.516,0.0,0.0,0,0,0,0,0,0
2019,09,Serbia,Russian Federation,SRB,RUS,Serbia,SRB,import,138.381,16.5,8.386727272727272,,53864693664.5568,1693115002708.32,1.84922984511088,4.47036660760176,105.249558333333,64.7376583333333,1.6257856870788328,114.34,114.76,,,,0,0,0,0,0,0
2019,09,India,Russian Federation,IND,RUS,India,IND,import,120849.347,55354.823,2.183176468652063,,2835606256558.19,1693115002708.32,3.72950573539127,4.47036660760176,70.4203405359551,64.7376583333333,1.0877801630290944,115.05,114.76,4341.881,0.0,0.0,0,0,0,0,1,0
2019,09,Singapore,Russian Federation,SGP,RUS,Singapore,SGP,import,470.244,70.814,6.64055130341458,,376161998830.048,1693115002708.32,0.567829988405464,4.47036660760176,1.36415833333333,64.7376583333333,0.021072098813171427,120.76,114.76,8431.775,0.0,0.0,1,0,0,0,0,0
2019,09,Viet Nam,Russian Federation,VNM,RUS,Viet Nam,VNM,import,172359.315,109150.86399999999,1.5790925392949708,,334365270496.667,1693115002708.32,2.79582367452249,4.47036660760176,23050.2416666667,64.7376583333333,356.0561543326348,147.12,114.76,6737.911,0.0,0.0,0,0,0,0,0,0
2019,09,Slovenia,Russian Federation,SVN,RUS,Slovenia,SVN,import,2.385,0.212,11.25,,53909922735.545,1693115002708.32,1.63052260754342,4.47036660760176,0.893276257067409,64.7376583333333,0.013798402352892376,127.33,114.76,1937.979,0.0,0.0,1,1,1,0,0,0
2019,09,South Africa,Russian Federation,ZAF,RUS,South Africa,ZAF,import,6.291,1.017,6.185840707964602,,389330032224.269,1693115002708.32,4.1028507546115,4.47036660760176,14.4484270548333,64.7376583333333,0.22318427059005672,99.88,114.76,10147.89,0.0,0.0,0,0,0,0,1,0
2019,09,Zimbabwe,Russian Federation,ZWE,RUS,Zimbabwe,ZWE,import,1556.535,851.651,1.827667671381822,,25715657177.4682,1693115002708.32,255.304990757856,4.47036660760176,,64.7376583333333,,92.12,114.76,8213.716,0.0,0.0,0,0,0,0,0,0
2019,09,Spain,Russian Federation,ESP,RUS,Spain,ESP,import,3923.346,870.8539999999999,4.50517078637751,,1403496387686.27,1693115002708.32,0.699518994458692,4.47036660760176,0.893276257067409,64.7376583333333,0.013798402352892376,107.87,114.76,3449.3,0.0,0.0,1,1,1,0,0,0
2019,09,Sweden,Russian Federation,SWE,RUS,Sweden,SWE,import,2615.037,304.67,8.583178521022745,,532169294165.94,1693115002708.32,1.78415097403837,4.47036660760176,9.45834916666667,64.7376583333333,0.14610273850137986,112.79,114.76,1232.383,0.0,0.0,1,1,1,0,0,0
2019,09,Switzerland,Russian Federation,CHE,RUS,Switzerland,CHE,import,28038.848,1331.05,21.065210172420272,,721369112726.724,1693115002708.32,0.362886179940615,4.47036660760176,0.993709166666667,64.7376583333333,0.015349785461038339,115.9,114.76,2296.397,0.0,0.0,1,0,0,0,0,0
2019,09,Syria,Russian Federation,SYR,RUS,Syria,SYR,import,151.297,31.077,4.868455771149081,,22583045060.0821,1693115002708.32,13.4175653228571,4.47036660760176,436.5,64.7376583333333,6.742597913450431,,114.76,2478.709,0.0,0.0,0,0,0,0,0,0
2019,09,Thailand,Russian Federation,THA,RUS,Thailand,THA,import,217.55599999999998,57.17400000000001,3.8051561898765165,,543976691793.886,1693115002708.32,0.706728601314275,4.47036660760176,31.0476057805499,64.7376583333333,0.4795911155866376,103.35,114.76,7067.929,0.0,0.0,0,0,0,0,0,0
2019,09,United Arab Emirates,Russian Federation,ARE,RUS,United Arab Emirates,ARE,import,20122.357,4550.072999999999,4.422425090762281,,417989721742.682,1693115002708.32,-1.93108114782171,4.47036660760176,3.6725,64.7376583333333,0.05672895953527309,120.03,114.76,3739.195,0.0,0.0,0,0,0,0,0,0
2019,09,Tunisia,Russian Federation,TUN,RUS,Tunisia,TUN,import,7.74,3.085,2.5089141004862237,,41905642418.825,1693115002708.32,6.72007532863797,4.47036660760176,2.93443333333333,64.7376583333333,0.04532807347191914,101.21,114.76,2946.28,0.0,0.0,0,0,0,0,0,0
2019,09,TÃ¼rkiye,Russian Federation,TUR,RUS,TÃ¼rkiye,TUR,import,1374.623,491.894,2.7945512651099627,,761005915750.925,1693115002708.32,15.1768215720023,4.47036660760176,5.67381930843574,64.7376583333333,0.08764325825968748,113.04,114.76,1757.71,0.0,0.0,0,0,0,0,0,0
2019,09,Uganda,Russian Federation,UGA,RUS,Uganda,UGA,import,4936.791,3025.249,1.6318626995662178,,35353061007.9635,1693115002708.32,2.86758803446903,4.47036660760176,3704.04907169681,64.7376583333333,57.21629677466419,118.37,114.76,6185.184,0.0,0.0,0,0,0,0,0,0
2019,09,Ukraine,Russian Federation,UKR,RUS,Ukraine,UKR,import,288.016,49.207,5.853150974454854,,153883047509.577,1693115002708.32,7.88671745611135,4.47036660760176,25.8455893333333,64.7376583333333,0.39923577711530317,116.85,114.76,763.4056,1.0,0.0,1,0,0,0,0,0
2019,09,North Macedonia,Russian Federation,MKD,RUS,North Macedonia,MKD,import,71.728,18.502,3.876770078910388,,12606338448.547,1693115002708.32,0.766439573459716,4.47036660760176,54.9472,64.7376583333333,0.8487671845817721,114.63,114.76,1927.484,0.0,0.0,0,0,0,0,0,0
2019,09,Egypt,Russian Federation,EGY,RUS,Egypt,EGY,import,594.967,327.986,1.8140012073686071,,318678815489.749,1693115002708.32,9.15279959324804,4.47036660760176,16.7705818428763,64.7376583333333,0.259054502041529,112.78,114.76,2905.404,0.0,0.0,0,0,0,0,0,0
2019,09,United Kingdom,Russian Federation,GBR,RUS,United Kingdom,GBR,import,8562.767,959.115,8.927779254833883,,2851407164907.81,1693115002708.32,1.73810460086515,4.47036660760176,0.783445110011929,64.7376583333333,0.012101845049414377,106.78,114.76,2510.88,0.0,0.0,1,1,1,0,0,0
2019,09,United Rep. of Tanzania,Russian Federation,TZA,RUS,United Rep. of Tanzania,TZA,import,5292.982,2963.759,1.7859016202059614,,61026731925.9213,1693115002708.32,3.46428057999023,4.47036660760176,2288.20666666667,64.7376583333333,35.345836188339185,137.41,114.76,6968.894,0.0,0.0,0,0,0,0,0,0
2019,09,USA,Russian Federation,USA,RUS,USA,USA,import,459.358,40.806,11.257119051119934,,21539982000000.0,1693115002708.32,1.81221007526021,4.47036660760176,1.0,64.7376583333333,0.01544695971008117,99.44,114.76,7517.972,0.0,0.0,1,1,0,0,0,0
2019,09,Uruguay,Russian Federation,URY,RUS,Uruguay,URY,import,0.59,0.08,7.374999999999999,,62222313618.8454,1693115002708.32,7.88198870879619,4.47036660760176,35.255375,64.7376583333333,0.5445883571888029,97.93,114.76,13387.23,0.0,0.0,0,0,0,0,0,0
2019,09,Uzbekistan,Russian Federation,UZB,RUS,Uzbekistan,UZB,import,2442.512,1121.059,2.178754195809498,,67293639798.3996,1693115002708.32,14.5257359560686,4.47036660760176,8836.7875,64.7376583333333,136.5015004790489,127.88,114.76,2789.856,0.0,0.0,0,0,0,0,0,1
2019,09,Yemen,Russian Federation,YEM,RUS,Yemen,YEM,import,107.626,7.693,13.99012088911998,,,1693115002708.32,,4.47036660760176,486.730922939068,64.7376583333333,7.518512956290406,,114.76,4525.518,0.0,0.0,0,0,0,0,0,0
2019,09,Zambia,Russian Federation,ZMB,RUS,Zambia,ZMB,import,9.203,1.2,7.6691666666666665,,23308667781.2258,1693115002708.32,9.15031644316299,4.47036660760176,12.89,64.7376583333333,0.1991113106629463,,114.76,7975.7,0.0,0.0,0,0,0,0,0,0
2020,09,Albania,Russian Federation,ALB,RUS,Albania,ALB,import,6.494,3.0,2.1646666666666667,,15241455556.3737,1493075894362.14,1.62088661717011,3.38165937237896,108.65,72.1049083333333,1.5068322325260113,111.94,116.2,2063.678,0.0,0.0,1,0,0,0,0,0
2020,09,Azerbaijan,Russian Federation,AZE,RUS,Azerbaijan,AZE,import,1781.208,386.713,4.606020485476309,,42693000000.0,1493075894362.14,2.75980947008127,3.38165937237896,1.7,72.1049083333333,0.023576758355216006,131.87,116.2,1930.747,1.0,0.0,0,0,0,0,0,1
2020,09,Argentina,Russian Federation,ARG,RUS,Argentina,ARG,import,2460.6969999999997,2783.6319999999996,0.8839878978255746,,385740508436.965,1493075894362.14,42.0150947376509,3.38165937237896,70.5391666666667,72.1049083333333,0.9782852276931226,80.74,116.2,13505.36,0.0,0.0,0,0,0,0,0,0
2020,09,Australia,Russian Federation,AUS,RUS,Australia,AUS,import,9.84,0.726,13.553719008264464,,1328414058378.38,1493075894362.14,0.846905537459283,3.38165937237896,1.45308511847016,72.1049083333333,0.020152374533959638,96.83,116.2,14503.07,0.0,0.0,1,1,0,0,0,0
2020,09,Austria,Russian Federation,AUT,RUS,Austria,AUT,import,21570.397,953.001,22.634180866546835,,434397601557.696,1493075894362.14,1.38191063351859,3.38165937237896,0.875506396987998,72.1049083333333,0.012142119270724614,105.13,116.2,1675.699,0.0,0.0,1,1,1,0,0,0
2020,09,Armenia,Russian Federation,ARM,RUS,Armenia,ARM,import,4051.83,980.7219999999999,4.131476606010675,,12641698583.2152,1493075894362.14,1.2114357783847,3.38165937237896,489.008858590915,72.1049083333333,6.78190805444588,157.64,116.2,1803.035,0.0,0.0,0,0,0,1,0,1
2020,09,Belgium,Russian Federation,BEL,RUS,Belgium,BEL,import,3850.3540000000003,560.169,6.873557801306392,,529694473501.791,1493075894362.14,0.740791812220353,3.38165937237896,0.875506396987998,72.1049083333333,0.012142119270724614,107.52,116.2,2261.25,0.0,0.0,1,1,1,0,0,0
2020,09,Bolivia (Plurinational State of),Russian Federation,BOL,RUS,Bolivia (Plurinational State of),BOL,import,114.02,9.68,11.77892561983471,,36629843806.0781,1493075894362.14,0.940742153381827,3.38165937237896,6.91,72.1049083333333,0.09583258837326035,109.88,116.2,12518.5,0.0,0.0,0,0,0,0,0,0
2020,09,Brazil,Russian Federation,BRA,RUS,Brazil,BRA,import,114646.038,57916.564999999995,1.9795034115023915,,1476107231310.49,1493075894362.14,3.21176803803373,3.38165937237896,5.15517878751281,72.1049083333333,0.07149553208889703,92.89,116.2,11820.15,0.0,0.0,0,0,0,0,1,0
2020,09,Bulgaria,Russian Federation,BGR,RUS,Bulgaria,BGR,import,164.23899999999998,35.597,4.613843863246902,,70550652466.6251,1493075894362.14,1.67244096855763,3.38165937237896,1.71633333333333,72.1049083333333,0.023803280151177837,107.47,116.2,1785.898,0.0,0.0,1,1,1,0,0,0
2020,09,Myanmar,Russian Federation,MMR,RUS,Myanmar,MMR,import,50.080999999999996,6.0329999999999995,8.301176860600034,,79006113643.1906,1493075894362.14,,3.38165937237896,1381.61916666667,72.1049083333333,19.16123601849117,161.2,116.2,6526.041,0.0,0.0,0,0,0,0,0,0
2020,09,Burundi,Russian Federation,BDI,RUS,Burundi,BDI,import,955.743,274.837,3.477490294247136,,2649680261.44299,1493075894362.14,7.32110643415518,3.38165937237896,1915.04617583333,72.1049083333333,26.55916525100172,108.05,116.2,6624.152,0.0,0.0,0,0,0,0,0,0
2020,09,Belarus,Russian Federation,BLR,RUS,Belarus,BLR,import,4284.722000000001,3250.768,1.3180645312123167,,61371673344.7424,1493075894362.14,5.54814357456511,3.38165937237896,2.439575,72.1049083333333,0.033833688390838876,112.15,116.2,686.9657,1.0,0.0,0,0,0,1,0,1
2020,09,Cambodia,Russian Federation,KHM,RUS,Cambodia,KHM,import,72.58999999999999,5.057,14.354360292663632,,34818073901.4851,1493075894362.14,2.94029514263971,3.38165937237896,4092.78321900878,72.1049083333333,56.76150644403124,147.94,116.2,7534.794,0.0,0.0,0,0,0,0,0,0
2020,09,Cameroon,Russian Federation,CMR,RUS,Cameroon,CMR,import,239.398,80.822,2.9620400386033503,,40773241177.0505,1493075894362.14,2.43760882182241,3.38165937237896,575.586004510945,72.1049083333333,7.982618906469894,94.38,116.2,6231.046,0.0,0.0,0,0,0,0,0,0
2020,09,Canada,Russian Federation,CAN,RUS,Canada,CAN,import,24.375,2.229,10.935397039030955,,1655684730000.19,1493075894362.14,0.716999632307807,3.38165937237896,1.34115267222386,72.1049083333333,0.01860001910027892,95.22,116.2,7495.521,0.0,0.0,1,1,0,0,0,0
2020,09,Sri Lanka,Russian Federation,LKA,RUS,Sri Lanka,LKA,import,135855.06100000002,32050.271,4.2388116156646545,,84335574581.5072,1493075894362.14,6.15394508391736,3.38165937237896,185.592557772213,72.1049083333333,2.5739240512481953,97.13,116.2,6576.936,0.0,0.0,0,0,0,0,0,0
2020,09,Chile,Russian Federation,CHL,RUS,Chile,CHL,import,5.157,0.17500000000000002,29.468571428571426,,254042159309.311,1493075894362.14,3.0454908480433,3.38165937237896,792.727206103169,72.1049083333333,10.994081046999959,100.27,116.2,14153.3,0.0,0.0,0,0,0,0,0,0
2020,09,China,Russian Federation,CHN,RUS,China,CHN,import,82188.636,33546.502,2.4499912390269483,,14996414166715.1,1493075894362.14,2.41942189457778,3.38165937237896,6.90076726944925,72.1049083333333,0.09570454257493455,131.81,116.2,5795.045,1.0,0.0,0,0,0,0,1,0
2020,09,Colombia,Russian Federation,COL,RUS,Colombia,COL,import,15896.684,5484.176,2.89864584944028,,270348342541.465,1493075894362.14,2.5266350008471,3.38165937237896,3693.27583333333,72.1049083333333,51.22086580097585,99.39,116.2,10979.1,0.0,0.0,0,0,0,0,0,0
2020,09,Comoros,Russian Federation,COM,RUS,Comoros,COM,import,101.386,17.716,5.722849401670805,,1225039195.93742,1493075894362.14,,3.38165937237896,430.720912236792,72.1049083333333,5.973531097850027,,116.2,7521.362,0.0,0.0,0,0,0,0,0,0
2020,09,Congo,Russian Federation,COG,RUS,Congo,COG,import,64.416,16.802,3.8338293060349957,,11468687464.0046,1493075894362.14,1.79537147083111,3.38165937237896,575.586004510945,72.1049083333333,7.982618906469894,118.0,116.2,6985.611,0.0,0.0,0,0,0,0,0,0
2020,09,Dem. Rep. of the Congo,Russian Federation,COD,RUS,Dem. Rep. of the Congo,COD,import,52.671,19.758,2.665806255693896,,48716961860.1325,1493075894362.14,,3.38165937237896,1851.12216183261,72.1049083333333,25.67262346794853,,116.2,,,,0,0,0,0,0,0
2020,09,Costa Rica,Russian Federation,CRI,RUS,Costa Rica,CRI,import,830.7779999999999,173.552,4.786911127500691,,62395610759.9798,1493075894362.14,0.724911478131341,3.38165937237896,584.900854962304,72.1049083333333,8.111803599532639,111.24,116.2,10967.48,0.0,0.0,0,0,0,0,0,0
2020,09,Croatia,Russian Federation,HRV,RUS,Croatia,HRV,import,34.487,8.871,3.887611317777026,,57963370885.0798,1493075894362.14,0.154811374562112,3.38165937237896,6.6140555,72.1049083333333,0.09172822839499258,103.01,116.2,1875.36,0.0,0.0,1,1,1,0,0,0
2020,09,Cuba,Russian Federation,CUB,RUS,Cuba,CUB,import,402.668,73.636,5.468357868433919,,107351800000.0,1493075894362.14,,3.38165937237896,,72.1049083333333,,,116.2,9603.391,0.0,0.0,0,0,0,0,0,0
2020,09,Cyprus,Russian Federation,CYP,RUS,Cyprus,CYP,import,16.917,2.2279999999999998,7.592908438061043,,25555093854.2968,1493075894362.14,-0.638422797978945,3.38165937237896,0.875506396987998,72.1049083333333,0.012142119270724614,128.66,116.2,2316.67,0.0,0.0,1,0,1,0,0,0
2020,09,Czechia,Russian Federation,CZE,RUS,Czechia,CZE,import,196.293,23.464,8.365709171496762,,251109660602.536,1493075894362.14,3.16129528497808,3.38165937237896,23.21025,72.1049083333333,0.3218955621259719,107.23,116.2,1673.0,0.0,0.0,1,1,1,0,0,0
2020,09,Denmark,Russian Federation,DNK,RUS,Denmark,DNK,import,24.034000000000002,7.710000000000001,3.1172503242542153,,355631021931.621,1493075894362.14,0.420711974110097,3.38165937237896,6.54215220416667,72.1049083333333,0.09073102449451843,110.64,116.2,1566.362,0.0,0.0,1,1,1,0,0,0
2020,09,Dominica,Russian Federation,DMA,RUS,Dominica,DMA,import,4.178,0.675,6.189629629629629,,528944444.444444,1493075894362.14,1.22026442242472,3.38165937237896,2.7,72.1049083333333,0.03744543974063719,,116.2,9170.044,0.0,0.0,0,0,0,0,0,0
2020,09,Dominican Rep.,Russian Federation,DOM,RUS,Dominican Rep.,DOM,import,357.48199999999997,43.108000000000004,8.292706690173516,,78546672406.8291,1493075894362.14,3.78103179915515,3.38165937237896,56.5245333333334,72.1049083333333,0.7839207432596199,110.07,116.2,9365.754,0.0,0.0,0,0,0,0,0,0
2020,09,Ecuador,Russian Federation,ECU,RUS,Ecuador,ECU,import,77.64099999999999,18.873,4.113866369946484,,95865473000.0,1493075894362.14,-0.338872392562181,3.38165937237896,1.0,72.1049083333333,0.01386868138542118,92.52,116.2,11640.42,0.0,0.0,0,0,0,0,0,0
2020,09,El Salvador,Russian Federation,SLV,RUS,El Salvador,SLV,import,243.812,61.96,3.9349903163331184,,24921190000.0,1493075894362.14,-0.37159021232411,3.38165937237896,1.0,72.1049083333333,0.01386868138542118,90.23,116.2,10866.28,0.0,0.0,0,0,0,0,0,0
2020,09,Ethiopia,Russian Federation,ETH,RUS,Ethiopia,ETH,import,13271.238000000001,4264.54,3.1119975425251027,,107657732424.155,1493075894362.14,20.3563468559061,3.38165937237896,34.9271654040404,72.1049083333333,0.4843937286845417,,116.2,5198.625,0.0,0.0,0,0,0,0,0,0
2020,09,Estonia,Russian Federation,EST,RUS,Estonia,EST,import,2015.827,85.337,23.621957650257215,,31820771493.8974,1493075894362.14,-0.444531097679813,3.38165937237896,0.875506396987998,72.1049083333333,0.012142119270724614,118.51,116.2,871.7853,1.0,0.0,1,1,1,0,0,0
2020,09,Finland,Russian Federation,FIN,RUS,Finland,FIN,import,6021.058,948.554,6.347617531526935,,270000311606.226,1493075894362.14,0.290554555653304,3.38165937237896,0.875506396987998,72.1049083333333,0.012142119270724614,111.07,116.2,892.6777,1.0,0.0,1,1,1,0,0,0
2020,09,France,Russian Federation,FRA,RUS,France,FRA,import,2464.297,399.149,6.173877424220028,,2647926055110.05,1493075894362.14,0.476498852725014,3.38165937237896,0.875506396987998,72.1049083333333,0.012142119270724614,92.29,116.2,2494.316,0.0,0.0,1,1,1,0,0,0
2020,09,Georgia,Russian Federation,GEO,RUS,Georgia,GEO,import,4291.648,1799.788,2.384529733501946,,16010869215.68,1493075894362.14,5.2024648897534,3.38165937237896,3.10901666666667,72.1049083333333,0.04311796157196425,111.11,116.2,1644.856,1.0,0.0,0,0,0,0,0,0
2020,09,Germany,Russian Federation,DEU,RUS,Germany,DEU,import,45391.334,6964.013,6.517985247873605,,3940142541354.1,1493075894362.14,0.144877925813963,3.38165937237896,0.875506396987998,72.1049083333333,0.012142119270724614,92.62,116.2,2065.183,0.0,0.0,1,1,1,0,0,0
2020,09,Greece,Russian Federation,GRC,RUS,Greece,GRC,import,209.434,26.018,8.04958105926666,,191362985554.861,1493075894362.14,-1.24798355581408,3.38165937237896,0.875506396987998,72.1049083333333,0.012142119270724614,108.52,116.2,2233.583,0.0,0.0,1,1,1,0,0,0
2020,09,Grenada,Russian Federation,GRD,RUS,Grenada,GRD,import,6.454,0.308,20.954545454545453,,1043411111.11111,1493075894362.14,-0.740732597045526,3.38165937237896,2.7,72.1049083333333,0.03744543974063719,,116.2,9489.634,0.0,0.0,0,0,0,0,0,0
2020,09,Guatemala,Russian Federation,GTM,RUS,Guatemala,GTM,import,15406.112,1293.451,11.91085862549103,,77719464220.73,1493075894362.14,3.21444062197349,3.38165937237896,7.72165,72.1049083333333,0.10708910361973746,112.38,116.2,10835.78,0.0,0.0,0,0,0,0,0,0
2020,09,Honduras,Russian Federation,HND,RUS,Honduras,HND,import,10699.546,4146.611,2.5803110057827947,,23352232483.755,1493075894362.14,3.46841177951179,3.38165937237896,24.5818805172846,72.1049083333333,0.34091826874871245,96.34,116.2,10729.13,0.0,0.0,0,0,0,0,0,0
2020,09,Hungary,Russian Federation,HUN,RUS,Hungary,HUN,import,4.343999999999999,0.549,7.912568306010927,,158468487754.196,1493075894362.14,3.3267438576673,3.38165937237896,307.996666666667,72.1049083333333,4.2715076377717764,109.06,116.2,1574.19,0.0,0.0,1,0,1,0,0,0
2020,09,Indonesia,Russian Federation,IDN,RUS,Indonesia,IDN,import,53867.758,29232.933999999997,1.8427078855649592,,1059054842698.48,1493075894362.14,1.91983527270797,3.38165937237896,14582.2034678177,72.1049083333333,202.2359337925475,105.97,116.2,9302.706,0.0,0.0,0,0,0,0,0,0
2020,09,Iran,Russian Federation,IRN,RUS,Iran,IRN,import,640.897,568.812,1.1267290422846215,,262186179355.944,1493075894362.14,30.5941390387295,3.38165937237896,42000.0,72.1049083333333,582.4846181876895,,116.2,2466.589,0.0,0.0,0,0,0,0,0,0
2020,09,Ireland,Russian Federation,IRL,RUS,Ireland,IRL,import,20.572,1.346,15.283803863298662,,436555518400.451,1493075894362.14,-0.326183651280059,3.38165937237896,0.875506396987998,72.1049083333333,0.012142119270724614,127.91,116.2,2802.315,0.0,0.0,1,1,1,0,0,0
2020,09,Israel,Russian Federation,ISR,RUS,Israel,ISR,import,694.8140000000001,93.26899999999999,7.449570596875705,,410768352657.612,1493075894362.14,-0.575254620897805,3.38165937237896,3.44240585198793,72.1049083333333,0.04774162996052994,110.81,116.2,2643.989,0.0,0.0,0,0,0,0,0,0
2020,09,Italy,Russian Federation,ITA,RUS,Italy,ITA,import,84203.503,14205.956999999999,5.927337595066633,,1907481094079.23,1493075894362.14,-0.137707573916501,3.38165937237896,0.875506396987998,72.1049083333333,0.012142119270724614,93.13,116.2,2383.171,0.0,0.0,1,1,1,0,0,0
2020,09,CÃ´te d'Ivoire,Russian Federation,CIV,RUS,CÃ´te d'Ivoire,CIV,import,181.366,118.871,1.5257379848743597,,63027852805.4204,1493075894362.14,2.42500656821817,3.38165937237896,575.586004510945,72.1049083333333,7.982618906469894,176.79,116.2,6715.534,0.0,0.0,0,0,0,0,0,0
2020,09,Jamaica,Russian Federation,JAM,RUS,Jamaica,JAM,import,37.053,1.684,22.00296912114014,,13812421835.7369,1493075894362.14,5.2267777929352,3.38165937237896,142.402832756013,72.1049083333333,1.9749395158745628,105.35,116.2,9806.688,0.0,0.0,0,0,0,0,0,0
2020,09,Japan,Russian Federation,JPN,RUS,Japan,JPN,import,2352.11,188.835,12.455900654010115,,5054068005376.28,1493075894362.14,-0.024995834027682,3.38165937237896,106.774582262437,72.1049083333333,1.4808226614591824,90.43,116.2,7486.303,0.0,0.0,1,1,0,0,0,0
2020,09,Kazakhstan,Russian Federation,KAZ,RUS,Kazakhstan,KAZ,import,16570.414,3492.2430000000004,4.74492009863002,,171082365861.423,1493075894362.14,6.71815454861464,3.38165937237896,412.953333333333,72.1049083333333,5.7271182070476225,142.54,116.2,3104.607,1.0,1.0,0,0,0,1,0,1
2020,09,Kenya,Russian Federation,KEN,RUS,Kenya,KEN,import,44456.674,21341.436999999998,2.083115302872998,,100657505750.545,1493075894362.14,5.40516207933395,3.38165937237896,106.450780158517,72.1049083333333,1.476331953247987,110.03,116.2,6348.253,0.0,0.0,0,0,0,0,0,0
2020,09,Rep. of Korea,Russian Federation,KOR,RUS,Rep. of Korea,KOR,import,267.815,61.177,4.377707308302139,,1644312831906.17,1493075894362.14,0.537288023411766,3.38165937237896,1180.26583333333,72.1049083333333,16.36873079259857,,116.2,6614.064,0.0,0.0,1,0,0,0,0,0
2020,09,Kyrgyzstan,Russian Federation,KGZ,RUS,Kyrgyzstan,KGZ,import,56.65,36.064,1.570818544809228,,8270468614.24051,1493075894362.14,6.32542296338081,3.38165937237896,77.3461127039303,72.1049083333333,1.0726885934916868,125.39,116.2,2985.871,0.0,1.0,0,0,0,1,0,1
2020,09,Lao People's Dem. Rep.,Russian Federation,LAO,RUS,Lao People's Dem. Rep.,LAO,import,46.915,15.96,2.93953634085213,,18981805250.2424,1493075894362.14,5.10407262959923,3.38165937237896,9045.78783382479,72.1049083333333,125.45314934743524,137.82,116.2,6809.734,0.0,0.0,0,0,0,0,0,0
2020,09,Lebanon,Russian Federation,LBN,RUS,Lebanon,LBN,import,38.351,9.529,4.0246615594501,,31712128253.7961,1493075894362.14,84.864333047204,3.38165937237896,1507.5,72.1049083333333,20.907037188522427,,116.2,2441.484,0.0,0.0,0,0,0,0,0,0
2020,09,Latvia,Russian Federation,LVA,RUS,Latvia,LVA,import,3772.259,241.273,15.634816162604187,,33379927434.6149,1493075894362.14,0.219064904842114,3.38165937237896,0.875506396987998,72.1049083333333,0.012142119270724614,118.62,116.2,847.8519,1.0,0.0,1,1,1,0,0,0
2020,09,Lithuania,Russian Federation,LTU,RUS,Lithuania,LTU,import,8865.724999999999,396.197,22.377062420967345,,57412038533.2718,1493075894362.14,1.19989444983568,3.38165937237896,0.875506396987998,72.1049083333333,0.012142119270724614,120.35,116.2,794.0689,1.0,0.0,1,1,1,0,0,0
2020,09,Luxembourg,Russian Federation,LUX,RUS,Luxembourg,LUX,import,0.027,0.002,13.5,,73670782100.3909,1493075894362.14,0.819957302127018,3.38165937237896,0.875506396987998,72.1049083333333,0.012142119270724614,94.59,116.2,2214.132,0.0,0.0,1,1,1,0,0,0
2020,09,Madagascar,Russian Federation,MDG,RUS,Madagascar,MDG,import,751.928,179.324,4.193125292766166,,13051441203.9474,1493075894362.14,4.20179312190558,3.38165937237896,3787.75405817574,72.1049083333333,52.53115419917541,,116.2,8356.116,0.0,0.0,0,0,0,0,0,0
2020,09,Malawi,Russian Federation,MWI,RUS,Malawi,MWI,import,308.094,242.492,1.270532636128202,,11769313597.8545,1493075894362.14,8.62551469650552,3.38165937237896,749.527493882201,72.1049083333333,10.394958002265469,123.67,116.2,7767.932,0.0,0.0,0,0,0,0,0,0
2020,09,Mexico,Russian Federation,MEX,RUS,Mexico,MEX,import,4877.32,1405.16,3.471006860428705,,1121064767401.51,1493075894362.14,3.39683415570006,3.38165937237896,21.4856083333333,72.1049083333333,0.2979770563469497,96.24,116.2,10736.3,0.0,0.0,0,0,0,0,0,0
2020,09,"Other Asia, nes",Russian Federation,S19,RUS,"Other Asia, nes",S19,import,194.369,9.189,21.15235607791925,,,1493075894362.14,,3.38165937237896,,72.1049083333333,,,116.2,,,,0,0,0,0,0,0
2020,09,Mongolia,Russian Federation,MNG,RUS,Mongolia,MNG,import,2.463,0.8380000000000001,2.939140811455847,,13312981429.0891,1493075894362.14,3.7237230614026,3.38165937237896,2813.28983532639,72.1049083333333,39.01662037098572,128.22,116.2,4632.875,1.0,0.0,0,0,0,0,0,0
2020,09,Morocco,Russian Federation,MAR,RUS,Morocco,MAR,import,65.321,2.323,28.11924235901851,,121353645057.144,1493075894362.14,0.705968661338224,3.38165937237896,9.49684732221969,72.1049083333333,0.13170874967785517,106.07,116.2,4156.454,0.0,0.0,0,0,0,0,0,0
2020,09,Mozambique,Russian Federation,MOZ,RUS,Mozambique,MOZ,import,319.396,216.803,1.4732083965627782,,14235420174.1884,1493075894362.14,3.48393567493207,3.38165937237896,69.465,72.1049083333333,0.9633879524382822,,116.2,9107.99,0.0,0.0,0,0,0,0,0,0
2020,09,Oman,Russian Federation,OMN,RUS,Oman,OMN,import,0.039,0.018,2.166666666666667,,75909492847.8544,1493075894362.14,-0.406402919465837,3.38165937237896,0.3845,72.1049083333333,0.005332507992694443,99.69,116.2,3965.798,0.0,0.0,0,0,0,0,0,0
2020,09,Nepal,Russian Federation,NPL,RUS,Nepal,NPL,import,614.3340000000001,245.21,2.505338281473023,,33433659301.2466,1493075894362.14,5.05236655289212,3.38165937237896,118.345187275986,72.1049083333333,1.6412916958286505,118.04,116.2,4889.868,0.0,0.0,0,0,0,0,0,0
2020,09,Netherlands,Russian Federation,NLD,RUS,Netherlands,NLD,import,19489.444000000003,3849.5110000000004,5.062836292713542,,932560861701.17,1493075894362.14,1.27246037789166,3.38165937237896,0.875506396987998,72.1049083333333,0.012142119270724614,105.57,116.2,2155.229,0.0,0.0,1,1,1,0,0,0
2020,09,Nicaragua,Russian Federation,NIC,RUS,Nicaragua,NIC,import,3515.524,1256.852,2.797086689602276,,12726422432.4868,1493075894362.14,3.68181341625574,3.38165937237896,34.3421221197024,72.1049083333333,0.47627994977737764,107.39,116.2,10876.95,0.0,0.0,0,0,0,0,0,0
2020,09,Nigeria,Russian Federation,NGA,RUS,Nigeria,NGA,import,903.6519999999999,420.011,2.151496032246774,,432198898467.795,1493075894362.14,13.2460234276598,3.38165937237896,358.810797258297,72.1049083333333,4.976232624824276,95.16,116.2,6263.33,0.0,0.0,0,0,0,0,0,0
2020,09,Norway,Russian Federation,NOR,RUS,Norway,NOR,import,2.442,0.063,38.761904761904766,,367633418886.627,1493075894362.14,1.28658490707998,3.38165937237896,9.41583333333334,72.1049083333333,0.13058519247822836,97.11,116.2,1649.799,1.0,0.0,1,1,0,0,0,0
2020,09,Panama,Russian Federation,PAN,RUS,Panama,PAN,import,173.26100000000002,7.789,22.24431891128515,,57059846500.0,1493075894362.14,-1.55027540803762,3.38165937237896,1.0,72.1049083333333,0.01386868138542118,82.18,116.2,10819.55,0.0,0.0,0,0,0,0,0,0
2020,09,Papua New Guinea,Russian Federation,PNG,RUS,Papua New Guinea,PNG,import,3051.4500000000003,1187.8190000000002,2.5689520036301827,,23848447849.6081,1493075894362.14,4.87167398565552,3.38165937237896,3.45997438644787,72.1049083333333,0.047985282367363644,93.36,116.2,12100.54,0.0,0.0,0,0,0,0,0,0
2020,09,Paraguay,Russian Federation,PRY,RUS,Paraguay,PRY,import,68.565,12.298,5.575296796227029,,35432178068.1814,1493075894362.14,1.76751592356698,3.38165937237896,6771.09742519652,72.1049083333333,93.90619281969626,111.04,116.2,12642.6,0.0,0.0,0,0,0,0,0,0
2020,09,Peru,Russian Federation,PER,RUS,Peru,PER,import,11658.127999999999,4659.238,2.5021533564072063,,201409694755.934,1493075894362.14,2.00241205759293,3.38165937237896,3.4949411976912,72.1049083333333,0.04847022593156155,89.59,116.2,12666.63,0.0,0.0,0,0,0,0,0,0
2020,09,Poland,Russian Federation,POL,RUS,Poland,POL,import,15206.874,1681.122,9.045669499298683,,605914186117.953,1493075894362.14,3.37446972618589,3.38165937237896,3.89974166666667,72.1049083333333,0.05408427466045141,122.07,116.2,1156.427,1.0,0.0,1,1,1,0,0,0
2020,09,Portugal,Russian Federation,PRT,RUS,Portugal,PRT,import,8095.633000000001,1634.4189999999999,4.953217626569442,,229618773422.577,1493075894362.14,-0.0124383299575331,3.38165937237896,0.875506396987998,72.1049083333333,0.012142119270724614,92.49,116.2,3913.34,0.0,0.0,1,1,1,0,0,0
2020,09,Timor-Leste,Russian Federation,TLS,RUS,Timor-Leste,TLS,import,1.831,0.244,7.504098360655738,,2162619240.86927,1493075894362.14,0.495499215459576,3.38165937237896,1.0,72.1049083333333,0.01386868138542118,,116.2,,,,0,0,0,0,0,0
2020,09,Romania,Russian Federation,ROU,RUS,Romania,ROU,import,55.567,23.809,2.333865345037591,,252033792712.145,1493075894362.14,2.63107311184746,3.38165937237896,4.24399166666667,72.1049083333333,0.05885856822738265,104.35,116.2,,,,1,1,1,0,0,0
2020,09,Russian Federation,Afghanistan,RUS,AFG,Afghanistan,AFG,export,140.34799999999998,111.53699999999999,1.2583089019787155,140.34799999999998,19955929052.1496,1493075894362.14,5.60188791482222,3.38165937237896,76.8135364354897,72.1049083333333,1.0653024629112475,,116.2,3367.526,0.0,0.0,0,0,0,0,0,0
2020,09,Russian Federation,Algeria,RUS,DZA,Algeria,DZA,export,36.762,43.25,0.8499884393063584,36.762,164873415325.201,1493075894362.14,2.41513094083414,3.38165937237896,126.7768,72.1049083333333,1.7582270462632636,91.54,116.2,3340.904,0.0,0.0,0,0,0,0,0,0
2020,09,Russian Federation,Azerbaijan,RUS,AZE,Azerbaijan,AZE,export,6252.31,1239.848,5.042803633993845,4471.102000000001,42693000000.0,1493075894362.14,2.75980947008127,3.38165937237896,1.7,72.1049083333333,0.023576758355216006,131.87,116.2,1930.747,1.0,0.0,0,0,0,0,0,1
2020,09,Russian Federation,Australia,RUS,AUS,Australia,AUS,export,3.728,0.4610000000000001,8.086767895878523,-6.112,1328414058378.38,1493075894362.14,0.846905537459283,3.38165937237896,1.45308511847016,72.1049083333333,0.020152374533959638,96.83,116.2,14503.07,0.0,0.0,1,1,0,0,0,0
2020,09,Russian Federation,Austria,RUS,AUT,Austria,AUT,export,348.519,243.694,1.4301501062808277,-21221.878,434397601557.696,1493075894362.14,1.38191063351859,3.38165937237896,0.875506396987998,72.1049083333333,0.012142119270724614,105.13,116.2,1675.699,0.0,0.0,1,1,1,0,0,0
2020,09,Russian Federation,Bahamas,RUS,BHS,Bahamas,BHS,export,0.296,0.024,12.333333333333332,0.296,10363200000.0,1493075894362.14,0.0385210980054084,3.38165937237896,1.0,72.1049083333333,0.01386868138542118,60.23,116.2,9155.123,0.0,0.0,0,0,0,0,0,0
2020,09,Russian Federation,Bahrain,RUS,BHR,Bahrain,BHR,export,0.125,0.008,15.625,0.125,35837632978.7234,1493075894362.14,-2.31770629331375,3.38165937237896,0.376,72.1049083333333,0.005214624200918364,104.88,116.2,3450.924,0.0,0.0,0,0,0,0,0,0
2020,09,Russian Federation,Armenia,RUS,ARM,Armenia,ARM,export,2836.116,543.379,5.21940671244196,-1215.714,12641698583.2152,1493075894362.14,1.2114357783847,3.38165937237896,489.008858590915,72.1049083333333,6.78190805444588,157.64,116.2,1803.035,0.0,0.0,0,0,0,1,0,1
2020,09,Russian Federation,Barbados,RUS,BRB,Barbados,BRB,export,67.279,5.048,13.327852614896988,67.279,5168344450.0,1493075894362.14,,3.38165937237896,2.0,72.1049083333333,0.02773736277084236,86.59,116.2,9265.654,0.0,0.0,0,0,0,0,0,0
2020,09,Russian Federation,Belgium,RUS,BEL,Belgium,BEL,export,0.247,0.008,30.875,-3850.1070000000004,529694473501.791,1493075894362.14,0.740791812220353,3.38165937237896,0.875506396987998,72.1049083333333,0.012142119270724614,107.52,116.2,2261.25,0.0,0.0,1,1,1,0,0,0
2020,09,Russian Federation,Bosnia Herzegovina,RUS,BIH,Bosnia Herzegovina,BIH,export,3.333,2.134,1.561855670103093,3.333,20226036564.4129,1493075894362.14,-1.05129600763489,3.38165937237896,1.71697049519219,72.1049083333333,0.02381211674598931,94.49,116.2,1902.116,0.0,0.0,0,0,0,0,0,0
2020,09,Russian Federation,Bulgaria,RUS,BGR,Bulgaria,BGR,export,184.25,203.071,0.9073181301121283,20.011000000000024,70550652466.6251,1493075894362.14,1.67244096855763,3.38165937237896,1.71633333333333,72.1049083333333,0.023803280151177837,107.47,116.2,1785.898,0.0,0.0,1,1,1,0,0,0
2020,09,Russian Federation,Belarus,RUS,BLR,Belarus,BLR,export,60104.025,13167.305,4.5646413597923035,55819.303,61371673344.7424,1493075894362.14,5.54814357456511,3.38165937237896,2.439575,72.1049083333333,0.033833688390838876,112.15,116.2,686.9657,1.0,0.0,0,0,0,1,0,1
2020,09,Russian Federation,Cambodia,RUS,KHM,Cambodia,KHM,export,3.059,0.324,9.441358024691358,-69.53099999999999,34818073901.4851,1493075894362.14,2.94029514263971,3.38165937237896,4092.78321900878,72.1049083333333,56.76150644403124,147.94,116.2,7534.794,0.0,0.0,0,0,0,0,0,0
2020,09,Russian Federation,Canada,RUS,CAN,Canada,CAN,export,139.92499999999998,13.459999999999999,10.395616641901931,115.54999999999998,1655684730000.19,1493075894362.14,0.716999632307807,3.38165937237896,1.34115267222386,72.1049083333333,0.01860001910027892,95.22,116.2,7495.521,0.0,0.0,1,1,0,0,0,0
2020,09,Russian Federation,Sri Lanka,RUS,LKA,Sri Lanka,LKA,export,2645.7930000000006,3739.94,0.7074426327695098,-133209.268,84335574581.5072,1493075894362.14,6.15394508391736,3.38165937237896,185.592557772213,72.1049083333333,2.5739240512481953,97.13,116.2,6576.936,0.0,0.0,0,0,0,0,0,0
2020,09,Russian Federation,Chile,RUS,CHL,Chile,CHL,export,1507.9089999999999,259.914,5.801568980508938,1502.752,254042159309.311,1493075894362.14,3.0454908480433,3.38165937237896,792.727206103169,72.1049083333333,10.994081046999959,100.27,116.2,14153.3,0.0,0.0,0,0,0,0,0,0
2020,09,Russian Federation,China,RUS,CHN,China,CHN,export,989.6800000000001,180.605,5.479803992137539,-81198.956,14996414166715.1,1493075894362.14,2.41942189457778,3.38165937237896,6.90076726944925,72.1049083333333,0.09570454257493455,131.81,116.2,5795.045,1.0,0.0,0,0,0,0,1,0
2020,09,Russian Federation,Colombia,RUS,COL,Colombia,COL,export,0.128,0.04,3.2,-15896.555999999999,270348342541.465,1493075894362.14,2.5266350008471,3.38165937237896,3693.27583333333,72.1049083333333,51.22086580097585,99.39,116.2,10979.1,0.0,0.0,0,0,0,0,0,0
2020,09,Russian Federation,Cyprus,RUS,CYP,Cyprus,CYP,export,7.1,0.066,107.57575757575756,-9.817000000000002,25555093854.2968,1493075894362.14,-0.638422797978945,3.38165937237896,0.875506396987998,72.1049083333333,0.012142119270724614,128.66,116.2,2316.67,0.0,0.0,1,0,1,0,0,0
2020,09,Russian Federation,Czechia,RUS,CZE,Czechia,CZE,export,201.52499999999998,36.031,5.5931003857789126,5.231999999999971,251109660602.536,1493075894362.14,3.16129528497808,3.38165937237896,23.21025,72.1049083333333,0.3218955621259719,107.23,116.2,1673.0,0.0,0.0,1,1,1,0,0,0
2020,09,Russian Federation,Denmark,RUS,DNK,Denmark,DNK,export,1.966,0.22599999999999998,8.699115044247788,-22.068,355631021931.621,1493075894362.14,0.420711974110097,3.38165937237896,6.54215220416667,72.1049083333333,0.09073102449451843,110.64,116.2,1566.362,0.0,0.0,1,1,1,0,0,0
2020,09,Russian Federation,Dominican Rep.,RUS,DOM,Dominican Rep.,DOM,export,29.506,6.836,4.316266822703335,-327.976,78546672406.8291,1493075894362.14,3.78103179915515,3.38165937237896,56.5245333333334,72.1049083333333,0.7839207432596199,110.07,116.2,9365.754,0.0,0.0,0,0,0,0,0,0
2020,09,Russian Federation,Estonia,RUS,EST,Estonia,EST,export,1228.197,332.361,3.6953703954435086,-787.6300000000001,31820771493.8974,1493075894362.14,-0.444531097679813,3.38165937237896,0.875506396987998,72.1049083333333,0.012142119270724614,118.51,116.2,871.7853,1.0,0.0,1,1,1,0,0,0
2020,09,Russian Federation,Finland,RUS,FIN,Finland,FIN,export,552.765,192.381,2.873282704632994,-5468.293,270000311606.226,1493075894362.14,0.290554555653304,3.38165937237896,0.875506396987998,72.1049083333333,0.012142119270724614,111.07,116.2,892.6777,1.0,0.0,1,1,1,0,0,0
2020,09,Russian Federation,France,RUS,FRA,France,FRA,export,1.707,0.024,71.125,-2462.59,2647926055110.05,1493075894362.14,0.476498852725014,3.38165937237896,0.875506396987998,72.1049083333333,0.012142119270724614,92.29,116.2,2494.316,0.0,0.0,1,1,1,0,0,0
2020,09,Russian Federation,French Polynesia,RUS,PYF,French Polynesia,PYF,export,0.087,0.002,43.49999999999999,0.087,5574821989.38239,1493075894362.14,,3.38165937237896,104.710608186968,72.1049083333333,1.4521980626187336,,116.2,15736.13,0.0,0.0,0,0,0,0,0,0
2020,09,Russian Federation,Georgia,RUS,GEO,Georgia,GEO,export,4123.701999999999,1197.3899999999999,3.443908835049566,-167.94600000000082,16010869215.68,1493075894362.14,5.2024648897534,3.38165937237896,3.10901666666667,72.1049083333333,0.04311796157196425,111.11,116.2,1644.856,1.0,0.0,0,0,0,0,0,0
2020,09,Russian Federation,Germany,RUS,DEU,Germany,DEU,export,3862.7650000000003,1960.4260000000002,1.970370215453172,-41528.569,3940142541354.1,1493075894362.14,0.144877925813963,3.38165937237896,0.875506396987998,72.1049083333333,0.012142119270724614,92.62,116.2,2065.183,0.0,0.0,1,1,1,0,0,0
2020,09,Russian Federation,Greece,RUS,GRC,Greece,GRC,export,11.987,0.211,56.81042654028436,-197.447,191362985554.861,1493075894362.14,-1.24798355581408,3.38165937237896,0.875506396987998,72.1049083333333,0.012142119270724614,108.52,116.2,2233.583,0.0,0.0,1,1,1,0,0,0
2020,09,Russian Federation,Guyana,RUS,GUY,Guyana,GUY,export,41.216,11.46,3.596509598603839,41.216,5471256594.72422,1493075894362.14,0.993337022838761,3.38165937237896,208.5,72.1049083333333,2.8916200688603158,91.14,116.2,9760.068,0.0,0.0,0,0,0,0,0,0
2020,09,Russian Federation,Honduras,RUS,HND,Honduras,HND,export,0.072,0.002,36.0,-10699.474,23352232483.755,1493075894362.14,3.46841177951179,3.38165937237896,24.5818805172846,72.1049083333333,0.34091826874871245,96.34,116.2,10729.13,0.0,0.0,0,0,0,0,0,0
2020,09,Russian Federation,"China, Hong Kong SAR",RUS,HKG,"China, Hong Kong SAR",HKG,export,345.64000000000004,21.064,16.40903911887581,345.64000000000004,344943149590.058,1493075894362.14,0.25096202108081,3.38165937237896,7.75725,72.1049083333333,0.10758282867705844,95.77,116.2,7145.355,0.0,0.0,0,0,0,0,0,0
2020,09,Russian Federation,Hungary,RUS,HUN,Hungary,HUN,export,133.42000000000002,52.317,2.5502226809641226,129.07600000000002,158468487754.196,1493075894362.14,3.3267438576673,3.38165937237896,307.996666666667,72.1049083333333,4.2715076377717764,109.06,116.2,1574.19,0.0,0.0,1,0,1,0,0,0
2020,09,Russian Federation,Iceland,RUS,ISL,Iceland,ISL,export,3.052,0.654,4.666666666666667,3.052,21629953194.0659,1493075894362.14,2.8479240151866,3.38165937237896,135.421711629205,72.1049083333333,1.87812057125383,105.8,116.2,3316.138,0.0,0.0,1,1,0,0,0,0
2020,09,Russian Federation,Indonesia,RUS,IDN,Indonesia,IDN,export,7133.253000000001,8469.179,0.8422602710368975,-46734.505000000005,1059054842698.48,1493075894362.14,1.91983527270797,3.38165937237896,14582.2034678177,72.1049083333333,202.2359337925475,105.97,116.2,9302.706,0.0,0.0,0,0,0,0,0,0
2020,09,Russian Federation,Iraq,RUS,IRQ,Iraq,IRQ,export,1.54,0.26,5.923076923076923,1.54,180898797516.874,1493075894362.14,0.574162679425837,3.38165937237896,1192.0,72.1049083333333,16.531468211422045,64.58,116.2,2548.646,0.0,0.0,0,0,0,0,0,0
2020,09,Russian Federation,Ireland,RUS,IRL,Ireland,IRL,export,2.315,0.43600000000000005,5.309633027522935,-18.256999999999998,436555518400.451,1493075894362.14,-0.326183651280059,3.38165937237896,0.875506396987998,72.1049083333333,0.012142119270724614,127.91,116.2,2802.315,0.0,0.0,1,1,1,0,0,0
2020,09,Russian Federation,Israel,RUS,ISR,Israel,ISR,export,3582.9089999999997,431.0,8.313013921113688,2888.0949999999993,410768352657.612,1493075894362.14,-0.575254620897805,3.38165937237896,3.44240585198793,72.1049083333333,0.04774162996052994,110.81,116.2,2643.989,0.0,0.0,0,0,0,0,0,0
2020,09,Russian Federation,Italy,RUS,ITA,Italy,ITA,export,625.289,215.954,2.8954731100141697,-83578.21399999999,1907481094079.23,1493075894362.14,-0.137707573916501,3.38165937237896,0.875506396987998,72.1049083333333,0.012142119270724614,93.13,116.2,2383.171,0.0,0.0,1,1,1,0,0,0
2020,09,Russian Federation,CÃ´te d'Ivoire,RUS,CIV,CÃ´te d'Ivoire,CIV,export,0.07,0.013,5.384615384615385,-181.29600000000002,63027852805.4204,1493075894362.14,2.42500656821817,3.38165937237896,575.586004510945,72.1049083333333,7.982618906469894,176.79,116.2,6715.534,0.0,0.0,0,0,0,0,0,0
2020,09,Russian Federation,Japan,RUS,JPN,Japan,JPN,export,105.95100000000001,12.312999999999999,8.604807926581664,-2246.159,5054068005376.28,1493075894362.14,-0.024995834027682,3.38165937237896,106.774582262437,72.1049083333333,1.4808226614591824,90.43,116.2,7486.303,0.0,0.0,1,1,0,0,0,0
2020,09,Russian Federation,Kazakhstan,RUS,KAZ,Kazakhstan,KAZ,export,28366.286,6577.231,4.3128006299307415,11795.872,171082365861.423,1493075894362.14,6.71815454861464,3.38165937237896,412.953333333333,72.1049083333333,5.7271182070476225,142.54,116.2,3104.607,1.0,1.0,0,0,0,1,0,1
2020,09,Russian Federation,Jordan,RUS,JOR,Jordan,JOR,export,1.616,0.11199999999999999,14.42857142857143,1.616,43700383098.5916,1493075894362.14,0.333294350628422,3.38165937237896,0.71,72.1049083333333,0.009846763783649038,70.79,116.2,2652.505,0.0,0.0,0,0,0,0,0,0
2020,09,Russian Federation,Kenya,RUS,KEN,Kenya,KEN,export,0.001,0.001,1.0,-44456.673,100657505750.545,1493075894362.14,5.40516207933395,3.38165937237896,106.450780158517,72.1049083333333,1.476331953247987,110.03,116.2,6348.253,0.0,0.0,0,0,0,0,0,0
2020,09,Russian Federation,Rep. of Korea,RUS,KOR,Rep. of Korea,KOR,export,406.137,62.916000000000004,6.455226015639901,138.322,1644312831906.17,1493075894362.14,0.537288023411766,3.38165937237896,1180.26583333333,72.1049083333333,16.36873079259857,,116.2,6614.064,0.0,0.0,1,0,0,0,0,0
2020,09,Russian Federation,Kuwait,RUS,KWT,Kuwait,KWT,export,4.697,0.42300000000000004,11.10401891252955,4.697,111045470461.207,1493075894362.14,2.10172954827401,3.38165937237896,0.306233121756716,72.1049083333333,0.004247049595306785,155.26,116.2,3051.533,0.0,0.0,0,0,0,0,0,0
2020,09,Russian Federation,Kyrgyzstan,RUS,KGZ,Kyrgyzstan,KGZ,export,6002.243,1502.146,3.9957787059313814,5945.593000000001,8270468614.24051,1493075894362.14,6.32542296338081,3.38165937237896,77.3461127039303,72.1049083333333,1.0726885934916868,125.39,116.2,2985.871,0.0,1.0,0,0,0,1,0,1
2020,09,Russian Federation,Lao People's Dem. Rep.,RUS,LAO,Lao People's Dem. Rep.,LAO,export,93.374,6.499,14.367441144791506,46.458999999999996,18981805250.2424,1493075894362.14,5.10407262959923,3.38165937237896,9045.78783382479,72.1049083333333,125.45314934743524,137.82,116.2,6809.734,0.0,0.0,0,0,0,0,0,0
2020,09,Russian Federation,Lebanon,RUS,LBN,Lebanon,LBN,export,79.975,37.567,2.128863097931695,41.623999999999995,31712128253.7961,1493075894362.14,84.864333047204,3.38165937237896,1507.5,72.1049083333333,20.907037188522427,,116.2,2441.484,0.0,0.0,0,0,0,0,0,0
2020,09,Russian Federation,Latvia,RUS,LVA,Latvia,LVA,export,3051.255,371.111,8.221947072439244,-721.0039999999999,33379927434.6149,1493075894362.14,0.219064904842114,3.38165937237896,0.875506396987998,72.1049083333333,0.012142119270724614,118.62,116.2,847.8519,1.0,0.0,1,1,1,0,0,0
2020,09,Russian Federation,Liberia,RUS,LBR,Liberia,LBR,export,2.004,0.046,43.56521739130435,2.004,3176126300.0,1493075894362.14,16.9557241496254,3.38165937237896,191.517957643463,72.1049083333333,2.6561015341437773,,116.2,6953.84,0.0,0.0,0,0,0,0,0,0
2020,09,Russian Federation,Lithuania,RUS,LTU,Lithuania,LTU,export,1472.231,193.29,7.616695121320296,-7393.493999999999,57412038533.2718,1493075894362.14,1.19989444983568,3.38165937237896,0.875506396987998,72.1049083333333,0.012142119270724614,120.35,116.2,794.0689,1.0,0.0,1,1,1,0,0,0
2020,09,Russian Federation,Luxembourg,RUS,LUX,Luxembourg,LUX,export,0.093,0.005,18.599999999999998,0.066,73670782100.3909,1493075894362.14,0.819957302127018,3.38165937237896,0.875506396987998,72.1049083333333,0.012142119270724614,94.59,116.2,2214.132,0.0,0.0,1,1,1,0,0,0
2020,09,Russian Federation,Malaysia,RUS,MYS,Malaysia,MYS,export,689.0509999999999,989.4150000000001,0.6964226335764061,689.0509999999999,337456163961.211,1493075894362.14,-1.13870215393055,3.38165937237896,4.20348194851884,72.1049083333333,0.05829675185337719,116.94,116.2,8130.454,0.0,0.0,0,0,0,0,0,0
2020,09,Russian Federation,Mali,RUS,MLI,Mali,MLI,export,279.578,61.184,4.56946260460251,279.578,20698560938.7775,1493075894362.14,0.438088940320735,3.38165937237896,575.586004510945,72.1049083333333,7.982618906469894,114.11,116.2,6188.962,0.0,0.0,0,0,0,0,0,0
2020,09,Russian Federation,Mauritius,RUS,MUS,Mauritius,MUS,export,38.440999999999995,40.199,0.9562675688449961,38.440999999999995,11408106446.3144,1493075894362.14,2.58080077182826,3.38165937237896,39.3469333333333,72.1049083333333,0.5456900818934076,85.49,116.2,8654.018,0.0,0.0,0,0,0,0,0,0
2020,09,Russian Federation,Mexico,RUS,MEX,Mexico,MEX,export,31.426,3.7420000000000004,8.398182789951896,-4845.893999999999,1121064767401.51,1493075894362.14,3.39683415570006,3.38165937237896,21.4856083333333,72.1049083333333,0.2979770563469497,96.24,116.2,10736.3,0.0,0.0,0,0,0,0,0,0
2020,09,Russian Federation,"Other Asia, nes",RUS,S19,"Other Asia, nes",S19,export,12.027999999999999,2.564,4.691107644305772,-182.341,,1493075894362.14,,3.38165937237896,,72.1049083333333,,,116.2,,,,0,0,0,0,0,0
2020,09,Russian Federation,Mongolia,RUS,MNG,Mongolia,MNG,export,1138.594,205.142,5.550272494174767,1136.131,13312981429.0891,1493075894362.14,3.7237230614026,3.38165937237896,2813.28983532639,72.1049083333333,39.01662037098572,128.22,116.2,4632.875,1.0,0.0,0,0,0,0,0,0
2020,09,Russian Federation,Rep. of Moldova,RUS,MDA,Rep. of Moldova,MDA,export,6634.646,958.9649999999999,6.918548643589704,6634.646,11530746234.4492,1493075894362.14,3.76597122245358,3.38165937237896,17.3218352091831,72.1049083333333,0.24023101352693083,104.84,116.2,1150.314,0.0,0.0,0,0,0,0,0,1
2020,09,Russian Federation,Montenegro,RUS,MNE,Montenegro,MNE,export,11.251000000000001,1.31,8.588549618320611,11.251000000000001,4769996866.00758,1493075894362.14,-0.255655699848511,3.38165937237896,0.877475207233012,72.1049083333333,0.012169424072721065,90.17,116.2,,,,1,0,0,0,0,0
2020,09,Russian Federation,Morocco,RUS,MAR,Morocco,MAR,export,1.581,0.259,6.104247104247104,-63.739999999999995,121353645057.144,1493075894362.14,0.705968661338224,3.38165937237896,9.49684732221969,72.1049083333333,0.13170874967785517,106.07,116.2,4156.454,0.0,0.0,0,0,0,0,0,0
2020,09,Russian Federation,Nepal,RUS,NPL,Nepal,NPL,export,538.9929999999999,765.8979999999999,0.7037399235929589,-75.34100000000012,33433659301.2466,1493075894362.14,5.05236655289212,3.38165937237896,118.345187275986,72.1049083333333,1.6412916958286505,118.04,116.2,4889.868,0.0,0.0,0,0,0,0,0,0
2020,09,Russian Federation,Netherlands,RUS,NLD,Netherlands,NLD,export,619.9390000000001,651.57,0.9514541799039244,-18869.505000000005,932560861701.17,1493075894362.14,1.27246037789166,3.38165937237896,0.875506396987998,72.1049083333333,0.012142119270724614,105.57,116.2,2155.229,0.0,0.0,1,1,1,0,0,0
2020,09,Russian Federation,CuraÃ§ao,RUS,CUW,CuraÃ§ao,CUW,export,30.096,7.439,4.045705067885469,30.096,2534327592.49914,1493075894362.14,,3.38165937237896,1.79,72.1049083333333,0.02482493967990391,,116.2,,,,0,0,0,0,0,0
2020,09,Russian Federation,Aruba,RUS,ABW,Aruba,ABW,export,18.674,4.515,4.135991140642304,18.674,2481857122.8401,1493075894362.14,,3.38165937237896,1.79,72.1049083333333,0.02482493967990391,,116.2,9942.475,0.0,0.0,0,0,0,0,0,0
2020,09,Russian Federation,New Zealand,RUS,NZL,New Zealand,NZL,export,2.011,0.217,9.267281105990785,2.011,213029554653.687,1493075894362.14,1.71456170007245,3.38165937237896,1.54205833333333,72.1049083333333,0.021386315702733562,103.41,116.2,16774.49,0.0,0.0,1,0,0,0,0,0
2020,09,Russian Federation,Norway,RUS,NOR,Norway,NOR,export,31.674000000000003,9.871,3.208793435315571,29.232000000000003,367633418886.627,1493075894362.14,1.28658490707998,3.38165937237896,9.41583333333334,72.1049083333333,0.13058519247822836,97.11,116.2,1649.799,1.0,0.0,1,1,0,0,0,0
2020,09,Russian Federation,Pakistan,RUS,PAK,Pakistan,PAK,export,519.626,838.1120000000001,0.6199958955366346,519.626,300425609817.981,1493075894362.14,9.73999313898157,3.38165937237896,161.838479684718,72.1049083333333,2.244486310648312,104.6,116.2,3658.638,0.0,0.0,0,0,0,0,0,0
2020,09,Russian Federation,Panama,RUS,PAN,Panama,PAN,export,0.983,0.052,18.903846153846153,-172.27800000000002,57059846500.0,1493075894362.14,-1.55027540803762,3.38165937237896,1.0,72.1049083333333,0.01386868138542118,82.18,116.2,10819.55,0.0,0.0,0,0,0,0,0,0
2020,09,Russian Federation,Philippines,RUS,PHL,Philippines,PHL,export,18.329,1.653,11.088324258923171,18.329,361751145451.597,1493075894362.14,2.39316239316239,3.38165937237896,49.6240960026328,72.1049083333333,0.6882207765000671,61.31,116.2,8257.32,0.0,0.0,0,0,0,0,0,0
2020,09,Russian Federation,Poland,RUS,POL,Poland,POL,export,4418.034,4912.701999999999,0.8993083643176403,-10788.84,605914186117.953,1493075894362.14,3.37446972618589,3.38165937237896,3.89974166666667,72.1049083333333,0.05408427466045141,122.07,116.2,1156.427,1.0,0.0,1,1,1,0,0,0
2020,09,Russian Federation,Portugal,RUS,PRT,Portugal,PRT,export,0.504,0.054,9.333333333333334,-8095.129000000001,229618773422.577,1493075894362.14,-0.0124383299575331,3.38165937237896,0.875506396987998,72.1049083333333,0.012142119270724614,92.49,116.2,3913.34,0.0,0.0,1,1,1,0,0,0
2020,09,Russian Federation,Qatar,RUS,QAT,Qatar,QAT,export,10190.305,767.977,13.269023681698801,10190.305,144411363351.648,1493075894362.14,-2.54031503004764,3.38165937237896,3.64,72.1049083333333,0.050482000242933096,98.72,116.2,3575.788,0.0,0.0,0,0,0,0,0,0
2020,09,Russian Federation,Romania,RUS,ROU,Romania,ROU,export,139.99,132.237,1.0586295817358229,84.423,252033792712.145,1493075894362.14,2.63107311184746,3.38165937237896,4.24399166666667,72.1049083333333,0.05885856822738265,104.35,116.2,,,,1,1,1,0,0,0
2020,09,Russian Federation,Saudi Arabia,RUS,SAU,Saudi Arabia,SAU,export,25.515,2.016,12.65625,24.155,767951200000.0,1493075894362.14,3.4454670643357,3.38165937237896,3.75,72.1049083333333,0.05200755519532942,104.26,116.2,3539.516,0.0,0.0,0,0,0,0,0,0
2020,09,Russian Federation,Serbia,RUS,SRB,Serbia,SRB,export,16.923,1.058,15.995274102079392,-68.92999999999999,55874017668.998,1493075894362.14,1.57553290083412,3.38165937237896,103.163291666667,72.1049083333333,1.4307388227962805,113.49,116.2,,,,0,0,0,0,0,0
2020,09,Russian Federation,Seychelles,RUS,SYC,Seychelles,SYC,export,0.048,0.013,3.6923076923076925,0.048,1382551751.56908,1493075894362.14,1.20266463987124,3.38165937237896,17.6165187554113,72.1049083333333,0.24431788573909577,,116.2,6915.208,0.0,0.0,0,0,0,0,0,0
2020,09,Russian Federation,India,RUS,IND,India,IND,export,3122.1549999999997,4727.375999999999,0.6604414372793702,-100317.273,2674851578587.27,1493075894362.14,6.62343677628536,3.38165937237896,74.0995668836052,72.1049083333333,1.0276632839064272,100.47,116.2,4341.881,0.0,0.0,0,0,0,0,1,0
2020,09,Russian Federation,Singapore,RUS,SGP,Singapore,SGP,export,507.859,541.736,0.9374658505249789,437.565,349165858544.568,1493075894362.14,-0.172111865925357,3.38165937237896,1.37974166666667,72.1049083333333,0.01913519756919004,129.85,116.2,8431.775,0.0,0.0,1,0,0,0,0,0
2020,09,Russian Federation,Slovakia,RUS,SVK,Slovakia,SVK,export,166.097,109.37,1.518670567797385,164.887,107732602896.441,1493075894362.14,1.93694126694221,3.38165937237896,0.875506396987998,72.1049083333333,0.012142119270724614,86.46,116.2,1632.621,0.0,0.0,1,1,1,0,0,0
2020,09,Russian Federation,Viet Nam,RUS,VNM,Viet Nam,VNM,export,273.017,161.499,1.6905182075430807,-148180.44700000001,346615738537.796,1493075894362.14,3.22093436652516,3.38165937237896,23208.3683333333,72.1049083333333,321.8694658904979,150.99,116.2,6737.911,0.0,0.0,0,0,0,0,0,0
2020,09,Russian Federation,Slovenia,RUS,SVN,Slovenia,SVN,export,9.638,1.143,8.432195975503062,-3.343,53384760135.1581,1493075894362.14,-0.0548568157606016,3.38165937237896,0.875506396987998,72.1049083333333,0.012142119270724614,121.11,116.2,1937.979,0.0,0.0,1,1,1,0,0,0
2020,09,Russian Federation,South Africa,RUS,ZAF,South Africa,ZAF,export,300.91900000000004,326.304,0.9222044473864864,180.82400000000004,337974655408.055,1493075894362.14,3.23238831615119,3.38165937237896,16.4591053903333,72.1049083333333,0.22826608854760083,87.58,116.2,10147.89,0.0,0.0,0,0,0,0,1,0
2020,09,Russian Federation,Spain,RUS,ESP,Spain,ESP,export,2.459,0.281,8.750889679715302,-7781.55,1289783836971.21,1493075894362.14,-0.322753017299685,3.38165937237896,0.875506396987998,72.1049083333333,0.012142119270724614,97.06,116.2,3449.3,0.0,0.0,1,1,1,0,0,0
2020,09,Russian Federation,Suriname,RUS,SUR,Suriname,SUR,export,20.232,21.075,0.96,20.232,2911807496.20227,1493075894362.14,34.889784309078,3.38165937237896,9.30954545454546,72.1049083333333,0.12911111975218698,,116.2,9660.659,0.0,0.0,0,0,0,0,0,0
2020,09,Russian Federation,Sweden,RUS,SWE,Sweden,SWE,export,10.097,2.482,4.068090249798549,-1587.869,545147614972.141,1493075894362.14,0.497367318853587,3.38165937237896,9.21030902842085,72.1049083333333,0.12773484137643687,107.91,116.2,1232.383,0.0,0.0,1,1,1,0,0,0
2020,09,Russian Federation,Switzerland,RUS,CHE,Switzerland,CHE,export,115.15,39.782000000000004,2.894525162133628,-32140.551,741999406005.627,1493075894362.14,-0.725874933313387,3.38165937237896,0.938965,72.1049083333333,0.013022206417062,111.94,116.2,2296.397,0.0,0.0,1,0,0,0,0,0
2020,09,Russian Federation,Tajikistan,RUS,TJK,Tajikistan,TJK,export,1714.8580000000002,383.2,4.475099164926932,1714.8580000000002,8133963550.65742,1493075894362.14,,3.38165937237896,10.3219416666667,72.1049083333333,0.1431517202539037,,116.2,2986.597,0.0,0.0,0,0,0,0,0,1
2020,09,Russian Federation,Thailand,RUS,THA,Thailand,THA,export,201.179,222.07,0.9059260593506553,-14.147999999999996,500461898480.246,1493075894362.14,-0.845937147357064,3.38165937237896,31.2936732130832,72.1049083333333,0.4340019831717404,93.57,116.2,7067.929,0.0,0.0,0,0,0,0,0,0
2020,09,Russian Federation,Trinidad and Tobago,RUS,TTO,Trinidad and Tobago,TTO,export,119.294,28.382,4.203156930448876,119.294,20991339706.5613,1493075894362.14,0.598986330824666,3.38165937237896,6.75105268711505,72.1049083333333,0.09362819873379012,68.57,116.2,9608.973,0.0,0.0,0,0,0,0,0,0
2020,09,Russian Federation,United Arab Emirates,RUS,ARE,United Arab Emirates,ARE,export,1787.1999999999998,696.2180000000001,2.567012056568488,-21044.035999999996,349473015330.157,1493075894362.14,-2.0794031794094,3.38165937237896,3.6725,72.1049083333333,0.05093273238795928,101.41,116.2,3739.195,0.0,0.0,0,0,0,0,0,0
2020,09,Russian Federation,TÃ¼rkiye,RUS,TUR,TÃ¼rkiye,TUR,export,59.979,69.485,0.8631934949989206,-2082.4600000000005,720338490327.248,1493075894362.14,12.2789574462574,3.38165937237896,7.00860541558522,72.1049083333333,0.09720011546488881,115.76,116.2,1757.71,0.0,0.0,0,0,0,0,0,0
2020,09,Russian Federation,Turkmenistan,RUS,TKM,Turkmenistan,TKM,export,777.489,259.23199999999997,2.999201487470683,777.489,45818000000.0,1493075894362.14,,3.38165937237896,,72.1049083333333,,,116.2,2510.13,0.0,0.0,0,0,0,0,0,1
2020,09,Russian Federation,Ukraine,RUS,UKR,Ukraine,UKR,export,23849.067,4344.776,5.4891361487911,22754.48,156617722013.342,1493075894362.14,2.73249209419427,3.38165937237896,26.9575243833333,72.1049083333333,0.3738653166121721,109.44,116.2,763.4056,1.0,0.0,1,0,0,0,0,0
2020,09,Russian Federation,North Macedonia,RUS,MKD,North Macedonia,MKD,export,0.159,0.1,1.5899999999999999,-145.678,12361036913.8409,1493075894362.14,1.20007348888486,3.38165937237896,54.144325,72.1049083333333,0.7509103922536946,103.24,116.2,1927.484,0.0,0.0,0,0,0,0,0,0
2020,09,Russian Federation,United Kingdom,RUS,GBR,United Kingdom,GBR,export,439.823,493.89599999999996,0.8905174368693004,-9482.848999999998,2696778386607.65,1493075894362.14,0.989486703772449,3.38165937237896,0.779999576697153,72.1049083333333,0.010817565609976206,105.89,116.2,2510.88,0.0,0.0,1,1,0,0,0,0
2020,09,Russian Federation,USA,RUS,USA,USA,USA,export,1393.793,184.62900000000002,7.549155333127514,367.8249999999998,21354105000000.0,1493075894362.14,1.23358439630629,3.38165937237896,1.0,72.1049083333333,0.01386868138542118,92.98,116.2,7517.972,0.0,0.0,1,1,0,0,0,0
2020,09,Russian Federation,Uzbekistan,RUS,UZB,Uzbekistan,UZB,export,2617.335,918.037,2.851012540888875,637.7199999999998,66443265418.3086,1493075894362.14,12.8677297362607,3.38165937237896,10054.2613341653,72.1049083333333,139.4393470092982,137.99,116.2,2789.856,0.0,0.0,0,0,0,0,0,1
2020,09,Russian Federation,Yemen,RUS,YEM,Yemen,YEM,export,153.40800000000002,224.59,0.6830580168306692,153.40800000000002,,1493075894362.14,,3.38165937237896,743.005964356532,72.1049083333333,10.304512987128348,,116.2,4525.518,0.0,0.0,0,0,0,0,0,0
2020,09,Rwanda,Russian Federation,RWA,RUS,Rwanda,RWA,import,3801.343,1396.851,2.7213661299594585,,10174386854.812,1493075894362.14,9.85039902274208,3.38165937237896,943.278048166667,72.1049083333333,13.082022707885477,156.05,116.2,6457.65,0.0,0.0,0,0,0,0,0,0
2020,09,Saudi Arabia,Russian Federation,SAU,RUS,Saudi Arabia,SAU,import,1.36,0.218,6.238532110091744,,767951200000.0,1493075894362.14,3.4454670643357,3.38165937237896,3.75,72.1049083333333,0.05200755519532942,104.26,116.2,3539.516,0.0,0.0,0,0,0,0,0,0
2020,09,Serbia,Russian Federation,SRB,RUS,Serbia,SRB,import,85.853,13.972999999999999,6.14420668431976,,55874017668.998,1493075894362.14,1.57553290083412,3.38165937237896,103.163291666667,72.1049083333333,1.4307388227962805,113.49,116.2,,,,0,0,0,0,0,0
2020,09,Sierra Leone,Russian Federation,SLE,RUS,Sierra Leone,SLE,import,4.486,0.988,4.540485829959514,,6693888876.28565,1493075894362.14,13.4468711101052,3.38165937237896,9.82992676332375,72.1049083333333,0.13632812232256156,110.66,116.2,6877.949,0.0,0.0,0,0,0,0,0,0
2020,09,India,Russian Federation,IND,RUS,India,IND,import,103439.428,49421.497,2.09300475054408,,2674851578587.27,1493075894362.14,6.62343677628536,3.38165937237896,74.0995668836052,72.1049083333333,1.0276632839064272,100.47,116.2,4341.881,0.0,0.0,0,0,0,0,1,0
2020,09,Singapore,Russian Federation,SGP,RUS,Singapore,SGP,import,70.294,4.491,15.65219327543977,,349165858544.568,1493075894362.14,-0.172111865925357,3.38165937237896,1.37974166666667,72.1049083333333,0.01913519756919004,129.85,116.2,8431.775,0.0,0.0,1,0,0,0,0,0
2020,09,Slovakia,Russian Federation,SVK,RUS,Slovakia,SVK,import,1.21,0.137,8.832116788321168,,107732602896.441,1493075894362.14,1.93694126694221,3.38165937237896,0.875506396987998,72.1049083333333,0.012142119270724614,86.46,116.2,1632.621,0.0,0.0,1,1,1,0,0,0
2020,09,Viet Nam,Russian Federation,VNM,RUS,Viet Nam,VNM,import,148453.464,103333.773,1.4366403131336354,,346615738537.796,1493075894362.14,3.22093436652516,3.38165937237896,23208.3683333333,72.1049083333333,321.8694658904979,150.99,116.2,6737.911,0.0,0.0,0,0,0,0,0,0
2020,09,Slovenia,Russian Federation,SVN,RUS,Slovenia,SVN,import,12.981,1.6420000000000001,7.905602923264311,,53384760135.1581,1493075894362.14,-0.0548568157606016,3.38165937237896,0.875506396987998,72.1049083333333,0.012142119270724614,121.11,116.2,1937.979,0.0,0.0,1,1,1,0,0,0
2020,09,South Africa,Russian Federation,ZAF,RUS,South Africa,ZAF,import,120.095,12.567,9.556377814912071,,337974655408.055,1493075894362.14,3.23238831615119,3.38165937237896,16.4591053903333,72.1049083333333,0.22826608854760083,87.58,116.2,10147.89,0.0,0.0,0,0,0,0,1,0
2020,09,Zimbabwe,Russian Federation,ZWE,RUS,Zimbabwe,ZWE,import,2798.4,1539.6129999999998,1.8175996175662328,,26868564055.12,1493075894362.14,557.201817362051,3.38165937237896,51.3290131226287,72.1049083333333,0.7118657288258401,75.08,116.2,8213.716,0.0,0.0,0,0,0,0,0,0
2020,09,Spain,Russian Federation,ESP,RUS,Spain,ESP,import,7784.009,2234.8959999999997,3.482940145760698,,1289783836971.21,1493075894362.14,-0.322753017299685,3.38165937237896,0.875506396987998,72.1049083333333,0.012142119270724614,97.06,116.2,3449.3,0.0,0.0,1,1,1,0,0,0
2020,09,Sweden,Russian Federation,SWE,RUS,Sweden,SWE,import,1597.966,270.266,5.912567618568373,,545147614972.141,1493075894362.14,0.497367318853587,3.38165937237896,9.21030902842085,72.1049083333333,0.12773484137643687,107.91,116.2,1232.383,0.0,0.0,1,1,1,0,0,0
2020,09,Switzerland,Russian Federation,CHE,RUS,Switzerland,CHE,import,32255.701,1756.273,18.365994922201732,,741999406005.627,1493075894362.14,-0.725874933313387,3.38165937237896,0.938965,72.1049083333333,0.013022206417062,111.94,116.2,2296.397,0.0,0.0,1,0,0,0,0,0
2020,09,Thailand,Russian Federation,THA,RUS,Thailand,THA,import,215.327,37.391000000000005,5.7587922227273936,,500461898480.246,1493075894362.14,-0.845937147357064,3.38165937237896,31.2936732130832,72.1049083333333,0.4340019831717404,93.57,116.2,7067.929,0.0,0.0,0,0,0,0,0,0
2020,09,United Arab Emirates,Russian Federation,ARE,RUS,United Arab Emirates,ARE,import,22831.235999999997,4596.847000000001,4.966716534180928,,349473015330.157,1493075894362.14,-2.0794031794094,3.38165937237896,3.6725,72.1049083333333,0.05093273238795928,101.41,116.2,3739.195,0.0,0.0,0,0,0,0,0,0
2020,09,TÃ¼rkiye,Russian Federation,TUR,RUS,TÃ¼rkiye,TUR,import,2142.4390000000003,679.5139999999999,3.1528989836854,,720338490327.248,1493075894362.14,12.2789574462574,3.38165937237896,7.00860541558522,72.1049083333333,0.09720011546488881,115.76,116.2,1757.71,0.0,0.0,0,0,0,0,0,0
2020,09,Uganda,Russian Federation,UGA,RUS,Uganda,UGA,import,8307.329,5130.018,1.6193566962143213,,37600368239.8824,1493075894362.14,3.31332289544504,3.38165937237896,3718.24892270924,72.1049083333333,51.567209620739995,111.32,116.2,6185.184,0.0,0.0,0,0,0,0,0,0
2020,09,Ukraine,Russian Federation,UKR,RUS,Ukraine,UKR,import,1094.587,210.329,5.20416585444708,,156617722013.342,1493075894362.14,2.73249209419427,3.38165937237896,26.9575243833333,72.1049083333333,0.3738653166121721,109.44,116.2,763.4056,1.0,0.0,1,0,0,0,0,0
2020,09,North Macedonia,Russian Federation,MKD,RUS,North Macedonia,MKD,import,145.837,32.98,4.421983020012129,,12361036913.8409,1493075894362.14,1.20007348888486,3.38165937237896,54.144325,72.1049083333333,0.7509103922536946,103.24,116.2,1927.484,0.0,0.0,0,0,0,0,0,0
2020,09,Egypt,Russian Federation,EGY,RUS,Egypt,EGY,import,703.1289999999999,366.148,1.9203409550236512,,383817841547.099,1493075894362.14,5.04493288977539,3.38165937237896,15.7591729166667,72.1049083333333,0.21855894807900905,97.7,116.2,2905.404,0.0,0.0,0,0,0,0,0,0
2020,09,United Kingdom,Russian Federation,GBR,RUS,United Kingdom,GBR,import,9922.671999999999,1384.314,7.167934442619231,,2696778386607.65,1493075894362.14,0.989486703772449,3.38165937237896,0.779999576697153,72.1049083333333,0.010817565609976206,105.89,116.2,2510.88,0.0,0.0,1,1,0,0,0,0
2020,09,United Rep. of Tanzania,Russian Federation,TZA,RUS,United Rep. of Tanzania,TZA,import,6451.819,3338.518,1.9325398275522254,,66068737786.0639,1493075894362.14,3.29029062798325,3.38165937237896,2294.14615050509,72.1049083333333,31.8167820129456,143.64,116.2,6968.894,0.0,0.0,0,0,0,0,0,0
2020,09,USA,Russian Federation,USA,RUS,USA,USA,import,1025.968,121.877,8.418060831822247,,21354105000000.0,1493075894362.14,1.23358439630629,3.38165937237896,1.0,72.1049083333333,0.01386868138542118,92.98,116.2,7517.972,0.0,0.0,1,1,0,0,0,0
2020,09,Uruguay,Russian Federation,URY,RUS,Uruguay,URY,import,4.603,0.595,7.736134453781513,,53559359261.826,1493075894362.14,9.75640636078194,3.38165937237896,42.0132916666667,72.1049083333333,0.5826689560777712,92.81,116.2,13387.23,0.0,0.0,0,0,0,0,0,0
2020,09,Uzbekistan,Russian Federation,UZB,RUS,Uzbekistan,UZB,import,1979.6150000000002,976.6350000000001,2.026975277355409,,66443265418.3086,1493075894362.14,12.8677297362607,3.38165937237896,10054.2613341653,72.1049083333333,139.4393470092982,137.99,116.2,2789.856,0.0,0.0,0,0,0,0,0,1
2020,09,Zambia,Russian Federation,ZMB,RUS,Zambia,ZMB,import,134.519,35.249,3.8162501063859966,,18137764930.651,1493075894362.14,15.7330604721369,3.38165937237896,18.3440926453379,72.1049083333333,0.2544083762028393,,116.2,7975.7,0.0,0.0,0,0,0,0,0,0
2021,09,Afghanistan,Russian Federation,AFG,RUS,Afghanistan,AFG,import,1.05,0.001,1050.0,,14259995441.0759,1829186719575.1,5.1332034082496,6.69445891957613,,73.65435,,,124.63,3367.526,0.0,0.0,0,0,0,0,0,0
2021,09,Albania,Russian Federation,ALB,RUS,Albania,ALB,import,9.731,4.999,1.946589317863573,,18032009220.4405,1829186719575.1,2.04147163139547,6.69445891957613,103.52,73.65435,1.4054838580477595,130.08,124.63,2063.678,0.0,0.0,1,0,0,0,0,0
2021,09,Angola,Russian Federation,AGO,RUS,Angola,AGO,import,0.304,0.036,8.444444444444445,,66505129987.7235,1829186719575.1,25.7542948841891,6.69445891957613,631.441955506727,73.65435,8.573043622090577,144.76,124.63,7535.854,0.0,0.0,0,0,0,0,0,0
2021,09,Azerbaijan,Russian Federation,AZE,RUS,Azerbaijan,AZE,import,702.157,234.565,2.99344318206041,,54825411764.7059,1829186719575.1,6.65029912708779,6.69445891957613,1.7,73.65435,0.023080782058357723,158.04,124.63,1930.747,1.0,0.0,0,0,0,0,0,1
2021,09,Argentina,Russian Federation,ARG,RUS,Argentina,ARG,import,3093.946,3382.3469999999998,0.9147334676187866,,486564085480.036,1829186719575.1,48.4093786255199,6.69445891957613,94.9907416666667,73.65435,1.289682709394173,93.24,124.63,13505.36,0.0,0.0,0,0,0,0,0,0
2021,09,Australia,Russian Federation,AUS,RUS,Australia,AUS,import,14.096,0.5579999999999999,25.261648745519715,,1556735770437.26,1829186719575.1,2.86391042204996,6.69445891957613,1.33122425957081,73.65435,0.018073939415266173,100.66,124.63,14503.07,0.0,0.0,1,1,0,0,0,0
2021,09,Austria,Russian Federation,AUT,RUS,Austria,AUT,import,20493.244,808.266,25.35457881440021,,480467037338.783,1829186719575.1,2.7666666666667,6.69445891957613,0.84549413889045,73.65435,0.011479215265499595,116.55,124.63,1675.699,0.0,0.0,1,1,1,0,0,0
2021,09,Armenia,Russian Federation,ARM,RUS,Armenia,ARM,import,5512.282000000001,1246.3609999999999,4.422700967055293,,13878908628.9378,1829186719575.1,7.18483629443367,6.69445891957613,503.769674961652,73.65435,6.839645926705646,161.34,124.63,1803.035,0.0,0.0,0,0,0,1,0,1
2021,09,Belgium,Russian Federation,BEL,RUS,Belgium,BEL,import,3795.1259999999997,377.478,10.053899829923862,,598522422241.851,1829186719575.1,2.44024851144083,6.69445891957613,0.84549413889045,73.65435,0.011479215265499595,136.8,124.63,2261.25,0.0,0.0,1,1,1,0,0,0
2021,09,Bhutan,Russian Federation,BTN,RUS,Bhutan,BTN,import,0.07,0.001,70.0,,2768802960.11204,1829186719575.1,7.3468144053353,6.69445891957613,73.9180128154351,73.65435,1.0035797317529123,86.09,124.63,5169.616,0.0,0.0,0,0,0,0,0,0
2021,09,Bolivia (Plurinational State of),Russian Federation,BOL,RUS,Bolivia (Plurinational State of),BOL,import,256.294,22.02,11.639146230699364,,40406111693.1983,1829186719575.1,0.737383721452307,6.69445891957613,6.91,73.65435,0.09381659060191286,114.17,124.63,12518.5,0.0,0.0,0,0,0,0,0,0
2021,09,Brazil,Russian Federation,BRA,RUS,Brazil,BRA,import,139509.872,63262.853,2.2052415498871034,,1670647398904.9,1829186719575.1,8.30165975585677,6.69445891957613,5.39440078962503,73.65435,0.07323940527104007,96.91,124.63,11820.15,0.0,0.0,0,0,0,0,1,0
2021,09,Bulgaria,Russian Federation,BGR,RUS,Bulgaria,BGR,import,173.583,18.379,9.444637901953316,,84414122840.1687,1829186719575.1,3.29774435299508,6.69445891957613,1.653775,73.65435,0.02245318844032973,116.69,124.63,1785.898,0.0,0.0,1,1,1,0,0,0
2021,09,Myanmar,Russian Federation,MMR,RUS,Myanmar,MMR,import,26.476,5.219,5.073002490898639,,66345291160.1683,1829186719575.1,,6.69445891957613,,73.65435,,116.91,124.63,6526.041,0.0,0.0,0,0,0,0,0,0
2021,09,Burundi,Russian Federation,BDI,RUS,Burundi,BDI,import,1523.363,402.527,3.78449892802222,,2775798697.46022,1829186719575.1,8.40453845076341,6.69445891957613,1975.95088138768,73.65435,26.827348030193466,110.89,124.63,6624.152,0.0,0.0,0,0,0,0,0,0
2021,09,Belarus,Russian Federation,BLR,RUS,Belarus,BLR,import,8397.403,3673.915,2.285682439577399,,69673747131.87,1829186719575.1,9.46028389623105,6.69445891957613,2.538675,73.65435,0.03446741434823605,118.62,124.63,686.9657,1.0,0.0,0,0,0,1,0,1
2021,09,Cambodia,Russian Federation,KHM,RUS,Cambodia,KHM,import,85.936,9.100999999999999,9.44247884847819,,36790163687.4421,1829186719575.1,2.92073477592951,6.69445891957613,4098.72279505888,73.65435,55.648075029633425,170.0,124.63,7534.794,0.0,0.0,0,0,0,0,0,0
2021,09,Cameroon,Russian Federation,CMR,RUS,Cameroon,CMR,import,63.429,18.75,3.38288,,45011937346.8384,1829186719575.1,2.27185762503636,6.69445891957613,554.530675033104,73.65435,7.528824503007685,112.19,124.63,6231.046,0.0,0.0,0,0,0,0,0,0
2021,09,Canada,Russian Federation,CAN,RUS,Canada,CAN,import,101.499,5.588,18.163743736578382,,2022378748423.23,1829186719575.1,3.39519318527533,6.69445891957613,1.2538769021268,73.65435,0.017023799709410238,101.06,124.63,7495.521,0.0,0.0,1,1,0,0,0,0
2021,09,Sri Lanka,Russian Federation,LKA,RUS,Sri Lanka,LKA,import,118946.963,29806.012000000002,3.9907037211150556,,88556698937.7033,1829186719575.1,7.01478071238194,6.69445891957613,198.764316844656,73.65435,2.6986093400410978,104.26,124.63,6576.936,0.0,0.0,0,0,0,0,0,0
2021,09,China,Russian Federation,CHN,RUS,China,CHN,import,80860.206,29420.895,2.7483938201064246,,18201698719564.0,1829186719575.1,0.981015135544894,6.69445891957613,6.44897518024316,73.65435,0.08755728860879446,148.03,124.63,5795.045,1.0,0.0,0,0,0,0,1,0
2021,09,Colombia,Russian Federation,COL,RUS,Colombia,COL,import,14525.247000000001,4157.534,3.493716948556525,,318524633225.395,1829186719575.1,3.49505757399449,6.69445891957613,3744.24416666667,73.65435,50.835343284770964,115.46,124.63,10979.1,0.0,0.0,0,0,0,0,0,0
2021,09,Comoros,Russian Federation,COM,RUS,Comoros,COM,import,116.25,25.0,4.65,,1299039311.76025,1829186719575.1,,6.69445891957613,415.955849148122,73.65435,5.647403705933486,,124.63,7521.362,0.0,0.0,0,0,0,0,0,0
2021,09,Congo,Russian Federation,COG,RUS,Congo,COG,import,29.789,3.72,8.007795698924731,,14825690210.9157,1829186719575.1,1.71564275451261,6.69445891957613,554.530675033104,73.65435,7.528824503007685,112.47,124.63,6985.611,0.0,0.0,0,0,0,0,0,0
2021,09,Dem. Rep. of the Congo,Russian Federation,COD,RUS,Dem. Rep. of the Congo,COD,import,103.339,22.32,4.629883512544803,,55328482783.5393,1829186719575.1,,6.69445891957613,1989.39147122828,73.65435,27.009829985985622,,124.63,,,,0,0,0,0,0,0
2021,09,Costa Rica,Russian Federation,CRI,RUS,Costa Rica,CRI,import,826.0400000000001,189.891,4.3500745164331125,,64960725734.2362,1829186719575.1,1.72647755109242,6.69445891957613,620.784720014081,73.65435,8.428351075178602,127.5,124.63,10967.48,0.0,0.0,0,0,0,0,0,0
2021,09,Croatia,Russian Federation,HRV,RUS,Croatia,HRV,import,44.879,8.917,5.0329707300661655,,69006802298.6956,1829186719575.1,2.55450699642037,6.69445891957613,6.36008316666667,73.65435,0.0863504079075665,109.45,124.63,1875.36,0.0,0.0,1,1,1,0,0,0
2021,09,Cuba,Russian Federation,CUB,RUS,Cuba,CUB,import,277.174,40.254,6.8856262731654,,,1829186719575.1,,6.69445891957613,,73.65435,,,124.63,9603.391,0.0,0.0,0,0,0,0,0,0
2021,09,Cyprus,Russian Federation,CYP,RUS,Cyprus,CYP,import,22.569,2.287,9.868386532575427,,30372642502.4897,1829186719575.1,2.44608867175474,6.69445891957613,0.84549413889045,73.65435,0.011479215265499595,137.9,124.63,2316.67,0.0,0.0,1,0,1,0,0,0
2021,09,Czechia,Russian Federation,CZE,RUS,Czechia,CZE,import,193.82,16.14,12.008674101610904,,290972714482.313,1829186719575.1,3.83984491500143,6.69445891957613,21.6781666666667,73.65435,0.29432296485769954,114.81,124.63,1673.0,0.0,0.0,1,1,1,0,0,0
2021,09,Denmark,Russian Federation,DNK,RUS,Denmark,DNK,import,20.032,2.358,8.495335029686174,,408378204639.999,1829186719575.1,1.85304543989681,6.69445891957613,6.2871130825,73.65435,0.08535969813731302,122.25,124.63,1566.362,0.0,0.0,1,1,1,0,0,0
2021,09,Dominican Rep.,Russian Federation,DOM,RUS,Dominican Rep.,DOM,import,331.58,38.742,8.558670177068814,,94850719516.7127,1829186719575.1,8.2430034798181,6.69445891957613,57.2211166666667,73.65435,0.7768871311289381,125.77,124.63,9365.754,0.0,0.0,0,0,0,0,0,0
2021,09,Ecuador,Russian Federation,ECU,RUS,Ecuador,ECU,import,22.884,18.401,1.2436280636921906,,107179074000.0,1829186719575.1,0.133251386096379,6.69445891957613,1.0,73.65435,0.013576930622563366,106.36,124.63,11640.42,0.0,0.0,0,0,0,0,0,0
2021,09,El Salvador,Russian Federation,SLV,RUS,El Salvador,SLV,import,309.983,61.121,5.071628409221053,,29043140000.0,1829186719575.1,3.46692585313084,6.69445891957613,1.0,73.65435,0.013576930622563366,100.81,124.63,10866.28,0.0,0.0,0,0,0,0,0,0
2021,09,Ethiopia,Russian Federation,ETH,RUS,Ethiopia,ETH,import,19434.585,5591.499,3.475737901410695,,111261888668.864,1829186719575.1,26.8395221557722,6.69445891957613,43.73377831884,73.65435,0.5937704740974566,,124.63,5198.625,0.0,0.0,0,0,0,0,0,0
2021,09,Estonia,Russian Federation,EST,RUS,Estonia,EST,import,1001.876,46.94,21.34375798892203,,37204563051.4723,1829186719575.1,4.65316673847475,6.69445891957613,0.84549413889045,73.65435,0.011479215265499595,133.16,124.63,871.7853,1.0,0.0,1,1,1,0,0,0
2021,09,Finland,Russian Federation,FIN,RUS,Finland,FIN,import,10710.512,975.948,10.974469951267896,,294223210496.119,1829186719575.1,2.19457432340004,6.69445891957613,0.84549413889045,73.65435,0.011479215265499595,115.34,124.63,892.6777,1.0,0.0,1,1,1,0,0,0
2021,09,France,Russian Federation,FRA,RUS,France,FRA,import,4005.4519999999998,493.188,8.12155202478568,,2966433692008.09,1829186719575.1,1.64233141038393,6.69445891957613,0.84549413889045,73.65435,0.011479215265499595,97.56,124.63,2494.316,0.0,0.0,1,1,1,0,0,0
2021,09,Georgia,Russian Federation,GEO,RUS,Georgia,GEO,import,4627.285,1918.0,2.4125573514077163,,18853115588.8106,1829186719575.1,9.56691433824769,6.69445891957613,3.22155833333333,73.65435,0.04373887398820749,119.04,124.63,1644.856,1.0,0.0,0,0,0,0,0,0
2021,09,Germany,Russian Federation,DEU,RUS,Germany,DEU,import,50772.097,6917.041,7.340146892291083,,4348297440387.53,1829186719575.1,3.0666666666667,6.69445891957613,0.84549413889045,73.65435,0.011479215265499595,97.09,124.63,2065.183,0.0,0.0,1,1,1,0,0,0
2021,09,Greece,Russian Federation,GRC,RUS,Greece,GRC,import,203.236,22.973,8.846733121490445,,218303801895.326,1829186719575.1,1.22382501019854,6.69445891957613,0.84549413889045,73.65435,0.011479215265499595,118.34,124.63,2233.583,0.0,0.0,1,1,1,0,0,0
2021,09,Grenada,Russian Federation,GRD,RUS,Grenada,GRD,import,10.248,0.443,23.13318284424379,,1122800000.0,1829186719575.1,1.21951193916835,6.69445891957613,2.7,73.65435,0.03665771268092109,,124.63,9489.634,0.0,0.0,0,0,0,0,0,0
2021,09,Guatemala,Russian Federation,GTM,RUS,Guatemala,GTM,import,34650.941999999995,1676.973,20.662790635269616,,86455519686.8841,1829186719575.1,4.26105127422814,6.69445891957613,7.73438833333333,73.65435,0.10500925380963012,121.56,124.63,10835.78,0.0,0.0,0,0,0,0,0,0
2021,09,Honduras,Russian Federation,HND,RUS,Honduras,HND,import,12623.397,4467.972000000001,2.8253079920823136,,28144331506.6149,1829186719575.1,4.48087963413447,6.69445891957613,24.0166553242681,73.65435,0.3260724631236051,117.14,124.63,10729.13,0.0,0.0,0,0,0,0,0,0
2021,09,"China, Hong Kong SAR",Russian Federation,HKG,RUS,"China, Hong Kong SAR",HKG,import,6.649,0.432,15.391203703703704,,368954169748.818,1829186719575.1,1.56875834445923,6.69445891957613,7.77325,73.65435,0.10553687596184069,101.03,124.63,7145.355,0.0,0.0,0,0,0,0,0,0
2021,09,Hungary,Russian Federation,HUN,RUS,Hungary,HUN,import,7.365,1.02,7.220588235294118,,183282685440.486,1829186719575.1,5.1109653438286,6.69445891957613,303.140833333333,73.65435,4.115722063032706,119.19,124.63,1574.19,0.0,0.0,1,0,1,0,0,0
2021,09,Iceland,Russian Federation,ISL,RUS,Iceland,ISL,import,0.007,0.0,inf,,25770339317.3897,1829186719575.1,4.44423970189744,6.69445891957613,126.988860204557,73.65435,1.7241189448356684,120.1,124.63,3316.138,0.0,0.0,1,1,0,0,0,0
2021,09,Indonesia,Russian Federation,IDN,RUS,Indonesia,IDN,import,36834.824,21029.747,1.7515581143225356,,1186509691086.73,1829186719575.1,1.56007882983335,6.69445891957613,14308.1439011897,73.65435,194.2606770841057,113.94,124.63,9302.706,0.0,0.0,0,0,0,0,0,0
2021,09,Iran,Russian Federation,IRN,RUS,Iran,IRN,import,3138.635,3392.251,0.9252366643859785,,383436202446.695,1829186719575.1,43.3890162681515,6.69445891957613,42000.0,73.65435,570.2310861476614,,124.63,2466.589,0.0,0.0,0,0,0,0,0,0
2021,09,Ireland,Russian Federation,IRL,RUS,Ireland,IRL,import,13.965,1.0999999999999999,12.695454545454547,,531306516907.984,1829186719575.1,2.34034113447046,6.69445891957613,0.84549413889045,73.65435,0.011479215265499595,170.81,124.63,2802.315,0.0,0.0,1,1,1,0,0,0
2021,09,Israel,Russian Federation,ISR,RUS,Israel,ISR,import,466.104,70.952,6.56928627804713,,489851549972.347,1829186719575.1,1.47965474722565,6.69445891957613,3.23019832251082,73.65435,0.04385617852184997,114.84,124.63,2643.989,0.0,0.0,0,0,0,0,0,0
2021,09,Italy,Russian Federation,ITA,RUS,Italy,ITA,import,100593.099,16711.782,6.019292197564569,,2179207773596.09,1829186719575.1,1.87378325762482,6.69445891957613,0.84549413889045,73.65435,0.011479215265499595,105.71,124.63,2383.171,0.0,0.0,1,1,1,0,0,0
2021,09,CÃ´te d'Ivoire,Russian Federation,CIV,RUS,CÃ´te d'Ivoire,CIV,import,0.023,0.012,1.9166666666666665,,72794636649.4342,1829186719575.1,4.09195189692865,6.69445891957613,554.530675033104,73.65435,7.528824503007685,190.77,124.63,6715.534,0.0,0.0,0,0,0,0,0,0
2021,09,Jamaica,Russian Federation,JAM,RUS,Jamaica,JAM,import,19.291,0.649,29.724191063174114,,14657586159.4316,1829186719575.1,5.86278242801063,6.69445891957613,150.790105943026,73.65435,2.047266806957444,114.96,124.63,9806.688,0.0,0.0,0,0,0,0,0,0
2021,09,Japan,Russian Federation,JPN,RUS,Japan,JPN,import,3251.441,230.868,14.083549907306338,,5039148168861.22,1829186719575.1,-0.23335277939831,6.69445891957613,109.754323839417,73.65435,1.4901268402941172,95.36,124.63,7486.303,0.0,0.0,1,1,0,0,0,0
2021,09,Kazakhstan,Russian Federation,KAZ,RUS,Kazakhstan,KAZ,import,17784.345999999998,4009.161,4.435927117918188,,197112255360.612,1829186719575.1,8.04147134028391,6.69445891957613,425.9075,73.65435,5.782516579129408,146.98,124.63,3104.607,1.0,1.0,0,0,0,1,0,1
2021,09,Jordan,Russian Federation,JOR,RUS,Jordan,JOR,import,1.562,0.496,3.149193548387097,,46296100140.8451,1829186719575.1,1.34609377243117,6.69445891957613,0.71,73.65435,0.00963962074201999,72.64,124.63,2652.505,0.0,0.0,0,0,0,0,0,0
2021,09,Kenya,Russian Federation,KEN,RUS,Kenya,KEN,import,51058.666,25471.368,2.0045513849118746,,109703658904.994,1829186719575.1,6.10793603659178,6.69445891957613,109.637746592367,73.65435,1.4885440790987499,118.07,124.63,6348.253,0.0,0.0,0,0,0,0,0,0
2021,09,Rep. of Korea,Russian Federation,KOR,RUS,Rep. of Korea,KOR,import,265.519,82.352,3.224196133670099,,1818432106880.04,1829186719575.1,2.4983333333334,6.69445891957613,1143.95166666667,73.65435,15.531352413899112,,124.63,6614.064,0.0,0.0,1,0,0,0,0,0
2021,09,Kyrgyzstan,Russian Federation,KGZ,RUS,Kyrgyzstan,KGZ,import,36.333,17.13,2.121015761821366,,9249133946.26531,1829186719575.1,11.9050398185146,6.69445891957613,84.6408220065285,73.65435,1.149162568219372,130.5,124.63,2985.871,0.0,1.0,0,0,0,1,0,1
2021,09,Lebanon,Russian Federation,LBN,RUS,Lebanon,LBN,import,9.056000000000001,1.6640000000000001,5.4423076923076925,,23131941556.7843,1829186719575.1,154.756096023393,6.69445891957613,1507.5,73.65435,20.467222913514274,,124.63,2441.484,0.0,0.0,0,0,0,0,0,0
2021,09,Latvia,Russian Federation,LVA,RUS,Latvia,LVA,import,4245.715999999999,325.198,13.055787550968947,,38183326784.9335,1829186719575.1,3.27582937431156,6.69445891957613,0.84549413889045,73.65435,0.011479215265499595,127.55,124.63,847.8519,1.0,0.0,1,1,1,0,0,0
2021,09,Lithuania,Russian Federation,LTU,RUS,Lithuania,LTU,import,8806.062,380.024,23.172383849441086,,67037321008.9679,1829186719575.1,4.68354420903455,6.69445891957613,0.84549413889045,73.65435,0.011479215265499595,146.41,124.63,794.0689,1.0,0.0,1,1,1,0,0,0
2021,09,Luxembourg,Russian Federation,LUX,RUS,Luxembourg,LUX,import,0.035,0.001,35.0,,86386759695.1653,1829186719575.1,2.52692009066169,6.69445891957613,0.84549413889045,73.65435,0.011479215265499595,112.17,124.63,2214.132,0.0,0.0,1,1,1,0,0,0
2021,09,Madagascar,Russian Federation,MDG,RUS,Madagascar,MDG,import,832.601,147.955,5.627393464228988,,14354731964.331,1829186719575.1,5.81225118787713,6.69445891957613,3829.97784932976,73.65435,51.9993435463046,,124.63,8356.116,0.0,0.0,0,0,0,0,0,0
2021,09,Malawi,Russian Federation,MWI,RUS,Malawi,MWI,import,464.81800000000004,262.94,1.767772115311478,,12378129750.9872,1829186719575.1,9.33014410835212,6.69445891957613,805.899650132837,73.65435,10.941643638601617,128.79,124.63,7767.932,0.0,0.0,0,0,0,0,0,0
2021,09,Malaysia,Russian Federation,MYS,RUS,Malaysia,MYS,import,47.054,1.005,46.81990049751244,,373784823672.946,1829186719575.1,2.47710241465446,6.69445891957613,4.14329759817721,73.65435,0.05625326403908541,128.06,124.63,8130.454,0.0,0.0,0,0,0,0,0,0
2021,09,Mexico,Russian Federation,MEX,RUS,Mexico,MEX,import,4704.622,1151.714,4.084887393918977,,1316569466735.28,1829186719575.1,5.68920847683757,6.69445891957613,20.2724083333333,73.65435,0.27523708149394166,104.68,124.63,10736.3,0.0,0.0,0,0,0,0,0,0
2021,09,"Other Asia, nes",Russian Federation,S19,RUS,"Other Asia, nes",S19,import,251.431,9.148,27.484805421950156,,,1829186719575.1,,6.69445891957613,,73.65435,,,124.63,,,,0,0,0,0,0,0
2021,09,Mongolia,Russian Federation,MNG,RUS,Mongolia,MNG,import,2.28,1.5,1.5199999999999998,,15286441737.6686,1829186719575.1,7.35894657888157,6.69445891957613,2849.2886145414,73.65435,38.68459384328828,137.12,124.63,4632.875,1.0,0.0,0,0,0,0,0,0
2021,09,Rep. of Moldova,Russian Federation,MDA,RUS,Rep. of Moldova,MDA,import,7.709,0.742,10.389487870619945,,13691869264.0794,1829186719575.1,5.10641129002836,6.69445891957613,17.6804661418331,73.65435,0.2400464621822486,117.02,124.63,1150.314,0.0,0.0,0,0,0,0,0,1
2021,09,Morocco,Russian Federation,MAR,RUS,Morocco,MAR,import,69.041,3.578,19.29597540525433,,142022058447.231,1829186719575.1,1.40195883962015,6.69445891957613,8.98848402414138,73.65435,0.12203602399778671,113.17,124.63,4156.454,0.0,0.0,0,0,0,0,0,0
2021,09,Mozambique,Russian Federation,MOZ,RUS,Mozambique,MOZ,import,158.35999999999999,73.592,2.1518643330796823,,16168055475.4449,1829186719575.1,6.40847652975689,6.69445891957613,65.465,73.65435,0.8888137632061108,,124.63,9107.99,0.0,0.0,0,0,0,0,0,0
2021,09,Oman,Russian Federation,OMN,RUS,Oman,OMN,import,0.07500000000000001,0.033,2.272727272727273,,87323797139.1417,1829186719575.1,1.68221185876079,6.69445891957613,0.3845,73.65435,0.005220329824375615,104.16,124.63,3965.798,0.0,0.0,0,0,0,0,0,0
2021,09,Nepal,Russian Federation,NPL,RUS,Nepal,NPL,import,735.664,199.75,3.68292365456821,,36924841394.2605,1829186719575.1,4.14968003360264,6.69445891957613,118.134081604947,73.65435,1.6038982301106046,131.84,124.63,4889.868,0.0,0.0,0,0,0,0,0,0
2021,09,Netherlands,Russian Federation,NLD,RUS,Netherlands,NLD,import,29670.631999999998,5501.598,5.393093424855833,,1054472123449.6,1829186719575.1,2.67572008805385,6.69445891957613,0.84549413889045,73.65435,0.011479215265499595,113.64,124.63,2155.229,0.0,0.0,1,1,1,0,0,0
2021,09,Nicaragua,Russian Federation,NIC,RUS,Nicaragua,NIC,import,4256.813,1263.72,3.368477985629728,,14209020361.8508,1829186719575.1,4.92841396948965,6.69445891957613,35.1710166666667,73.65435,0.4775144532083537,122.44,124.63,10876.95,0.0,0.0,0,0,0,0,0,0
2021,09,Nigeria,Russian Federation,NGA,RUS,Nigeria,NGA,import,882.144,339.369,2.5993652926460578,,440833635873.827,1829186719575.1,16.9528457221608,6.69445891957613,401.152029220779,73.65435,5.446413269831029,98.18,124.63,6263.33,0.0,0.0,0,0,0,0,0,0
2021,09,Norway,Russian Federation,NOR,RUS,Norway,NOR,import,1.569,0.045,34.86666666666667,,503367986030.268,1829186719575.1,3.48388055266683,6.69445891957613,8.59,73.65435,0.11662583404781932,99.8,124.63,1649.799,1.0,0.0,1,1,0,0,0,0
2021,09,Panama,Russian Federation,PAN,RUS,Panama,PAN,import,226.80399999999997,11.497,19.727233191267285,,67396392500.0,1829186719575.1,1.63070337301895,6.69445891957613,1.0,73.65435,0.013576930622563366,92.22,124.63,10819.55,0.0,0.0,0,0,0,0,0,0
2021,09,Papua New Guinea,Russian Federation,PNG,RUS,Papua New Guinea,PNG,import,3072.614,1039.416,2.9560965003425004,,26109413521.3117,1829186719575.1,4.48359014042398,6.69445891957613,3.50877192982456,73.65435,0.047638353061625824,100.15,124.63,12100.54,0.0,0.0,0,0,0,0,0,0
2021,09,Paraguay,Russian Federation,PRY,RUS,Paraguay,PRY,import,67.314,11.16,6.0317204301075265,,39950899938.7482,1829186719575.1,4.78798310123602,6.69445891957613,6774.16273484849,73.65435,91.97233747699207,118.69,124.63,12642.6,0.0,0.0,0,0,0,0,0,0
2021,09,Peru,Russian Federation,PER,RUS,Peru,PER,import,11764.136,4729.159,2.487574640649638,,226328766459.634,1829186719575.1,4.27166381536798,6.69445891957613,3.88055413137587,73.65435,0.05268601421879183,106.32,124.63,12666.63,0.0,0.0,0,0,0,0,0,0
2021,09,Poland,Russian Federation,POL,RUS,Poland,POL,import,15744.408000000001,1459.698,10.786072187534682,,689170171187.004,1829186719575.1,5.05502704719269,6.69445891957613,3.86191666666667,73.65435,0.052432974653454555,139.66,124.63,1156.427,1.0,0.0,1,1,1,0,0,0
2021,09,Portugal,Russian Federation,PRT,RUS,Portugal,PRT,import,5881.8550000000005,1011.276,5.816270731234599,,256055879091.139,1829186719575.1,1.26565719069041,6.69445891957613,0.84549413889045,73.65435,0.011479215265499595,97.56,124.63,3913.34,0.0,0.0,1,1,1,0,0,0
2021,09,Romania,Russian Federation,ROU,RUS,Romania,ROU,import,9.358,1.2559999999999998,7.450636942675161,,286578196368.297,1829186719575.1,5.05232876096582,6.69445891957613,4.16041666666666,73.65435,0.05648568844428958,111.61,124.63,,,,1,1,1,0,0,0
2021,09,Russian Federation,Algeria,RUS,DZA,Algeria,DZA,export,332.194,394.85,0.8413169558060023,332.194,186231205262.082,1829186719575.1,7.22606307415475,6.69445891957613,135.064058333333,73.65435,1.8337553495935137,88.72,124.63,3340.904,0.0,0.0,0,0,0,0,0,0
2021,09,Russian Federation,Azerbaijan,RUS,AZE,Azerbaijan,AZE,export,6558.674999999999,1303.905,5.030025193553211,5856.517999999999,54825411764.7059,1829186719575.1,6.65029912708779,6.69445891957613,1.7,73.65435,0.023080782058357723,158.04,124.63,1930.747,1.0,0.0,0,0,0,0,0,1
2021,09,Russian Federation,Australia,RUS,AUS,Australia,AUS,export,7.941,0.779,10.193838254172015,-6.155,1556735770437.26,1829186719575.1,2.86391042204996,6.69445891957613,1.33122425957081,73.65435,0.018073939415266173,100.66,124.63,14503.07,0.0,0.0,1,1,0,0,0,0
2021,09,Russian Federation,Austria,RUS,AUT,Austria,AUT,export,434.106,323.49600000000004,1.3419207656354328,-20059.138,480467037338.783,1829186719575.1,2.7666666666667,6.69445891957613,0.84549413889045,73.65435,0.011479215265499595,116.55,124.63,1675.699,0.0,0.0,1,1,1,0,0,0
2021,09,Russian Federation,Bahamas,RUS,BHS,Bahamas,BHS,export,1.085,0.079,13.734177215189872,1.085,12037000000.0,1829186719575.1,2.90491262928485,6.69445891957613,1.0,73.65435,0.013576930622563366,20.25,124.63,9155.123,0.0,0.0,0,0,0,0,0,0
2021,09,Russian Federation,Bahrain,RUS,BHR,Bahrain,BHR,export,5.406000000000001,0.992,5.449596774193549,5.406000000000001,40840212765.9574,1829186719575.1,-0.606319385140878,6.69445891957613,0.376,73.65435,0.005104925914083826,115.96,124.63,3450.924,0.0,0.0,0,0,0,0,0,0
2021,09,Russian Federation,Armenia,RUS,ARM,Armenia,ARM,export,4213.708,1127.5249999999999,3.737130440566728,-1298.5740000000014,13878908628.9378,1829186719575.1,7.18483629443367,6.69445891957613,503.769674961652,73.65435,6.839645926705646,161.34,124.63,1803.035,0.0,0.0,0,0,0,1,0,1
2021,09,Russian Federation,Belgium,RUS,BEL,Belgium,BEL,export,1.355,0.024,56.45833333333333,-3793.7709999999997,598522422241.851,1829186719575.1,2.44024851144083,6.69445891957613,0.84549413889045,73.65435,0.011479215265499595,136.8,124.63,2261.25,0.0,0.0,1,1,1,0,0,0
2021,09,Russian Federation,Bosnia Herzegovina,RUS,BIH,Bosnia Herzegovina,BIH,export,1.675,1.061,1.578699340245052,1.675,23672712242.2149,1829186719575.1,1.98163900587619,6.69445891957613,1.65360615435868,73.65435,0.022450896034771607,106.08,124.63,1902.116,0.0,0.0,0,0,0,0,0,0
2021,09,Russian Federation,Botswana,RUS,BWA,Botswana,BWA,export,2.1470000000000002,0.053000000000000005,40.509433962264154,2.1470000000000002,18750182234.5317,1829186719575.1,7.24097765588445,6.69445891957613,11.0872583333333,73.65435,0.15053093718610377,97.56,124.63,9029.161,0.0,0.0,0,0,0,0,0,0
2021,09,Russian Federation,Bulgaria,RUS,BGR,Bulgaria,BGR,export,321.724,115.389,2.788168716255449,148.141,84414122840.1687,1829186719575.1,3.29774435299508,6.69445891957613,1.653775,73.65435,0.02245318844032973,116.69,124.63,1785.898,0.0,0.0,1,1,1,0,0,0
2021,09,Russian Federation,Myanmar,RUS,MMR,Myanmar,MMR,export,0.038,0.001,38.0,-26.438,66345291160.1683,1829186719575.1,,6.69445891957613,,73.65435,,116.91,124.63,6526.041,0.0,0.0,0,0,0,0,0,0
2021,09,Russian Federation,Belarus,RUS,BLR,Belarus,BLR,export,69774.815,16658.625,4.188509856005523,61377.412000000004,69673747131.87,1829186719575.1,9.46028389623105,6.69445891957613,2.538675,73.65435,0.03446741434823605,118.62,124.63,686.9657,1.0,0.0,0,0,0,1,0,1
2021,09,Russian Federation,Cambodia,RUS,KHM,Cambodia,KHM,export,3.423,1.04,3.291346153846154,-82.513,36790163687.4421,1829186719575.1,2.92073477592951,6.69445891957613,4098.72279505888,73.65435,55.648075029633425,170.0,124.63,7534.794,0.0,0.0,0,0,0,0,0,0
2021,09,Russian Federation,Canada,RUS,CAN,Canada,CAN,export,252.853,26.811,9.430942523591064,151.354,2022378748423.23,1829186719575.1,3.39519318527533,6.69445891957613,1.2538769021268,73.65435,0.017023799709410238,101.06,124.63,7495.521,0.0,0.0,1,1,0,0,0,0
2021,09,Russian Federation,Sri Lanka,RUS,LKA,Sri Lanka,LKA,export,4238.687,4858.383,0.8724480964139715,-114708.276,88556698937.7033,1829186719575.1,7.01478071238194,6.69445891957613,198.764316844656,73.65435,2.6986093400410978,104.26,124.63,6576.936,0.0,0.0,0,0,0,0,0,0
2021,09,Russian Federation,Chile,RUS,CHL,Chile,CHL,export,426.13599999999997,64.834,6.572724187926087,426.13599999999997,315325547162.072,1829186719575.1,4.52456838259137,6.69445891957613,758.955378658977,73.65435,10.30428452167424,104.32,124.63,14153.3,0.0,0.0,0,0,0,0,0,0
2021,09,Russian Federation,China,RUS,CHN,China,CHN,export,2284.201,299.64300000000003,7.6230747923362125,-78576.005,18201698719564.0,1829186719575.1,0.981015135544894,6.69445891957613,6.44897518024316,73.65435,0.08755728860879446,148.03,124.63,5795.045,1.0,0.0,0,0,0,0,1,0
2021,09,Russian Federation,Croatia,RUS,HRV,Croatia,HRV,export,0.276,0.153,1.8039215686274512,-44.602999999999994,69006802298.6956,1829186719575.1,2.55450699642037,6.69445891957613,6.36008316666667,73.65435,0.0863504079075665,109.45,124.63,1875.36,0.0,0.0,1,1,1,0,0,0
2021,09,Russian Federation,Cyprus,RUS,CYP,Cyprus,CYP,export,88.228,17.621,5.006980307587538,65.65899999999999,30372642502.4897,1829186719575.1,2.44608867175474,6.69445891957613,0.84549413889045,73.65435,0.011479215265499595,137.9,124.63,2316.67,0.0,0.0,1,0,1,0,0,0
2021,09,Russian Federation,Czechia,RUS,CZE,Czechia,CZE,export,338.753,111.797,3.0300723633013407,144.933,290972714482.313,1829186719575.1,3.83984491500143,6.69445891957613,21.6781666666667,73.65435,0.29432296485769954,114.81,124.63,1673.0,0.0,0.0,1,1,1,0,0,0
2021,09,Russian Federation,Denmark,RUS,DNK,Denmark,DNK,export,2.951,0.28200000000000003,10.464539007092197,-17.081,408378204639.999,1829186719575.1,1.85304543989681,6.69445891957613,6.2871130825,73.65435,0.08535969813731302,122.25,124.63,1566.362,0.0,0.0,1,1,1,0,0,0
2021,09,Russian Federation,Dominican Rep.,RUS,DOM,Dominican Rep.,DOM,export,154.857,44.425,3.4858075407990996,-176.72299999999998,94850719516.7127,1829186719575.1,8.2430034798181,6.69445891957613,57.2211166666667,73.65435,0.7768871311289381,125.77,124.63,9365.754,0.0,0.0,0,0,0,0,0,0
2021,09,Russian Federation,El Salvador,RUS,SLV,El Salvador,SLV,export,0.003,0.001,3.0,-309.98,29043140000.0,1829186719575.1,3.46692585313084,6.69445891957613,1.0,73.65435,0.013576930622563366,100.81,124.63,10866.28,0.0,0.0,0,0,0,0,0,0
2021,09,Russian Federation,Estonia,RUS,EST,Estonia,EST,export,1493.7740000000001,276.564,5.401187428587958,491.89800000000014,37204563051.4723,1829186719575.1,4.65316673847475,6.69445891957613,0.84549413889045,73.65435,0.011479215265499595,133.16,124.63,871.7853,1.0,0.0,1,1,1,0,0,0
2021,09,Russian Federation,Finland,RUS,FIN,Finland,FIN,export,1051.65,234.257,4.489300213013912,-9658.862000000001,294223210496.119,1829186719575.1,2.19457432340004,6.69445891957613,0.84549413889045,73.65435,0.011479215265499595,115.34,124.63,892.6777,1.0,0.0,1,1,1,0,0,0
2021,09,Russian Federation,France,RUS,FRA,France,FRA,export,175.66099999999997,20.501,8.5684112970099,-3829.7909999999997,2966433692008.09,1829186719575.1,1.64233141038393,6.69445891957613,0.84549413889045,73.65435,0.011479215265499595,97.56,124.63,2494.316,0.0,0.0,1,1,1,0,0,0
2021,09,Russian Federation,French Polynesia,RUS,PYF,French Polynesia,PYF,export,0.113,0.094,1.202127659574468,0.113,6150640646.38319,1829186719575.1,,6.69445891957613,100.880222566186,73.65435,1.3696437829698587,,124.63,15736.13,0.0,0.0,0,0,0,0,0,0
2021,09,Russian Federation,Georgia,RUS,GEO,Georgia,GEO,export,4186.96,1312.869,3.1891681500591456,-440.3249999999998,18853115588.8106,1829186719575.1,9.56691433824769,6.69445891957613,3.22155833333333,73.65435,0.04373887398820749,119.04,124.63,1644.856,1.0,0.0,0,0,0,0,0,0
2021,09,Russian Federation,State of Palestine,RUS,PSE,State of Palestine,PSE,export,109.63499999999999,45.126000000000005,2.4295306475202763,109.63499999999999,18109000000.0,1829186719575.1,1.23748102831369,6.69445891957613,,73.65435,,111.52,124.63,,,,0,0,0,0,0,0
2021,09,Russian Federation,Germany,RUS,DEU,Germany,DEU,export,4156.3,1563.1490000000001,2.6589275878371157,-46615.797,4348297440387.53,1829186719575.1,3.0666666666667,6.69445891957613,0.84549413889045,73.65435,0.011479215265499595,97.09,124.63,2065.183,0.0,0.0,1,1,1,0,0,0
2021,09,Russian Federation,Greece,RUS,GRC,Greece,GRC,export,23.793999999999997,18.127,1.3126275721299718,-179.442,218303801895.326,1829186719575.1,1.22382501019854,6.69445891957613,0.84549413889045,73.65435,0.011479215265499595,118.34,124.63,2233.583,0.0,0.0,1,1,1,0,0,0
2021,09,Russian Federation,Guyana,RUS,GUY,Guyana,GUY,export,4.476,1.875,2.3872,4.476,8041362110.31175,1829186719575.1,5.03285574626701,6.69445891957613,208.5,73.65435,2.830790034804462,94.41,124.63,9760.068,0.0,0.0,0,0,0,0,0,0
2021,09,Russian Federation,"China, Hong Kong SAR",RUS,HKG,"China, Hong Kong SAR",HKG,export,103.80499999999999,5.562,18.663250629270046,97.15599999999999,368954169748.818,1829186719575.1,1.56875834445923,6.69445891957613,7.77325,73.65435,0.10553687596184069,101.03,124.63,7145.355,0.0,0.0,0,0,0,0,0,0
2021,09,Russian Federation,Hungary,RUS,HUN,Hungary,HUN,export,187.645,59.973000000000006,3.1288246377536555,180.28,183282685440.486,1829186719575.1,5.1109653438286,6.69445891957613,303.140833333333,73.65435,4.115722063032706,119.19,124.63,1574.19,0.0,0.0,1,0,1,0,0,0
2021,09,Russian Federation,Iceland,RUS,ISL,Iceland,ISL,export,3.335,1.6720000000000002,1.9946172248803826,3.328,25770339317.3897,1829186719575.1,4.44423970189744,6.69445891957613,126.988860204557,73.65435,1.7241189448356684,120.1,124.63,3316.138,0.0,0.0,1,1,0,0,0,0
2021,09,Russian Federation,Indonesia,RUS,IDN,Indonesia,IDN,export,9909.753,12703.710000000001,0.7800676337857209,-26925.071,1186509691086.73,1829186719575.1,1.56007882983335,6.69445891957613,14308.1439011897,73.65435,194.2606770841057,113.94,124.63,9302.706,0.0,0.0,0,0,0,0,0,0
2021,09,Russian Federation,Ireland,RUS,IRL,Ireland,IRL,export,116.77600000000001,2.365,49.37674418604651,102.811,531306516907.984,1829186719575.1,2.34034113447046,6.69445891957613,0.84549413889045,73.65435,0.011479215265499595,170.81,124.63,2802.315,0.0,0.0,1,1,1,0,0,0
2021,09,Russian Federation,Israel,RUS,ISR,Israel,ISR,export,3851.945,997.182,3.862830456225644,3385.8410000000003,489851549972.347,1829186719575.1,1.47965474722565,6.69445891957613,3.23019832251082,73.65435,0.04385617852184997,114.84,124.63,2643.989,0.0,0.0,0,0,0,0,0,0
2021,09,Russian Federation,Italy,RUS,ITA,Italy,ITA,export,485.129,140.961,3.4415831329232907,-100107.97,2179207773596.09,1829186719575.1,1.87378325762482,6.69445891957613,0.84549413889045,73.65435,0.011479215265499595,105.71,124.63,2383.171,0.0,0.0,1,1,1,0,0,0
2021,09,Russian Federation,Japan,RUS,JPN,Japan,JPN,export,79.419,19.331,4.108375148724846,-3172.022,5039148168861.22,1829186719575.1,-0.23335277939831,6.69445891957613,109.754323839417,73.65435,1.4901268402941172,95.36,124.63,7486.303,0.0,0.0,1,1,0,0,0,0
2021,09,Russian Federation,Kazakhstan,RUS,KAZ,Kazakhstan,KAZ,export,36331.094,7913.476000000001,4.591041155618592,18546.748,197112255360.612,1829186719575.1,8.04147134028391,6.69445891957613,425.9075,73.65435,5.782516579129408,146.98,124.63,3104.607,1.0,1.0,0,0,0,1,0,1
2021,09,Russian Federation,Kenya,RUS,KEN,Kenya,KEN,export,26.959000000000003,39.8,0.6773618090452262,-51031.706999999995,109703658904.994,1829186719575.1,6.10793603659178,6.69445891957613,109.637746592367,73.65435,1.4885440790987499,118.07,124.63,6348.253,0.0,0.0,0,0,0,0,0,0
2021,09,Russian Federation,Rep. of Korea,RUS,KOR,Rep. of Korea,KOR,export,384.165,74.039,5.1886843420359545,118.64600000000002,1818432106880.04,1829186719575.1,2.4983333333334,6.69445891957613,1143.95166666667,73.65435,15.531352413899112,,124.63,6614.064,0.0,0.0,1,0,0,0,0,0
2021,09,Russian Federation,Kuwait,RUS,KWT,Kuwait,KWT,export,17.471,1.0230000000000001,17.078201368523946,17.471,148350671614.185,1829186719575.1,3.42362947609189,6.69445891957613,0.301643110769949,73.65435,0.004095387587697794,190.3,124.63,3051.533,0.0,0.0,0,0,0,0,0,0
2021,09,Russian Federation,Kyrgyzstan,RUS,KGZ,Kyrgyzstan,KGZ,export,7068.533,1564.1039999999998,4.519221867599597,7032.200000000001,9249133946.26531,1829186719575.1,11.9050398185146,6.69445891957613,84.6408220065285,73.65435,1.149162568219372,130.5,124.63,2985.871,0.0,1.0,0,0,0,1,0,1
2021,09,Russian Federation,Lebanon,RUS,LBN,Lebanon,LBN,export,54.761,100.0,0.54761,45.705,23131941556.7843,1829186719575.1,154.756096023393,6.69445891957613,1507.5,73.65435,20.467222913514274,,124.63,2441.484,0.0,0.0,0,0,0,0,0,0
2021,09,Russian Federation,Latvia,RUS,LVA,Latvia,LVA,export,3812.209,505.111,7.547269808022395,-433.5069999999996,38183326784.9335,1829186719575.1,3.27582937431156,6.69445891957613,0.84549413889045,73.65435,0.011479215265499595,127.55,124.63,847.8519,1.0,0.0,1,1,1,0,0,0
2021,09,Russian Federation,Liberia,RUS,LBR,Liberia,LBR,export,3.748,0.316,11.860759493670887,3.748,3513049500.0,1829186719575.1,7.8155938585865,6.69445891957613,166.153700752442,73.65435,2.2558572677980595,,124.63,6953.84,0.0,0.0,0,0,0,0,0,0
2021,09,Russian Federation,Libya,RUS,LBY,Libya,LBY,export,38.484,46.988,0.8190176215203883,38.484,35217995647.2862,1829186719575.1,2.86833027751023,6.69445891957613,4.514425,73.65435,0.06129203502576563,,124.63,3189.875,0.0,0.0,0,0,0,0,0,0
2021,09,Russian Federation,Lithuania,RUS,LTU,Lithuania,LTU,export,2091.513,375.719,5.566694790521639,-6714.549,67037321008.9679,1829186719575.1,4.68354420903455,6.69445891957613,0.84549413889045,73.65435,0.011479215265499595,146.41,124.63,794.0689,1.0,0.0,1,1,1,0,0,0
2021,09,Russian Federation,Malaysia,RUS,MYS,Malaysia,MYS,export,663.725,857.5419999999999,0.773985414125489,616.671,373784823672.946,1829186719575.1,2.47710241465446,6.69445891957613,4.14329759817721,73.65435,0.05625326403908541,128.06,124.63,8130.454,0.0,0.0,0,0,0,0,0,0
2021,09,Russian Federation,Maldives,RUS,MDV,Maldives,MDV,export,0.01,0.002,5.0,0.01,5252457369.55218,1829186719575.1,0.543149688736963,6.69445891957613,15.3726984126984,73.65435,0.20871405983079616,132.59,124.63,6563.114,0.0,0.0,0,0,0,0,0,0
2021,09,Russian Federation,Mali,RUS,MLI,Mali,MLI,export,137.536,25.955,5.299017530340975,137.536,22999245262.6719,1829186719575.1,3.9256028310427,6.69445891957613,554.530675033104,73.65435,7.528824503007685,123.75,124.63,6188.962,0.0,0.0,0,0,0,0,0,0
2021,09,Russian Federation,Malta,RUS,MLT,Malta,MLT,export,7.297,0.34299999999999997,21.274052478134113,7.297,19723563354.6779,1829186719575.1,1.49789217934731,6.69445891957613,0.84549413889045,73.65435,0.011479215265499595,100.7,124.63,2819.734,0.0,0.0,1,1,1,0,0,0
2021,09,Russian Federation,Mauritius,RUS,MUS,Mauritius,MUS,export,135.011,131.68300000000002,1.0252728142584842,135.011,11484348857.8529,1829186719575.1,4.02852888157382,6.69445891957613,41.6921333333333,73.65435,0.5660512017733278,92.64,124.63,8654.018,0.0,0.0,0,0,0,0,0,0
2021,09,Russian Federation,Mexico,RUS,MEX,Mexico,MEX,export,40.329,4.694,8.591606305922454,-4664.293000000001,1316569466735.28,1829186719575.1,5.68920847683757,6.69445891957613,20.2724083333333,73.65435,0.27523708149394166,104.68,124.63,10736.3,0.0,0.0,0,0,0,0,0,0
2021,09,Russian Federation,"Other Asia, nes",RUS,S19,"Other Asia, nes",S19,export,40.823,12.796,3.1902938418255706,-210.608,,1829186719575.1,,6.69445891957613,,73.65435,,,124.63,,,,0,0,0,0,0,0
2021,09,Russian Federation,Mongolia,RUS,MNG,Mongolia,MNG,export,2297.021,400.384,5.737044936860614,2294.741,15286441737.6686,1829186719575.1,7.35894657888157,6.69445891957613,2849.2886145414,73.65435,38.68459384328828,137.12,124.63,4632.875,1.0,0.0,0,0,0,0,0,0
2021,09,Russian Federation,Rep. of Moldova,RUS,MDA,Rep. of Moldova,MDA,export,6528.766,924.147,7.064640149240326,6521.057,13691869264.0794,1829186719575.1,5.10641129002836,6.69445891957613,17.6804661418331,73.65435,0.2400464621822486,117.02,124.63,1150.314,0.0,0.0,0,0,0,0,0,1
2021,09,Russian Federation,Montenegro,RUS,MNE,Montenegro,MNE,export,4.854,0.269,18.044609665427508,4.854,5861427505.12493,1829186719575.1,2.41080198403166,6.69445891957613,0.845376564367945,73.65435,0.011477618964364562,98.33,124.63,,,,1,0,0,0,0,0
2021,09,Russian Federation,Nepal,RUS,NPL,Nepal,NPL,export,2103.273,2511.112,0.8375862964296296,1367.6090000000002,36924841394.2605,1829186719575.1,4.14968003360264,6.69445891957613,118.134081604947,73.65435,1.6038982301106046,131.84,124.63,4889.868,0.0,0.0,0,0,0,0,0,0
2021,09,Russian Federation,Netherlands,RUS,NLD,Netherlands,NLD,export,876.2520000000001,758.7669999999999,1.1548367285345833,-28794.379999999997,1054472123449.6,1829186719575.1,2.67572008805385,6.69445891957613,0.84549413889045,73.65435,0.011479215265499595,113.64,124.63,2155.229,0.0,0.0,1,1,1,0,0,0
2021,09,Russian Federation,New Zealand,RUS,NZL,New Zealand,NZL,export,4.164,0.43800000000000006,9.506849315068491,4.164,253977931814.967,1829186719575.1,3.94112060778727,6.69445891957613,1.4138,73.65435,0.019195064514180085,108.34,124.63,16774.49,0.0,0.0,1,0,0,0,0,0
2021,09,Russian Federation,Nigeria,RUS,NGA,Nigeria,NGA,export,44.68899999999999,3.9859999999999998,11.211490215755141,-837.455,440833635873.827,1829186719575.1,16.9528457221608,6.69445891957613,401.152029220779,73.65435,5.446413269831029,98.18,124.63,6263.33,0.0,0.0,0,0,0,0,0,0
2021,09,Russian Federation,Norway,RUS,NOR,Norway,NOR,export,23.067,6.572,3.5098904443091903,21.498,503367986030.268,1829186719575.1,3.48388055266683,6.69445891957613,8.59,73.65435,0.11662583404781932,99.8,124.63,1649.799,1.0,0.0,1,1,0,0,0,0
2021,09,Russian Federation,Marshall Isds,RUS,MHL,Marshall Isds,MHL,export,1.044,0.049999999999999996,20.880000000000003,1.044,258900000.0,1829186719575.1,,6.69445891957613,1.0,73.65435,0.013576930622563366,,124.63,11836.73,0.0,0.0,0,0,0,0,0,0
2021,09,Russian Federation,Pakistan,RUS,PAK,Pakistan,PAK,export,86.087,112.134,0.767715411917884,86.087,348516647445.148,1829186719575.1,9.49621056124947,6.69445891957613,162.906253747418,73.65435,2.2117669051103976,120.23,124.63,3658.638,0.0,0.0,0,0,0,0,0,0
2021,09,Russian Federation,Panama,RUS,PAN,Panama,PAN,export,0.623,0.03,20.766666666666666,-226.18099999999998,67396392500.0,1829186719575.1,1.63070337301895,6.69445891957613,1.0,73.65435,0.013576930622563366,92.22,124.63,10819.55,0.0,0.0,0,0,0,0,0,0
2021,09,Russian Federation,Poland,RUS,POL,Poland,POL,export,4797.345,5421.176,0.8849269973894963,-10947.063000000002,689170171187.004,1829186719575.1,5.05502704719269,6.69445891957613,3.86191666666667,73.65435,0.052432974653454555,139.66,124.63,1156.427,1.0,0.0,1,1,1,0,0,0
2021,09,Russian Federation,Portugal,RUS,PRT,Portugal,PRT,export,0.6010000000000001,0.011,54.63636363636365,-5881.254000000001,256055879091.139,1829186719575.1,1.26565719069041,6.69445891957613,0.84549413889045,73.65435,0.011479215265499595,97.56,124.63,3913.34,0.0,0.0,1,1,1,0,0,0
2021,09,Russian Federation,Qatar,RUS,QAT,Qatar,QAT,export,9515.553999999998,831.542,11.443263238657817,9515.553999999998,179732009560.44,1829186719575.1,2.30446565742007,6.69445891957613,3.64,73.65435,0.04942002746613065,102.51,124.63,3575.788,0.0,0.0,0,0,0,0,0,0
2021,09,Russian Federation,Romania,RUS,ROU,Romania,ROU,export,117.31099999999999,93.622,1.2530281344128515,107.95299999999999,286578196368.297,1829186719575.1,5.05232876096582,6.69445891957613,4.16041666666666,73.65435,0.05648568844428958,111.61,124.63,,,,1,1,1,0,0,0
2021,09,Russian Federation,Saint Kitts and Nevis,RUS,KNA,Saint Kitts and Nevis,KNA,export,0.011,0.0,inf,0.011,858622222.222222,1829186719575.1,1.19568887038398,6.69445891957613,2.7,73.65435,0.03665771268092109,69.86,124.63,9066.985,0.0,0.0,0,0,0,0,0,0
2021,09,Russian Federation,Saudi Arabia,RUS,SAU,Saudi Arabia,SAU,export,955.961,852.549,1.1212974268927651,954.775,982661066666.667,1829186719575.1,3.06328988941548,6.69445891957613,3.75,73.65435,0.05091348983461262,117.66,124.63,3539.516,0.0,0.0,0,0,0,0,0,0
2021,09,Russian Federation,Serbia,RUS,SRB,Serbia,SRB,export,144.72899999999998,15.555,9.30433944069431,-150.56100000000004,66159884072.5308,1829186719575.1,4.08510285335106,6.69445891957613,99.3959416666667,73.65435,1.349491804172689,120.48,124.63,,,,0,0,0,0,0,0
2021,09,Russian Federation,Seychelles,RUS,SYC,Seychelles,SYC,export,0.163,0.027,6.037037037037037,0.163,1487173794.80528,1829186719575.1,9.76909936973547,6.69445891957613,16.9205225709613,73.65435,0.2297287610434591,,124.63,6915.208,0.0,0.0,0,0,0,0,0,0
2021,09,Russian Federation,India,RUS,IND,India,IND,export,4329.079,5733.224,0.7550863179251325,-101316.66200000001,3167270623260.47,1829186719575.1,5.13140747176368,6.69445891957613,73.9180128154351,73.65435,1.0035797317529123,114.03,124.63,4341.881,0.0,0.0,0,0,0,0,1,0
2021,09,Russian Federation,Singapore,RUS,SGP,Singapore,SGP,export,604.703,110.163,5.489166053938255,476.649,436591382250.464,1829186719575.1,2.31610315765142,6.69445891957613,1.34348333333333,73.65435,0.018240380009236796,147.12,124.63,8431.775,0.0,0.0,1,0,0,0,0,0
2021,09,Russian Federation,Slovakia,RUS,SVK,Slovakia,SVK,export,96.139,59.41,1.618229254334287,94.23299999999999,120560912620.599,1829186719575.1,3.14960629921267,6.69445891957613,0.84549413889045,73.65435,0.011479215265499595,95.33,124.63,1632.621,0.0,0.0,1,1,1,0,0,0
2021,09,Russian Federation,Viet Nam,RUS,VNM,Viet Nam,VNM,export,418.493,140.31099999999998,2.9826100590830373,-189240.434,366474752771.009,1829186719575.1,1.83471554810446,6.69445891957613,23159.7825925926,73.65435,314.4387614932805,156.05,124.63,6737.911,0.0,0.0,0,0,0,0,0,0
2021,09,Russian Federation,Slovenia,RUS,SVN,Slovenia,SVN,export,14.363,1.5290000000000001,9.39372138652714,-64.272,61529280461.092,1829186719575.1,1.91706506089263,6.69445891957613,0.84549413889045,73.65435,0.011479215265499595,135.32,124.63,1937.979,0.0,0.0,1,1,1,0,0,0
2021,09,Russian Federation,South Africa,RUS,ZAF,South Africa,ZAF,export,541.1999999999999,532.186,1.0169376871995879,497.90399999999994,420886877628.703,1829186719575.1,4.61874544887136,6.69445891957613,14.7786782139167,73.65435,0.20064908880353574,93.02,124.63,10147.89,0.0,0.0,0,0,0,0,1,0
2021,09,Russian Federation,Spain,RUS,ESP,Spain,ESP,export,35.605000000000004,7.632,4.665225366876311,-13795.896,1461244901852.69,1829186719575.1,3.09313511976412,6.69445891957613,0.84549413889045,73.65435,0.011479215265499595,104.93,124.63,3449.3,0.0,0.0,1,1,1,0,0,0
2021,09,Russian Federation,Suriname,RUS,SUR,Suriname,SUR,export,23.1,22.0,1.05,23.1,3107923197.96954,1829186719575.1,59.1196626251977,6.69445891957613,18.2386666666667,73.65435,0.24762511198139284,,124.63,9660.659,0.0,0.0,0,0,0,0,0,0
2021,09,Russian Federation,Sweden,RUS,SWE,Sweden,SWE,export,183.049,26.059,7.024406155263057,-2043.2620000000002,637186904843.636,1829186719575.1,2.16319736447151,6.69445891957613,8.57656671607378,73.65435,0.11644345128391982,116.28,124.63,1232.383,0.0,0.0,1,1,1,0,0,0
2021,09,Russian Federation,Switzerland,RUS,CHE,Switzerland,CHE,export,78.14,31.858999999999998,2.4526821306381246,-39733.551,815309330986.719,1829186719575.1,0.581814168489858,6.69445891957613,0.913845833333333,73.65435,0.012407221478885268,123.32,124.63,2296.397,0.0,0.0,1,0,0,0,0,0
2021,09,Russian Federation,Tajikistan,RUS,TJK,Tajikistan,TJK,export,1548.7199999999998,471.332,3.2858367350402684,1546.0509999999997,8937805347.13963,1829186719575.1,,6.69445891957613,11.30885,73.65435,0.15353947187097572,,124.63,2986.597,0.0,0.0,0,0,0,0,0,1
2021,09,Russian Federation,Thailand,RUS,THA,Thailand,THA,export,369.204,383.93,0.9616440496965593,96.916,506194668789.937,1829186719575.1,1.23039541318384,6.69445891957613,31.9770934417717,73.65435,0.4341507791701604,99.04,124.63,7067.929,0.0,0.0,0,0,0,0,0,0
2021,09,Russian Federation,Trinidad and Tobago,RUS,TTO,Trinidad and Tobago,TTO,export,23.382,21.55,1.0850116009280744,23.382,24177305760.2763,1829186719575.1,2.05922746915457,6.69445891957613,6.75853004916294,73.65435,0.09176009358799501,87.56,124.63,9608.973,0.0,0.0,0,0,0,0,0,0
2021,09,Russian Federation,United Arab Emirates,RUS,ARE,United Arab Emirates,ARE,export,1362.385,1165.2069999999999,1.169221434474733,-24773.948000000004,415178792756.978,1829186719575.1,0.17993533617437,6.69445891957613,3.6725,73.65435,0.04986127771136396,115.3,124.63,3739.195,0.0,0.0,0,0,0,0,0,0
2021,09,Russian Federation,TÃ¼rkiye,RUS,TUR,TÃ¼rkiye,TUR,export,893.59,1351.365,0.6612499213757941,-2632.265,819865223976.115,1829186719575.1,19.5964926913324,6.69445891957613,8.85040754928315,73.65435,0.12016136927802838,135.87,124.63,1757.71,0.0,0.0,0,0,0,0,0,0
2021,09,Russian Federation,Turkmenistan,RUS,TKM,Turkmenistan,TKM,export,717.5989999999999,256.837,2.7939860689853875,717.5989999999999,50007428571.4286,1829186719575.1,,6.69445891957613,,73.65435,,,124.63,2510.13,0.0,0.0,0,0,0,0,0,1
2021,09,Russian Federation,Ukraine,RUS,UKR,Ukraine,UKR,export,25940.139,4637.639,5.593393319316143,24703.290999999997,199765859570.935,1829186719575.1,9.36313917695222,6.69445891957613,27.2861893833333,73.65435,0.3704627002116413,110.23,124.63,763.4056,1.0,0.0,1,0,0,0,0,0
2021,09,Russian Federation,North Macedonia,RUS,MKD,North Macedonia,MKD,export,0.008,0.002,4.0,-301.498,14000283827.0154,1829186719575.1,3.23074912132919,6.69445891957613,52.1021583333333,73.65435,0.707387388977478,104.49,124.63,1927.484,0.0,0.0,0,0,0,0,0,0
2021,09,Russian Federation,Egypt,RUS,EGY,Egypt,EGY,export,2187.896,3127.6,0.6995446988105897,1139.3310000000001,424671765455.704,1829186719575.1,5.21404940513041,6.69445891957613,15.6445272777113,73.65435,0.21240466147228643,106.05,124.63,2905.404,0.0,0.0,0,0,0,0,0,0
2021,09,Russian Federation,United Kingdom,RUS,GBR,United Kingdom,GBR,export,567.482,853.021,0.6652614648408421,-17446.966,3143323050707.26,1829186719575.1,2.5183710961421,6.69445891957613,0.727064944688323,73.65435,0.009871310312131232,111.58,124.63,2510.88,0.0,0.0,1,1,0,0,0,0
2021,09,Russian Federation,USA,RUS,USA,USA,USA,export,1618.186,207.71200000000002,7.79052726852565,1123.59,23681171000000.0,1829186719575.1,4.69785886363742,6.69445891957613,1.0,73.65435,0.013576930622563366,97.62,124.63,7517.972,0.0,0.0,1,1,0,0,0,0
2021,09,Russian Federation,Uzbekistan,RUS,UZB,Uzbekistan,UZB,export,2945.602,588.069,5.008939427176063,401.8670000000002,77340060003.0347,1829186719575.1,10.8492397508122,6.69445891957613,10609.464390809,73.65435,144.0439619765703,149.44,124.63,2789.856,0.0,0.0,0,0,0,0,0,1
2021,09,Russian Federation,Yemen,RUS,YEM,Yemen,YEM,export,418.84900000000005,506.369,0.8271616153437513,357.77700000000004,,1829186719575.1,,6.69445891957613,1028.107754329,73.65435,13.958547653044254,,124.63,4525.518,0.0,0.0,0,0,0,0,0,0
2021,09,Rwanda,Russian Federation,RWA,RUS,Rwanda,RWA,import,4892.236,1802.9669999999999,2.713436241484176,,11078787095.1791,1829186719575.1,-0.391346748300811,6.69445891957613,988.624806551768,73.65435,13.422490410298483,171.03,124.63,6457.65,0.0,0.0,0,0,0,0,0,0
2021,09,Saudi Arabia,Russian Federation,SAU,RUS,Saudi Arabia,SAU,import,1.186,0.19,6.242105263157894,,982661066666.667,1829186719575.1,3.06328988941548,6.69445891957613,3.75,73.65435,0.05091348983461262,117.66,124.63,3539.516,0.0,0.0,0,0,0,0,0,0
2021,09,Serbia,Russian Federation,SRB,RUS,Serbia,SRB,import,295.29,22.024,13.407646204140937,,66159884072.5308,1829186719575.1,4.08510285335106,6.69445891957613,99.3959416666667,73.65435,1.349491804172689,120.48,124.63,,,,0,0,0,0,0,0
2021,09,India,Russian Federation,IND,RUS,India,IND,import,105645.74100000001,45121.276000000005,2.34137308084993,,3167270623260.47,1829186719575.1,5.13140747176368,6.69445891957613,73.9180128154351,73.65435,1.0035797317529123,114.03,124.63,4341.881,0.0,0.0,0,0,0,0,1,0
2021,09,Singapore,Russian Federation,SGP,RUS,Singapore,SGP,import,128.054,4.592,27.88632404181185,,436591382250.464,1829186719575.1,2.31610315765142,6.69445891957613,1.34348333333333,73.65435,0.018240380009236796,147.12,124.63,8431.775,0.0,0.0,1,0,0,0,0,0
2021,09,Slovakia,Russian Federation,SVK,RUS,Slovakia,SVK,import,1.906,0.222,8.585585585585585,,120560912620.599,1829186719575.1,3.14960629921267,6.69445891957613,0.84549413889045,73.65435,0.011479215265499595,95.33,124.63,1632.621,0.0,0.0,1,1,1,0,0,0
2021,09,Viet Nam,Russian Federation,VNM,RUS,Viet Nam,VNM,import,189658.927,103859.197,1.8261158614580855,,366474752771.009,1829186719575.1,1.83471554810446,6.69445891957613,23159.7825925926,73.65435,314.4387614932805,156.05,124.63,6737.911,0.0,0.0,0,0,0,0,0,0
2021,09,Slovenia,Russian Federation,SVN,RUS,Slovenia,SVN,import,78.635,5.898,13.33248558833503,,61529280461.092,1829186719575.1,1.91706506089263,6.69445891957613,0.84549413889045,73.65435,0.011479215265499595,135.32,124.63,1937.979,0.0,0.0,1,1,1,0,0,0
2021,09,South Africa,Russian Federation,ZAF,RUS,South Africa,ZAF,import,43.296,10.731,4.034665921162985,,420886877628.703,1829186719575.1,4.61874544887136,6.69445891957613,14.7786782139167,73.65435,0.20064908880353574,93.02,124.63,10147.89,0.0,0.0,0,0,0,0,1,0
2021,09,Zimbabwe,Russian Federation,ZWE,RUS,Zimbabwe,ZWE,import,925.899,1273.842,0.7268554498909597,,27240507841.6729,1829186719575.1,98.5461050920623,6.69445891957613,88.5524472597436,73.65435,1.2022704329037404,75.98,124.63,8213.716,0.0,0.0,0,0,0,0,0,0
2021,09,Spain,Russian Federation,ESP,RUS,Spain,ESP,import,13831.501,3803.633,3.636392101971983,,1461244901852.69,1829186719575.1,3.09313511976412,6.69445891957613,0.84549413889045,73.65435,0.011479215265499595,104.93,124.63,3449.3,0.0,0.0,1,1,1,0,0,0
2021,09,Sweden,Russian Federation,SWE,RUS,Sweden,SWE,import,2226.311,326.34299999999996,6.821997101209465,,637186904843.636,1829186719575.1,2.16319736447151,6.69445891957613,8.57656671607378,73.65435,0.11644345128391982,116.28,124.63,1232.383,0.0,0.0,1,1,1,0,0,0
2021,09,Switzerland,Russian Federation,CHE,RUS,Switzerland,CHE,import,39811.691,2265.8140000000003,17.570590966425307,,815309330986.719,1829186719575.1,0.581814168489858,6.69445891957613,0.913845833333333,73.65435,0.012407221478885268,123.32,124.63,2296.397,0.0,0.0,1,0,0,0,0,0
2021,09,Tajikistan,Russian Federation,TJK,RUS,Tajikistan,TJK,import,2.669,0.9490000000000001,2.812434141201264,,8937805347.13963,1829186719575.1,,6.69445891957613,11.30885,73.65435,0.15353947187097572,,124.63,2986.597,0.0,0.0,0,0,0,0,0,1
2021,09,Thailand,Russian Federation,THA,RUS,Thailand,THA,import,272.288,36.786,7.401946392649378,,506194668789.937,1829186719575.1,1.23039541318384,6.69445891957613,31.9770934417717,73.65435,0.4341507791701604,99.04,124.63,7067.929,0.0,0.0,0,0,0,0,0,0
2021,09,United Arab Emirates,Russian Federation,ARE,RUS,United Arab Emirates,ARE,import,26136.333000000002,5159.965,5.065215171033137,,415178792756.978,1829186719575.1,0.17993533617437,6.69445891957613,3.6725,73.65435,0.04986127771136396,115.3,124.63,3739.195,0.0,0.0,0,0,0,0,0,0
2021,09,Tunisia,Russian Federation,TUN,RUS,Tunisia,TUN,import,9.104,3.746,2.4303256807261078,,47073234359.1819,1829186719575.1,5.70635020830701,6.69445891957613,2.79446666666667,73.65435,0.03794028006039929,98.66,124.63,2946.28,0.0,0.0,0,0,0,0,0,0
2021,09,TÃ¼rkiye,Russian Federation,TUR,RUS,TÃ¼rkiye,TUR,import,3525.855,977.46,3.6071603953102938,,819865223976.115,1829186719575.1,19.5964926913324,6.69445891957613,8.85040754928315,73.65435,0.12016136927802838,135.87,124.63,1757.71,0.0,0.0,0,0,0,0,0,0
2021,09,Uganda,Russian Federation,UGA,RUS,Uganda,UGA,import,12251.957999999999,6388.161,1.9179162829490364,,40529788744.0595,1829186719575.1,2.20457204757409,6.69445891957613,3587.05170733909,73.65435,48.7011521700903,116.79,124.63,6185.184,0.0,0.0,0,0,0,0,0,0
2021,09,Ukraine,Russian Federation,UKR,RUS,Ukraine,UKR,import,1236.848,216.72,5.707124400147656,,199765859570.935,1829186719575.1,9.36313917695222,6.69445891957613,27.2861893833333,73.65435,0.3704627002116413,110.23,124.63,763.4056,1.0,0.0,1,0,0,0,0,0
2021,09,North Macedonia,Russian Federation,MKD,RUS,North Macedonia,MKD,import,301.506,42.857,7.035163450544834,,14000283827.0154,1829186719575.1,3.23074912132919,6.69445891957613,52.1021583333333,73.65435,0.707387388977478,104.49,124.63,1927.484,0.0,0.0,0,0,0,0,0,0
2021,09,Egypt,Russian Federation,EGY,RUS,Egypt,EGY,import,1048.565,577.113,1.8169145384006251,,424671765455.704,1829186719575.1,5.21404940513041,6.69445891957613,15.6445272777113,73.65435,0.21240466147228643,106.05,124.63,2905.404,0.0,0.0,0,0,0,0,0,0
2021,09,United Kingdom,Russian Federation,GBR,RUS,United Kingdom,GBR,import,18014.448,2329.073,7.734599988922632,,3143323050707.26,1829186719575.1,2.5183710961421,6.69445891957613,0.727064944688323,73.65435,0.009871310312131232,111.58,124.63,2510.88,0.0,0.0,1,1,0,0,0,0
2021,09,United Rep. of Tanzania,Russian Federation,TZA,RUS,United Rep. of Tanzania,TZA,import,7103.834999999999,3394.5029999999997,2.0927467143201817,,70655628147.8986,1829186719575.1,3.69091958802198,6.69445891957613,2297.76422623792,73.65435,31.196585486640235,150.52,124.63,6968.894,0.0,0.0,0,0,0,0,0,0
2021,09,USA,Russian Federation,USA,RUS,USA,USA,import,494.596,36.086,13.70603558166602,,23681171000000.0,1829186719575.1,4.69785886363742,6.69445891957613,1.0,73.65435,0.013576930622563366,97.62,124.63,7517.972,0.0,0.0,1,1,0,0,0,0
2021,09,Uruguay,Russian Federation,URY,RUS,Uruguay,URY,import,31.919,4.33,7.371593533487298,,60739084240.8633,1829186719575.1,7.74791402314763,6.69445891957613,43.554575,73.65435,0.5913374430702328,104.21,124.63,13387.23,0.0,0.0,0,0,0,0,0,0
2021,09,Uzbekistan,Russian Federation,UZB,RUS,Uzbekistan,UZB,import,2543.7349999999997,786.085,3.235954127098214,,77340060003.0347,1829186719575.1,10.8492397508122,6.69445891957613,10609.464390809,73.65435,144.0439619765703,149.44,124.63,2789.856,0.0,0.0,0,0,0,0,0,1
2021,09,Yemen,Russian Federation,YEM,RUS,Yemen,YEM,import,61.072,3.28,18.619512195121953,,,1829186719575.1,,6.69445891957613,1028.107754329,73.65435,13.958547653044254,,124.63,4525.518,0.0,0.0,0,0,0,0,0,0
2021,09,Zambia,Russian Federation,ZMB,RUS,Zambia,ZMB,import,11.294,1.602,7.049937578027466,,22096416932.0089,1829186719575.1,22.0207676245776,6.69445891957613,20.0184865859688,73.65435,0.2717896035464138,,124.63,7975.7,0.0,0.0,0,0,0,0,0,0
2022,09,Azerbaijan,Russian Federation,AZE,RUS,Azerbaijan,AZE,import,4391.490000000001,1039.863,4.223142856318574,,78807470588.2353,2291612121334.64,13.8522590144267,13.75,1.7,68.4849416666667,0.024822975074934344,165.39,125.33,1930.747,1.0,0.0,0,0,0,0,0,1
2022,09,Argentina,Russian Federation,ARG,RUS,Argentina,ARG,import,2082.597,2608.74,0.7983152786402633,,632790070063.124,2291612121334.64,72.430757531824,13.75,130.61655,68.4849416666667,1.9072302147199502,97.06,125.33,13505.36,0.0,0.0,0,0,0,0,0,0
2022,09,Austria,Russian Federation,AUT,RUS,Austria,AUT,import,41672.585,5143.768,8.101567761220958,,471773629830.381,2291612121334.64,8.54686993188449,13.75,0.949623753156941,68.4849416666667,0.013866168679517853,122.96,125.33,1675.699,0.0,0.0,1,1,1,0,0,0
2022,09,Armenia,Russian Federation,ARM,RUS,Armenia,ARM,import,22296.144,5039.349,4.424409581475702,,19513506553.1251,2291612121334.64,8.64091108973852,13.75,435.6661796523,68.4849416666667,6.361488657941712,183.33,125.33,1803.035,0.0,0.0,0,0,0,1,0,1
2022,09,Belgium,Russian Federation,BEL,RUS,Belgium,BEL,import,5014.089,533.63,9.396190244176676,,593614574325.878,2291612121334.64,9.59751172872501,13.75,0.949623753156941,68.4849416666667,0.013866168679517853,136.39,125.33,2261.25,0.0,0.0,1,1,1,0,0,0
2022,09,Brazil,Russian Federation,BRA,RUS,Brazil,BRA,import,130409.72,32477.73,4.015358216230013,,1951923942083.32,2291612121334.64,9.28010608956872,13.75,5.16397029102111,68.4849416666667,0.07540300342454027,96.56,125.33,11820.15,0.0,0.0,0,0,0,0,1,0
2022,09,Bulgaria,Russian Federation,BGR,RUS,Bulgaria,BGR,import,156.375,36.446,4.290594303901663,,90509236929.2237,2291612121334.64,15.3252589264367,13.75,1.86014166666667,68.4849416666667,0.02716132366324328,131.62,125.33,1785.898,0.0,0.0,1,1,1,0,0,0
2022,09,Cambodia,Russian Federation,KHM,RUS,Cambodia,KHM,import,46.609,6.624,7.036382850241546,,39994532959.6074,2291612121334.64,5.34370264895434,13.75,4102.03786482335,68.4849416666667,59.896931573498186,188.05,125.33,7534.794,0.0,0.0,0,0,0,0,0,0
2022,09,Sri Lanka,Russian Federation,LKA,RUS,Sri Lanka,LKA,import,131543.87,24848.558,5.293823086233012,,74143020262.8076,2291612121334.64,49.7211021114328,13.75,322.632674256475,68.4849416666667,4.711001665545818,92.23,125.33,6576.936,0.0,0.0,0,0,0,0,0,0
2022,09,China,Russian Federation,CHN,RUS,China,CHN,import,86281.05900000001,31128.08,2.7718079303317134,,18316765021690.2,2291612121334.64,1.97357555739052,13.75,6.73715811237119,68.4849416666667,0.09837429876428339,153.17,125.33,5795.045,1.0,0.0,0,0,0,0,1,0
2022,09,Colombia,Russian Federation,COL,RUS,Colombia,COL,import,10907.979000000001,1743.722,6.2555722758559,,345632492851.448,2291612121334.64,10.1772313546166,13.75,4256.19416666667,68.4849416666667,62.14788336073394,127.75,125.33,10979.1,0.0,0.0,0,0,0,0,0,0
2022,09,Costa Rica,Russian Federation,CRI,RUS,Costa Rica,CRI,import,251.61499999999998,45.985,5.471675546373818,,69243626028.6698,2291612121334.64,8.27477490232656,13.75,647.135817631363,68.4849416666667,9.449315453623871,132.1,125.33,10967.48,0.0,0.0,0,0,0,0,0,0
2022,09,Croatia,Russian Federation,HRV,RUS,Croatia,HRV,import,5.648000000000001,0.865,6.5294797687861275,,71198635101.9514,2291612121334.64,10.7805806758686,13.75,7.1597415,68.4849416666667,0.10454475576321944,110.99,125.33,1875.36,0.0,0.0,1,1,1,0,0,0
2022,09,Cuba,Russian Federation,CUB,RUS,Cuba,CUB,import,268.916,33.06,8.13418027828191,,,2291612121334.64,,13.75,,68.4849416666667,,,125.33,9603.391,0.0,0.0,0,0,0,0,0,0
2022,09,Cyprus,Russian Federation,CYP,RUS,Cyprus,CYP,import,20.222,2.227,9.080377189043558,,30935566076.6788,2291612121334.64,8.39548297993332,13.75,0.949623753156941,68.4849416666667,0.013866168679517853,142.69,125.33,2316.67,0.0,0.0,1,0,1,0,0,0
2022,09,Czechia,Russian Federation,CZE,RUS,Czechia,CZE,import,299.512,43.599000000000004,6.869698846303813,,301831228325.556,2291612121334.64,15.1001651468372,13.75,23.357,68.4849416666667,0.3410530757795538,117.8,125.33,1673.0,0.0,0.0,1,1,1,0,0,0
2022,09,Dominican Rep.,Russian Federation,DOM,RUS,Dominican Rep.,DOM,import,22.018,2.4659999999999997,8.928629359286294,,113478087134.8,2291612121334.64,8.81109209279586,13.75,55.1409916666667,68.4849416666667,0.8051549774993116,128.95,125.33,9365.754,0.0,0.0,0,0,0,0,0,0
2022,09,El Salvador,Russian Federation,SLV,RUS,El Salvador,SLV,import,197.49599999999998,32.773,6.026180087266956,,31870120000.0,2291612121334.64,7.19861615609861,13.75,1.0,68.4849416666667,0.014601750044079025,97.74,125.33,10866.28,0.0,0.0,0,0,0,0,0,0
2022,09,Ethiopia,Russian Federation,ETH,RUS,Ethiopia,ETH,import,10099.85,2208.21,4.573772422006965,,126772707851.339,2291612121334.64,33.8898797100898,13.75,51.7562150334169,68.4849416666667,0.7557313151455588,,125.33,5198.625,0.0,0.0,0,0,0,0,0,0
2022,09,Estonia,Russian Federation,EST,RUS,Estonia,EST,import,16890.294,3244.932,5.205130338632675,,38376046174.971,2291612121334.64,19.3982634080616,13.75,0.949623753156941,68.4849416666667,0.013866168679517853,133.29,125.33,871.7853,1.0,0.0,1,1,1,0,0,0
2022,09,Finland,Russian Federation,FIN,RUS,Finland,FIN,import,22392.742000000002,3948.81,5.670757012872233,,280253099309.34,2291612121334.64,7.12350773301401,13.75,0.949623753156941,68.4849416666667,0.013866168679517853,120.42,125.33,892.6777,1.0,0.0,1,1,1,0,0,0
2022,09,France,Russian Federation,FRA,RUS,France,FRA,import,2287.799,157.42700000000002,14.532443608783751,,2796302210398.84,2291612121334.64,5.22236748369736,13.75,0.949623753156941,68.4849416666667,0.013866168679517853,99.32,125.33,2494.316,0.0,0.0,1,1,1,0,0,0
2022,09,Georgia,Russian Federation,GEO,RUS,Georgia,GEO,import,6504.1720000000005,2165.701,3.0032640701555757,,24984568959.605,2291612121334.64,11.8981654203198,13.75,2.9162,68.4849416666667,0.04258162347854325,134.99,125.33,1644.856,1.0,0.0,0,0,0,0,0,0
2022,09,Germany,Russian Federation,DEU,RUS,Germany,DEU,import,97887.51599999999,18864.604,5.188951541203833,,4163596357879.39,2291612121334.64,6.87257438551096,13.75,0.949623753156941,68.4849416666667,0.013866168679517853,96.89,125.33,2065.183,0.0,0.0,1,1,1,0,0,0
2022,09,Greece,Russian Federation,GRC,RUS,Greece,GRC,import,109.42999999999999,9.19,11.907508161044614,,218880566444.349,2291612121334.64,9.64525981280638,13.75,0.949623753156941,68.4849416666667,0.013866168679517853,123.67,125.33,2233.583,0.0,0.0,1,1,1,0,0,0
2022,09,Guatemala,Russian Federation,GTM,RUS,Guatemala,GTM,import,4171.293,696.2660000000001,5.99094742526563,,95641441234.943,2291612121334.64,6.88512823344283,13.75,7.74824375,68.4849416666667,0.11313791851809754,126.31,125.33,10835.78,0.0,0.0,0,0,0,0,0,0
2022,09,"China, Hong Kong SAR",Russian Federation,HKG,RUS,"China, Hong Kong SAR",HKG,import,56.956,20.275,2.8091738594327995,,358679533984.718,2291612121334.64,1.88136707196852,13.75,7.83141666666666,68.4849416666667,0.11435238865770112,101.23,125.33,7145.355,0.0,0.0,0,0,0,0,0,0
2022,09,Hungary,Russian Federation,HUN,RUS,Hungary,HUN,import,11.231,1.381,8.132512671976828,,177536698164.902,2291612121334.64,14.6081439492433,13.75,372.595833333333,68.4849416666667,5.440551225798656,126.46,125.33,1574.19,0.0,0.0,1,0,1,0,0,0
2022,09,Indonesia,Russian Federation,IDN,RUS,Indonesia,IDN,import,57878.127,29932.5,1.9336215484840893,,1319101183380.15,2291612121334.64,4.20946463714783,13.75,14849.8539362105,68.4849416666667,216.83385536762876,118.5,125.33,9302.706,0.0,0.0,0,0,0,0,0,0
2022,09,Iran,Russian Federation,IRN,RUS,Iran,IRN,import,5180.37,4513.21,1.1478238327044388,,394362621793.035,2291612121334.64,43.4884641742178,13.75,42000.0,68.4849416666667,613.2735018513191,,125.33,2466.589,0.0,0.0,0,0,0,0,0,0
2022,09,Ireland,Russian Federation,IRL,RUS,Ireland,IRL,import,0.012,0.002,6.0,,548570250341.987,2291612121334.64,7.82945736434107,13.75,0.949623753156941,68.4849416666667,0.013866168679517853,193.61,125.33,2802.315,0.0,0.0,1,1,1,0,0,0
2022,09,Israel,Russian Federation,ISR,RUS,Israel,ISR,import,50.0,10.705,4.670714619336758,,525181008025.57,2291612121334.64,4.41162725488366,13.75,3.35961440158189,68.4849416666667,0.04905624973638689,127.26,125.33,2643.989,0.0,0.0,0,0,0,0,0,0
2022,09,Italy,Russian Federation,ITA,RUS,Italy,ITA,import,66463.342,10190.003,6.522406519409268,,2104067630319.46,2291612121334.64,8.20128991161714,13.75,0.949623753156941,68.4849416666667,0.013866168679517853,105.71,125.33,2383.171,0.0,0.0,1,1,1,0,0,0
2022,09,Japan,Russian Federation,JPN,RUS,Japan,JPN,import,2757.7580000000003,172.18099999999998,16.016622043082574,,4262463317796.53,2291612121334.64,2.49770278172251,13.75,131.498140443764,68.4849416666667,1.9201029780210408,95.22,125.33,7486.303,0.0,0.0,1,1,0,0,0,0
2022,09,Kazakhstan,Russian Federation,KAZ,RUS,Kazakhstan,KAZ,import,22761.9,3833.6059999999998,5.937464622081665,,225496328925.494,2291612121334.64,15.0278644440851,13.75,460.165,68.4849416666667,6.719214309033625,147.1,125.33,3104.607,1.0,1.0,0,0,0,1,0,1
2022,09,Kenya,Russian Federation,KEN,RUS,Kenya,KEN,import,49836.999,21459.319,2.322394247459577,,114448978152.637,2291612121334.64,7.65986268272222,13.75,117.865989201682,68.4849416666667,1.721049713021078,121.13,125.33,6348.253,0.0,0.0,0,0,0,0,0,0
2022,09,Rep. of Korea,Russian Federation,KOR,RUS,Rep. of Korea,KOR,import,260.45000000000005,93.654,2.780981057936661,,1673916511799.71,2291612121334.64,5.0895136506284,13.75,1291.44666666667,68.4849416666667,18.85738142192576,,125.33,6614.064,0.0,0.0,1,1,0,0,0,0
2022,09,Kyrgyzstan,Russian Federation,KGZ,RUS,Kyrgyzstan,KGZ,import,351.933,217.01100000000002,1.6217288524544837,,12134931017.9465,2291612121334.64,13.9229093174176,13.75,84.1162225704045,68.4849416666667,1.2282440566251651,154.99,125.33,2985.871,0.0,1.0,0,0,0,1,0,1
2022,09,Lebanon,Russian Federation,LBN,RUS,Lebanon,LBN,import,24.657,5.72,4.3106643356643355,,20992421948.8081,2291612121334.64,171.205491336641,13.75,1507.5,68.4849416666667,22.012138191449132,,125.33,2441.484,0.0,0.0,0,0,0,0,0,0
2022,09,Latvia,Russian Federation,LVA,RUS,Latvia,LVA,import,12558.65,2047.3390000000002,6.134133135743518,,38014713595.7686,2291612121334.64,17.3102830198815,13.75,0.949623753156941,68.4849416666667,0.013866168679517853,130.99,125.33,847.8519,1.0,0.0,1,1,1,0,0,0
2022,09,Lithuania,Russian Federation,LTU,RUS,Lithuania,LTU,import,20574.684999999998,2347.23,8.765517226688479,,71033884499.7824,2291612121334.64,19.7050461518394,13.75,0.949623753156941,68.4849416666667,0.013866168679517853,156.52,125.33,794.0689,1.0,0.0,1,1,1,0,0,0
2022,09,Luxembourg,Russian Federation,LUX,RUS,Luxembourg,LUX,import,0.005,0.001,5.0,,80801680397.0139,2291612121334.64,6.33600807777913,13.75,0.949623753156941,68.4849416666667,0.013866168679517853,126.75,125.33,2214.132,0.0,0.0,1,1,1,0,0,0
2022,09,Madagascar,Russian Federation,MDG,RUS,Madagascar,MDG,import,1388.721,195.7,7.09617271333674,,15325603272.6073,2291612121334.64,8.16059031991847,13.75,4096.11618374535,68.4849416666667,59.81046466655648,,125.33,8356.116,0.0,0.0,0,0,0,0,0,0
2022,09,Malawi,Russian Federation,MWI,RUS,Malawi,MWI,import,854.516,571.6,1.4949545136459061,,12429060150.742,2291612121334.64,20.953969729969,13.75,949.039016666667,68.4849416666667,13.85763050344522,127.04,125.33,7767.932,0.0,0.0,0,0,0,0,0,0
2022,09,Mexico,Russian Federation,MEX,RUS,Mexico,MEX,import,1029.05,137.0,7.511313868613138,,1466464899303.68,2291612121334.64,7.89627619168551,13.75,20.12735,68.4849416666667,0.293894533749694,110.55,125.33,10736.3,0.0,0.0,0,0,0,0,0,0
2022,09,"Other Asia, nes",Russian Federation,S19,RUS,"Other Asia, nes",S19,import,167.045,6.75,24.747407407407405,,,2291612121334.64,,13.75,,68.4849416666667,,,125.33,,,,0,0,0,0,0,0
2022,09,Mongolia,Russian Federation,MNG,RUS,Mongolia,MNG,import,0.524,0.027,19.40740740740741,,17146471713.748,2291612121334.64,15.1509728200805,13.75,3140.67788364809,68.4849416666667,45.859393425996515,138.8,125.33,4632.875,1.0,0.0,0,0,0,0,0,0
2022,09,Rep. of Moldova,Russian Federation,MDA,RUS,Rep. of Moldova,MDA,import,2.043,0.18,11.350000000000001,,14525337523.7271,2291612121334.64,28.7372976766236,13.75,18.8971896198157,68.4849416666667,0.2759320393641136,111.76,125.33,1150.314,0.0,0.0,0,0,0,0,0,1
2022,09,Morocco,Russian Federation,MAR,RUS,Morocco,MAR,import,0.159,0.02,7.95,,130951926351.241,2291612121334.64,6.65704202759066,13.75,10.1606602430359,68.4849416666667,0.14836342115162146,119.7,125.33,4156.454,0.0,0.0,0,0,0,0,0,0
2022,09,Mozambique,Russian Federation,MOZ,RUS,Mozambique,MOZ,import,69.0,19.0,3.6315789473684212,,18883528581.3734,2291612121334.64,10.2794018093421,13.75,63.8508333333333,68.4849416666667,0.932333908439482,,125.33,9107.99,0.0,0.0,0,0,0,0,0,0
2022,09,Nepal,Russian Federation,NPL,RUS,Nepal,NPL,import,665.704,151.19299999999998,4.403008075770704,,41182939600.6209,2291612121334.64,7.6507917679853,13.75,125.199457792609,68.4849416666667,1.8281311883418985,134.32,125.33,4889.868,0.0,0.0,0,0,0,0,0,0
2022,09,Netherlands,Russian Federation,NLD,RUS,Netherlands,NLD,import,44782.948,7968.5509999999995,5.619961270248505,,1046540797548.64,2291612121334.64,10.0012078753473,13.75,0.949623753156941,68.4849416666667,0.013866168679517853,122.27,125.33,2155.229,0.0,0.0,1,1,1,0,0,0
2022,09,New Zealand,Russian Federation,NZL,RUS,New Zealand,NZL,import,0.001,0.003,0.3333333333333333,,249509991440.438,2291612121334.64,7.17222476016446,13.75,1.57718333333333,68.4849416666667,0.023029636807020658,103.59,125.33,16774.49,0.0,0.0,1,1,0,0,0,0
2022,09,Nicaragua,Russian Federation,NIC,RUS,Nicaragua,NIC,import,1803.913,413.44,4.363179663312693,,15634572502.2294,2291612121334.64,10.4674244465991,13.75,35.874421141967,68.4849416666667,0.5238293304910262,130.21,125.33,10876.95,0.0,0.0,0,0,0,0,0,0
2022,09,Nigeria,Russian Federation,NGA,RUS,Nigeria,NGA,import,163.701,156.0,1.0493653846153845,,477403400101.174,2291612121334.64,18.8471877843274,13.75,425.979158066857,68.4849416666667,6.220041190079476,100.38,125.33,6263.33,0.0,0.0,0,0,0,0,0,0
2022,09,Norway,Russian Federation,NOR,RUS,Norway,NOR,import,0.808,0.017,47.529411764705884,,596297651035.798,2291612121334.64,5.76412317852275,13.75,9.61416666666667,68.4849416666667,0.14038365854878315,99.7,125.33,1649.799,1.0,0.0,1,1,0,0,0,0
2022,09,Pakistan,Russian Federation,PAK,RUS,Pakistan,PAK,import,17.065,3.3689999999999998,5.0653012763431295,,374890295666.694,2291612121334.64,19.8738599646655,13.75,204.867187469982,68.4849416666667,2.991419463670156,128.32,125.33,3658.638,0.0,0.0,0,0,0,0,0,0
2022,09,Peru,Russian Federation,PER,RUS,Peru,PER,import,7013.428,2413.238,2.90623137875336,,246065570308.155,2291612121334.64,8.33370630096233,13.75,3.83518137473542,68.4849416666667,0.05600035980759398,107.34,125.33,12666.63,0.0,0.0,0,0,0,0,0,0
2022,09,Poland,Russian Federation,POL,RUS,Poland,POL,import,18346.279,2362.451,7.765781808807886,,695607522884.822,2291612121334.64,14.4294507575758,13.75,4.45775833333333,68.4849416666667,0.06509107294024359,153.21,125.33,1156.427,1.0,0.0,1,1,1,0,0,0
2022,09,Portugal,Russian Federation,PRT,RUS,Portugal,PRT,import,1119.2369999999999,164.292,6.812486304871813,,256898675068.927,2291612121334.64,7.83269124233322,13.75,0.949623753156941,68.4849416666667,0.013866168679517853,98.73,125.33,3913.34,0.0,0.0,1,1,1,0,0,0
2022,09,Romania,Russian Federation,ROU,RUS,Romania,ROU,import,63.245999999999995,17.929000000000002,3.5275810139996646,,296354358293.475,2291612121334.64,13.7954887432521,13.75,4.688475,68.4849416666667,0.06845994003791342,113.84,125.33,,,,1,1,1,0,0,0
2022,09,Russian Federation,Azerbaijan,RUS,AZE,Azerbaijan,AZE,export,6890.482999999999,1286.494,5.356016429147745,2498.9929999999986,78807470588.2353,2291612121334.64,13.8522590144267,13.75,1.7,68.4849416666667,0.024822975074934344,165.39,125.33,1930.747,1.0,0.0,0,0,0,0,0,1
2022,09,Russian Federation,Australia,RUS,AUS,Australia,AUS,export,2.731,0.3,9.103333333333333,2.731,1690858246994.43,2291612121334.64,6.59409671341846,13.75,1.44166445896522,68.4849416666667,0.02105082407724257,101.4,125.33,14503.07,0.0,0.0,1,1,0,0,0,0
2022,09,Russian Federation,Austria,RUS,AUT,Austria,AUT,export,1166.763,660.019,1.7677718368713626,-40505.822,471773629830.381,2291612121334.64,8.54686993188449,13.75,0.949623753156941,68.4849416666667,0.013866168679517853,122.96,125.33,1675.699,0.0,0.0,1,1,1,0,0,0
2022,09,Russian Federation,Bahrain,RUS,BHR,Bahrain,BHR,export,2.004,0.16,12.525,2.004,46458191489.3617,2291612121334.64,3.62574104304489,13.75,0.376,68.4849416666667,0.005490258016573713,122.62,125.33,3450.924,0.0,0.0,0,0,0,0,0,0
2022,09,Russian Federation,Armenia,RUS,ARM,Armenia,ARM,export,3984.1549999999997,790.4680000000001,5.040248308596932,-18311.989,19513506553.1251,2291612121334.64,8.64091108973852,13.75,435.6661796523,68.4849416666667,6.361488657941712,183.33,125.33,1803.035,0.0,0.0,0,0,0,1,0,1
2022,09,Russian Federation,Belgium,RUS,BEL,Belgium,BEL,export,31.502000000000002,12.333,2.5542852509527285,-4982.5869999999995,593614574325.878,2291612121334.64,9.59751172872501,13.75,0.949623753156941,68.4849416666667,0.013866168679517853,136.39,125.33,2261.25,0.0,0.0,1,1,1,0,0,0
2022,09,Russian Federation,Bosnia Herzegovina,RUS,BIH,Bosnia Herzegovina,BIH,export,6.021,3.274,1.839034819792303,6.021,24534663636.1778,2291612121334.64,14.0208440826771,13.75,1.85932587706093,68.4849416666667,0.02714941170733171,110.21,125.33,1902.116,0.0,0.0,0,0,0,0,0,0
2022,09,Russian Federation,Bulgaria,RUS,BGR,Bulgaria,BGR,export,75.43599999999999,7.698999999999999,9.798155604623977,-80.93900000000001,90509236929.2237,2291612121334.64,15.3252589264367,13.75,1.86014166666667,68.4849416666667,0.02716132366324328,131.62,125.33,1785.898,0.0,0.0,1,1,1,0,0,0
2022,09,Russian Federation,Canada,RUS,CAN,Canada,CAN,export,73.317,6.632,11.055036188178528,73.317,2190411080134.32,2291612121334.64,6.80280115341609,13.75,1.30155477474355,68.4849416666667,0.019004977489482898,105.14,125.33,7495.521,0.0,0.0,1,1,0,0,0,0
2022,09,Russian Federation,Sri Lanka,RUS,LKA,Sri Lanka,LKA,export,2704.1600000000003,3051.3779999999997,0.8862094437332905,-128839.70999999999,74143020262.8076,2291612121334.64,49.7211021114328,13.75,322.632674256475,68.4849416666667,4.711001665545818,92.23,125.33,6576.936,0.0,0.0,0,0,0,0,0,0
2022,09,Russian Federation,Chile,RUS,CHL,Chile,CHL,export,79.519,7.756,10.252578648788035,79.519,301226575540.242,2291612121334.64,11.643866711056,13.75,873.314189543014,68.4849416666667,12.751915505654543,99.56,125.33,14153.3,0.0,0.0,0,0,0,0,0,0
2022,09,Russian Federation,China,RUS,CHN,China,CHN,export,982.68,39.424,24.925933441558442,-85298.37900000002,18316765021690.2,2291612121334.64,1.97357555739052,13.75,6.73715811237119,68.4849416666667,0.09837429876428339,153.17,125.33,5795.045,1.0,0.0,0,0,0,0,1,0
2022,09,Russian Federation,Cyprus,RUS,CYP,Cyprus,CYP,export,26.663,2.229,11.961866307761328,6.440999999999999,30935566076.6788,2291612121334.64,8.39548297993332,13.75,0.949623753156941,68.4849416666667,0.013866168679517853,142.69,125.33,2316.67,0.0,0.0,1,0,1,0,0,0
2022,09,Russian Federation,Czechia,RUS,CZE,Czechia,CZE,export,208.39600000000002,106.65599999999999,1.9539078907890792,-91.11599999999999,301831228325.556,2291612121334.64,15.1001651468372,13.75,23.357,68.4849416666667,0.3410530757795538,117.8,125.33,1673.0,0.0,0.0,1,1,1,0,0,0
2022,09,Russian Federation,Dominican Rep.,RUS,DOM,Dominican Rep.,DOM,export,131.04,32.28,4.059479553903345,109.02199999999999,113478087134.8,2291612121334.64,8.81109209279586,13.75,55.1409916666667,68.4849416666667,0.8051549774993116,128.95,125.33,9365.754,0.0,0.0,0,0,0,0,0,0
2022,09,Russian Federation,Estonia,RUS,EST,Estonia,EST,export,278.481,28.174999999999997,9.883975155279504,-16611.813000000002,38376046174.971,2291612121334.64,19.3982634080616,13.75,0.949623753156941,68.4849416666667,0.013866168679517853,133.29,125.33,871.7853,1.0,0.0,1,1,1,0,0,0
2022,09,Russian Federation,Finland,RUS,FIN,Finland,FIN,export,15.333,4.676,3.2790846877673223,-22377.409000000003,280253099309.34,2291612121334.64,7.12350773301401,13.75,0.949623753156941,68.4849416666667,0.013866168679517853,120.42,125.33,892.6777,1.0,0.0,1,1,1,0,0,0
2022,09,Russian Federation,France,RUS,FRA,France,FRA,export,9.686,0.393,24.646310432569972,-2278.113,2796302210398.84,2291612121334.64,5.22236748369736,13.75,0.949623753156941,68.4849416666667,0.013866168679517853,99.32,125.33,2494.316,0.0,0.0,1,1,1,0,0,0
2022,09,Russian Federation,Gabon,RUS,GAB,Gabon,GAB,export,0.007,0.001,7.0,0.007,20440655695.229,2291612121334.64,4.23124798274575,13.75,623.759700911182,68.4849416666667,9.10798324027457,,125.33,6669.6,0.0,0.0,0,0,0,0,0,0
2022,09,Russian Federation,Georgia,RUS,GEO,Georgia,GEO,export,5813.329000000001,1490.016,3.901521191718747,-690.8429999999998,24984568959.605,2291612121334.64,11.8981654203198,13.75,2.9162,68.4849416666667,0.04258162347854325,134.99,125.33,1644.856,1.0,0.0,0,0,0,0,0,0
2022,09,Russian Federation,Germany,RUS,DEU,Germany,DEU,export,4305.338,1978.52,2.1760396660129793,-93582.17799999999,4163596357879.39,2291612121334.64,6.87257438551096,13.75,0.949623753156941,68.4849416666667,0.013866168679517853,96.89,125.33,2065.183,0.0,0.0,1,1,1,0,0,0
2022,09,Russian Federation,Ghana,RUS,GHA,Ghana,GHA,export,0.038,0.096,0.3958333333333333,0.038,73919003209.9866,2291612121334.64,31.2558951049016,13.75,8.2724,68.4849416666667,0.12079151706463932,140.65,125.33,6517.264,0.0,0.0,0,0,0,0,0,0
2022,09,Russian Federation,Greece,RUS,GRC,Greece,GRC,export,0.708,0.03,23.599999999999998,-108.722,218880566444.349,2291612121334.64,9.64525981280638,13.75,0.949623753156941,68.4849416666667,0.013866168679517853,123.67,125.33,2233.583,0.0,0.0,1,1,1,0,0,0
2022,09,Russian Federation,Hungary,RUS,HUN,Hungary,HUN,export,71.833,5.577,12.880222341760803,60.602,177536698164.902,2291612121334.64,14.6081439492433,13.75,372.595833333333,68.4849416666667,5.440551225798656,126.46,125.33,1574.19,0.0,0.0,1,0,1,0,0,0
2022,09,Russian Federation,Iceland,RUS,ISL,Iceland,ISL,export,0.529,0.059,8.966101694915254,0.529,28696453180.1657,2291612121334.64,8.30875511558923,13.75,135.27990200138,68.4849416666667,1.975323315011657,126.8,125.33,3316.138,0.0,0.0,1,1,0,0,0,0
2022,09,Russian Federation,Indonesia,RUS,IDN,Indonesia,IDN,export,13017.697,14721.194999999998,0.8842826278709033,-44860.43,1319101183380.15,2291612121334.64,4.20946463714783,13.75,14849.8539362105,68.4849416666667,216.83385536762876,118.5,125.33,9302.706,0.0,0.0,0,0,0,0,0,0
2022,09,Russian Federation,Ireland,RUS,IRL,Ireland,IRL,export,38.296,13.306999999999999,2.877883820545578,38.284,548570250341.987,2291612121334.64,7.82945736434107,13.75,0.949623753156941,68.4849416666667,0.013866168679517853,193.61,125.33,2802.315,0.0,0.0,1,1,1,0,0,0
2022,09,Russian Federation,Israel,RUS,ISR,Israel,ISR,export,3102.0,320.88800000000003,9.666924285108822,3052.0,525181008025.57,2291612121334.64,4.41162725488366,13.75,3.35961440158189,68.4849416666667,0.04905624973638689,127.26,125.33,2643.989,0.0,0.0,0,0,0,0,0,0
2022,09,Russian Federation,Italy,RUS,ITA,Italy,ITA,export,572.385,135.743,4.216681523172466,-65890.95700000001,2104067630319.46,2291612121334.64,8.20128991161714,13.75,0.949623753156941,68.4849416666667,0.013866168679517853,105.71,125.33,2383.171,0.0,0.0,1,1,1,0,0,0
2022,09,Russian Federation,CÃ´te d'Ivoire,RUS,CIV,CÃ´te d'Ivoire,CIV,export,0.93,0.21000000000000002,4.428571428571429,0.93,70922824824.0069,2291612121334.64,5.27616724262842,13.75,623.759700911182,68.4849416666667,9.10798324027457,201.01,125.33,6715.534,0.0,0.0,0,0,0,0,0,0
2022,09,Russian Federation,Japan,RUS,JPN,Japan,JPN,export,345.10900000000004,50.728,6.803126478473428,-2412.6490000000003,4262463317796.53,2291612121334.64,2.49770278172251,13.75,131.498140443764,68.4849416666667,1.9201029780210408,95.22,125.33,7486.303,0.0,0.0,1,1,0,0,0,0
2022,09,Russian Federation,Kazakhstan,RUS,KAZ,Kazakhstan,KAZ,export,37914.420000000006,5925.741,6.398258040639981,15152.520000000004,225496328925.494,2291612121334.64,15.0278644440851,13.75,460.165,68.4849416666667,6.719214309033625,147.1,125.33,3104.607,1.0,1.0,0,0,0,1,0,1
2022,09,Russian Federation,Jordan,RUS,JOR,Jordan,JOR,export,208.26600000000002,84.91499999999999,2.4526408761702885,208.26600000000002,48764963380.2817,2291612121334.64,4.22915568897118,13.75,0.71,68.4849416666667,0.010367242531296108,72.3,125.33,2652.505,0.0,0.0,0,0,0,0,0,0
2022,09,Russian Federation,Rep. of Korea,RUS,KOR,Rep. of Korea,KOR,export,171.2,21.936999999999998,7.804166476728815,-89.25000000000006,1673916511799.71,2291612121334.64,5.0895136506284,13.75,1291.44666666667,68.4849416666667,18.85738142192576,,125.33,6614.064,0.0,0.0,1,1,0,0,0,0
2022,09,Russian Federation,Kuwait,RUS,KWT,Kuwait,KWT,export,21.255,15.496,1.3716442953020134,21.255,183502046669.15,2291612121334.64,3.98064961990316,13.75,0.306250154417753,68.4849416666667,0.004471788205768633,172.86,125.33,3051.533,0.0,0.0,0,0,0,0,0,0
2022,09,Russian Federation,Kyrgyzstan,RUS,KGZ,Kyrgyzstan,KGZ,export,7304.572,1279.4869999999999,5.708984929116123,6952.639,12134931017.9465,2291612121334.64,13.9229093174176,13.75,84.1162225704045,68.4849416666667,1.2282440566251651,154.99,125.33,2985.871,0.0,1.0,0,0,0,1,0,1
2022,09,Russian Federation,Latvia,RUS,LVA,Latvia,LVA,export,766.882,164.272,4.668367098470829,-11791.768,38014713595.7686,2291612121334.64,17.3102830198815,13.75,0.949623753156941,68.4849416666667,0.013866168679517853,130.99,125.33,847.8519,1.0,0.0,1,1,1,0,0,0
2022,09,Russian Federation,Liberia,RUS,LBR,Liberia,LBR,export,0.6799999999999999,0.107,6.355140186915888,0.6799999999999999,4001047000.0,2291612121334.64,7.59298486560314,13.75,152.933756840022,68.4849416666667,2.2331004906799623,,125.33,6953.84,0.0,0.0,0,0,0,0,0,0
2022,09,Russian Federation,Lithuania,RUS,LTU,Lithuania,LTU,export,449.27099999999996,50.051,8.976264210505283,-20125.413999999997,71033884499.7824,2291612121334.64,19.7050461518394,13.75,0.949623753156941,68.4849416666667,0.013866168679517853,156.52,125.33,794.0689,1.0,0.0,1,1,1,0,0,0
2022,09,Russian Federation,Luxembourg,RUS,LUX,Luxembourg,LUX,export,0.041,0.001,41.0,0.036000000000000004,80801680397.0139,2291612121334.64,6.33600807777913,13.75,0.949623753156941,68.4849416666667,0.013866168679517853,126.75,125.33,2214.132,0.0,0.0,1,1,1,0,0,0
2022,09,Russian Federation,Malaysia,RUS,MYS,Malaysia,MYS,export,1176.893,1304.905,0.9018993719849339,1176.893,407605841348.235,2291612121334.64,3.37869862549933,13.75,4.40107634540072,68.4849416666667,0.06426341672045012,138.5,125.33,8130.454,0.0,0.0,0,0,0,0,0,0
2022,09,Russian Federation,Maldives,RUS,MDV,Maldives,MDV,export,9.238,1.4929999999999999,6.187541862022774,9.238,6177118113.94637,2291612121334.64,2.33314337624572,13.75,15.386625,68.4849416666667,0.22467165227197744,140.39,125.33,6563.114,0.0,0.0,0,0,0,0,0,0
2022,09,Russian Federation,Malta,RUS,MLT,Malta,MLT,export,3.341,0.084,39.773809523809526,3.341,19239187083.5194,2291612121334.64,6.15375621933036,13.75,0.949623753156941,68.4849416666667,0.013866168679517853,102.52,125.33,2819.734,0.0,0.0,1,1,1,0,0,0
2022,09,Russian Federation,Mauritius,RUS,MUS,Mauritius,MUS,export,141.839,129.335,1.0966791665055862,141.839,12907767789.5967,2291612121334.64,10.7737512242899,13.75,44.182775,68.4849416666667,0.6451458368037837,101.08,125.33,8654.018,0.0,0.0,0,0,0,0,0,0
2022,09,Russian Federation,"Other Asia, nes",RUS,S19,"Other Asia, nes",S19,export,12.423,5.226,2.3771526980482203,-154.62199999999999,,2291612121334.64,,13.75,,68.4849416666667,,,125.33,,,,0,0,0,0,0,0
2022,09,Russian Federation,Mongolia,RUS,MNG,Mongolia,MNG,export,1317.0230000000001,194.808,6.76062071372839,1316.4990000000003,17146471713.748,2291612121334.64,15.1509728200805,13.75,3140.67788364809,68.4849416666667,45.859393425996515,138.8,125.33,4632.875,1.0,0.0,0,0,0,0,0,0
2022,09,Russian Federation,Rep. of Moldova,RUS,MDA,Rep. of Moldova,MDA,export,4912.393,734.061,6.6920773614181925,4910.35,14525337523.7271,2291612121334.64,28.7372976766236,13.75,18.8971896198157,68.4849416666667,0.2759320393641136,111.76,125.33,1150.314,0.0,0.0,0,0,0,0,0,1
2022,09,Russian Federation,Montenegro,RUS,MNE,Montenegro,MNE,export,1.41,0.186,7.580645161290322,1.41,6229801580.79157,2291612121334.64,13.0403036347004,13.75,0.950915533962108,68.4849416666667,0.013885030939946641,98.62,125.33,,,,1,1,0,0,0,0
2022,09,Russian Federation,Morocco,RUS,MAR,Morocco,MAR,export,251.314,242.0,1.038487603305785,251.155,130951926351.241,2291612121334.64,6.65704202759066,13.75,10.1606602430359,68.4849416666667,0.14836342115162146,119.7,125.33,4156.454,0.0,0.0,0,0,0,0,0,0
2022,09,Russian Federation,Oman,RUS,OMN,Oman,OMN,export,64.153,47.389,1.3537529806495179,64.153,109852795838.752,2291612121334.64,2.50614250614251,13.75,0.3845,68.4849416666667,0.005614372891948385,121.85,125.33,3965.798,0.0,0.0,0,0,0,0,0,0
2022,09,Russian Federation,Nepal,RUS,NPL,Nepal,NPL,export,3559.852,4111.135,0.8659049143363086,2894.148,41182939600.6209,2291612121334.64,7.6507917679853,13.75,125.199457792609,68.4849416666667,1.8281311883418985,134.32,125.33,4889.868,0.0,0.0,0,0,0,0,0,0
2022,09,Russian Federation,Netherlands,RUS,NLD,Netherlands,NLD,export,702.485,496.785,1.4140624213694053,-44080.462999999996,1046540797548.64,2291612121334.64,10.0012078753473,13.75,0.949623753156941,68.4849416666667,0.013866168679517853,122.27,125.33,2155.229,0.0,0.0,1,1,1,0,0,0
2022,09,Russian Federation,New Zealand,RUS,NZL,New Zealand,NZL,export,1.539,0.09,17.1,1.538,249509991440.438,2291612121334.64,7.17222476016446,13.75,1.57718333333333,68.4849416666667,0.023029636807020658,103.59,125.33,16774.49,0.0,0.0,1,1,0,0,0,0
2022,09,Russian Federation,Norway,RUS,NOR,Norway,NOR,export,14.796999999999999,2.303,6.425097698653929,13.988999999999999,596297651035.798,2291612121334.64,5.76412317852275,13.75,9.61416666666667,68.4849416666667,0.14038365854878315,99.7,125.33,1649.799,1.0,0.0,1,1,0,0,0,0
2022,09,Russian Federation,Pakistan,RUS,PAK,Pakistan,PAK,export,849.7,993.88,0.8549321849720288,832.635,374890295666.694,2291612121334.64,19.8738599646655,13.75,204.867187469982,68.4849416666667,2.991419463670156,128.32,125.33,3658.638,0.0,0.0,0,0,0,0,0,0
2022,09,Russian Federation,Panama,RUS,PAN,Panama,PAN,export,0.899,0.136,6.610294117647059,0.899,76276116700.0,2291612121334.64,2.85965128834714,13.75,1.0,68.4849416666667,0.014601750044079025,98.66,125.33,10819.55,0.0,0.0,0,0,0,0,0,0
2022,09,Russian Federation,Poland,RUS,POL,Poland,POL,export,3024.7889999999998,3252.8549999999996,0.9298874373435029,-15321.489999999998,695607522884.822,2291612121334.64,14.4294507575758,13.75,4.45775833333333,68.4849416666667,0.06509107294024359,153.21,125.33,1156.427,1.0,0.0,1,1,1,0,0,0
2022,09,Russian Federation,Portugal,RUS,PRT,Portugal,PRT,export,4.153,0.397,10.460957178841308,-1115.0839999999998,256898675068.927,2291612121334.64,7.83269124233322,13.75,0.949623753156941,68.4849416666667,0.013866168679517853,98.73,125.33,3913.34,0.0,0.0,1,1,1,0,0,0
2022,09,Russian Federation,Qatar,RUS,QAT,Qatar,QAT,export,2005.191,222.667,9.005335321354309,2005.191,235709325714.286,2291612121334.64,4.99527553740757,13.75,3.64,68.4849416666667,0.05315037016044766,105.75,125.33,3575.788,0.0,0.0,0,0,0,0,0,0
2022,09,Russian Federation,Romania,RUS,ROU,Romania,ROU,export,50.248,11.418000000000001,4.40077071290944,-12.997999999999998,296354358293.475,2291612121334.64,13.7954887432521,13.75,4.688475,68.4849416666667,0.06845994003791342,113.84,125.33,,,,1,1,1,0,0,0
2022,09,Russian Federation,Saudi Arabia,RUS,SAU,Saudi Arabia,SAU,export,1552.837,409.448,3.7925133350266704,1552.837,1239075200000.0,2291612121334.64,2.47407371925371,13.75,3.75,68.4849416666667,0.05475656266529635,130.83,125.33,3539.516,0.0,0.0,0,0,0,0,0,0
2022,09,Russian Federation,Serbia,RUS,SRB,Serbia,SRB,export,92.114,12.333,7.468904564988243,-3203.5570000000002,66797564758.339,2291612121334.64,11.9815117344702,13.75,111.662183333333,68.4849416666667,1.6304632904094554,122.17,125.33,,,,0,0,0,0,0,0
2022,09,Russian Federation,India,RUS,IND,India,IND,export,22618.203,27785.195,0.8140379435883031,-93891.28,3346107287730.93,2291612121334.64,6.69903414079849,13.75,78.6044905829916,68.4849416666667,1.147763123835007,118.57,125.33,4341.881,0.0,0.0,0,0,0,0,1,0
2022,09,Russian Federation,Singapore,RUS,SGP,Singapore,SGP,export,854.6,119.413,7.156674733906694,829.787,509017841146.557,2291612121334.64,6.13095418919736,13.75,1.37866666666667,68.4849416666667,0.020130946060770333,151.1,125.33,8431.775,0.0,0.0,1,1,0,0,0,0
2022,09,Russian Federation,Slovakia,RUS,SVK,Slovakia,SVK,export,75.985,42.184,1.801275365067324,-32.07600000000001,115884262197.697,2291612121334.64,12.774146363761,13.75,0.949623753156941,68.4849416666667,0.013866168679517853,94.38,125.33,1632.621,0.0,0.0,1,1,1,0,0,0
2022,09,Russian Federation,Viet Nam,RUS,VNM,Viet Nam,VNM,export,752.6940000000001,241.578,3.1157390159699974,-241008.48700000002,413445230668.578,2291612121334.64,3.15650749963127,13.75,23271.2125,68.4849416666667,339.8004281476474,186.82,125.33,6737.911,0.0,0.0,0,0,0,0,0,0
2022,09,Russian Federation,Slovenia,RUS,SVN,Slovenia,SVN,export,20.23,2.229,9.075818752803947,-3.904,59927702746.2843,2291612121334.64,8.83369886749455,13.75,0.949623753156941,68.4849416666667,0.013866168679517853,140.6,125.33,1937.979,0.0,0.0,1,1,1,0,0,0
2022,09,Russian Federation,South Africa,RUS,ZAF,South Africa,ZAF,export,533.842,574.053,0.9299524608354978,533.842,406920004594.074,2291612121334.64,7.03987272546481,13.75,16.3558534845,68.4849416666667,0.23882408433824795,93.05,125.33,10147.89,0.0,0.0,0,0,0,0,1,0
2022,09,Russian Federation,Spain,RUS,ESP,Spain,ESP,export,8.081999999999999,2.917,2.7706547823105927,-10305.036,1446498147749.03,2291612121334.64,8.39057634118634,13.75,0.949623753156941,68.4849416666667,0.013866168679517853,106.72,125.33,3449.3,0.0,0.0,1,1,1,0,0,0
2022,09,Russian Federation,Sweden,RUS,SWE,Sweden,SWE,export,2.868,0.452,6.345132743362831,-93.23400000000001,579895717343.956,2291612121334.64,8.36929098869185,13.75,10.114251277564,68.4849416666667,0.1476857690379965,119.65,125.33,1232.383,0.0,0.0,1,1,1,0,0,0
2022,09,Russian Federation,Switzerland,RUS,CHE,Switzerland,CHE,export,34.558,9.51,3.6338590956887487,-8130.322,828508926958.393,2291612121334.64,2.8350279864446,13.75,0.9548325,68.4849416666667,0.013942225498963087,132.11,125.33,2296.397,0.0,0.0,1,1,0,0,0,0
2022,09,Russian Federation,Thailand,RUS,THA,Thailand,THA,export,247.41,426.08299999999997,0.5806615143058982,-120.74499999999998,495644697587.661,2291612121334.64,-1.6106803048669,13.75,35.0613502144776,68.4849416666667,0.5119570720397184,100.57,125.33,7067.929,0.0,0.0,0,0,0,0,0,0
2022,09,Russian Federation,United Arab Emirates,RUS,ARE,United Arab Emirates,ARE,export,4527.349999999999,3384.1459999999997,1.3378116665179338,-50331.336,502731935194.01,2291612121334.64,5.29122604376852,13.75,3.6725,68.4849416666667,0.053624927036880224,128.03,125.33,3739.195,0.0,0.0,0,0,0,0,0,0
2022,09,Russian Federation,Tunisia,RUS,TUN,Tunisia,TUN,export,34.826,44.0,0.7915,10.469999999999999,44948769171.285,2291612121334.64,8.30646124447624,13.75,3.1036,68.4849416666667,0.045317991436803665,104.16,125.33,2946.28,0.0,0.0,0,0,0,0,0,0
2022,09,Russian Federation,TÃ¼rkiye,RUS,TUR,TÃ¼rkiye,TUR,export,674.188,968.412,0.6961788990636216,-12942.922999999999,907118434653.505,2291612121334.64,72.3088359891207,13.75,16.5488604173067,68.4849416666667,0.24164232332786573,144.16,125.33,1757.71,0.0,0.0,0,0,0,0,0,0
2022,09,Russian Federation,Uganda,RUS,UGA,Uganda,UGA,export,0.057999999999999996,0.043000000000000003,1.3488372093023253,-11334.680999999999,45565333216.4142,2291612121334.64,7.19578885975811,13.75,3689.81738566862,68.4849416666667,53.877791173830325,125.77,125.33,6185.184,0.0,0.0,0,0,0,0,0,0
2022,09,Russian Federation,Ukraine,RUS,UKR,Ukraine,UKR,export,49.608999999999995,40.179,1.2346997187585553,-224.50900000000001,161989520721.19,2291612121334.64,20.1836366617478,13.75,32.3423016,68.4849416666667,0.47225420381341715,76.33,125.33,763.4056,1.0,0.0,1,0,0,0,0,0
2022,09,Russian Federation,Egypt,RUS,EGY,Egypt,EGY,export,2133.365,1369.402,1.5578807391839649,1878.0099999999998,476747720364.742,2291612121334.64,13.8956609775178,13.75,19.1604397412204,68.4849416666667,0.2797759518359385,108.36,125.33,2905.404,0.0,0.0,0,0,0,0,0,0
2022,09,Russian Federation,United Kingdom,RUS,GBR,United Kingdom,GBR,export,820.504,396.75399999999996,2.0680421621458134,-3127.309,3114042471144.39,2291612121334.64,7.92204883147907,13.75,0.811301715827773,68.4849416666667,0.011846424864849573,108.72,125.33,2510.88,0.0,0.0,1,1,0,0,0,0
2022,09,Russian Federation,USA,RUS,USA,USA,USA,export,1013.679,142.76500000000001,7.100332714600917,880.633,26006893000000.0,2291612121334.64,8.00279982052121,13.75,1.0,68.4849416666667,0.014601750044079025,100.28,125.33,7517.972,0.0,0.0,1,1,0,0,0,0
2022,09,Russian Federation,Uzbekistan,RUS,UZB,Uzbekistan,UZB,export,2711.537,2425.817,1.1177829984702061,44.348999999999705,90095926567.4359,2291612121334.64,11.4466436998836,13.75,11050.145422363,68.4849416666667,161.3514614080686,157.51,125.33,2789.856,0.0,0.0,0,0,0,0,0,1
2022,09,Serbia,Russian Federation,SRB,RUS,Serbia,SRB,import,3295.6710000000003,304.77599999999995,10.813420348058905,,66797564758.339,2291612121334.64,11.9815117344702,13.75,111.662183333333,68.4849416666667,1.6304632904094554,122.17,125.33,,,,0,0,0,0,0,0
2022,09,India,Russian Federation,IND,RUS,India,IND,import,116509.48300000001,56469.833,2.0632163548278957,,3346107287730.93,2291612121334.64,6.69903414079849,13.75,78.6044905829916,68.4849416666667,1.147763123835007,118.57,125.33,4341.881,0.0,0.0,0,0,0,0,1,0
2022,09,Singapore,Russian Federation,SGP,RUS,Singapore,SGP,import,24.813,1.5339999999999998,16.17535853976532,,509017841146.557,2291612121334.64,6.13095418919736,13.75,1.37866666666667,68.4849416666667,0.020130946060770333,151.1,125.33,8431.775,0.0,0.0,1,1,0,0,0,0
2022,09,Slovakia,Russian Federation,SVK,RUS,Slovakia,SVK,import,108.061,9.513,11.359297803006413,,115884262197.697,2291612121334.64,12.774146363761,13.75,0.949623753156941,68.4849416666667,0.013866168679517853,94.38,125.33,1632.621,0.0,0.0,1,1,1,0,0,0
2022,09,Viet Nam,Russian Federation,VNM,RUS,Viet Nam,VNM,import,241761.181,112891.223,2.1415409858745176,,413445230668.578,2291612121334.64,3.15650749963127,13.75,23271.2125,68.4849416666667,339.8004281476474,186.82,125.33,6737.911,0.0,0.0,0,0,0,0,0,0
2022,09,Slovenia,Russian Federation,SVN,RUS,Slovenia,SVN,import,24.134,3.254,7.416717885679164,,59927702746.2843,2291612121334.64,8.83369886749455,13.75,0.949623753156941,68.4849416666667,0.013866168679517853,140.6,125.33,1937.979,0.0,0.0,1,1,1,0,0,0
2022,09,Zimbabwe,Russian Federation,ZWE,RUS,Zimbabwe,ZWE,import,1.394,0.21,6.638095238095238,,32789657377.9788,2291612121334.64,104.705170628667,13.75,374.954362604663,68.4849416666667,5.474989880690261,77.01,125.33,8213.716,0.0,0.0,0,0,0,0,0,0
2022,09,Spain,Russian Federation,ESP,RUS,Spain,ESP,import,10313.118,2094.206,4.924595765650562,,1446498147749.03,2291612121334.64,8.39057634118634,13.75,0.949623753156941,68.4849416666667,0.013866168679517853,106.72,125.33,3449.3,0.0,0.0,1,1,1,0,0,0
2022,09,Sweden,Russian Federation,SWE,RUS,Sweden,SWE,import,96.102,12.110999999999999,7.935100322021304,,579895717343.956,2291612121334.64,8.36929098869185,13.75,10.114251277564,68.4849416666667,0.1476857690379965,119.65,125.33,1232.383,0.0,0.0,1,1,1,0,0,0
2022,09,Switzerland,Russian Federation,CHE,RUS,Switzerland,CHE,import,8164.88,422.361,19.33151971891344,,828508926958.393,2291612121334.64,2.8350279864446,13.75,0.9548325,68.4849416666667,0.013942225498963087,132.11,125.33,2296.397,0.0,0.0,1,1,0,0,0,0
2022,09,Thailand,Russian Federation,THA,RUS,Thailand,THA,import,368.155,84.357,4.364249558424316,,495644697587.661,2291612121334.64,-1.6106803048669,13.75,35.0613502144776,68.4849416666667,0.5119570720397184,100.57,125.33,7067.929,0.0,0.0,0,0,0,0,0,0
2022,09,United Arab Emirates,Russian Federation,ARE,RUS,United Arab Emirates,ARE,import,54858.686,10596.401,5.177105509691451,,502731935194.01,2291612121334.64,5.29122604376852,13.75,3.6725,68.4849416666667,0.053624927036880224,128.03,125.33,3739.195,0.0,0.0,0,0,0,0,0,0
2022,09,Tunisia,Russian Federation,TUN,RUS,Tunisia,TUN,import,24.356,11.02,2.2101633393829405,,44948769171.285,2291612121334.64,8.30646124447624,13.75,3.1036,68.4849416666667,0.045317991436803665,104.16,125.33,2946.28,0.0,0.0,0,0,0,0,0,0
2022,09,TÃ¼rkiye,Russian Federation,TUR,RUS,TÃ¼rkiye,TUR,import,13617.110999999999,2665.656,5.108352690669763,,907118434653.505,2291612121334.64,72.3088359891207,13.75,16.5488604173067,68.4849416666667,0.24164232332786573,144.16,125.33,1757.71,0.0,0.0,0,0,0,0,0,0
2022,09,Uganda,Russian Federation,UGA,RUS,Uganda,UGA,import,11334.739,4033.785,2.809951199679705,,45565333216.4142,2291612121334.64,7.19578885975811,13.75,3689.81738566862,68.4849416666667,53.877791173830325,125.77,125.33,6185.184,0.0,0.0,0,0,0,0,0,0
2022,09,Ukraine,Russian Federation,UKR,RUS,Ukraine,UKR,import,274.118,39.726,6.900216482907919,,161989520721.19,2291612121334.64,20.1836366617478,13.75,32.3423016,68.4849416666667,0.47225420381341715,76.33,125.33,763.4056,1.0,0.0,1,0,0,0,0,0
2022,09,North Macedonia,Russian Federation,MKD,RUS,North Macedonia,MKD,import,294.521,41.0,7.183439024390244,,13932436550.0883,2291612121334.64,14.2047173195833,13.75,58.5743916666667,68.4849416666667,0.8552886261006526,103.45,125.33,1927.484,0.0,0.0,0,1,0,0,0,0
2022,09,Egypt,Russian Federation,EGY,RUS,Egypt,EGY,import,255.355,55.335,4.614710400289147,,476747720364.742,2291612121334.64,13.8956609775178,13.75,19.1604397412204,68.4849416666667,0.2797759518359385,108.36,125.33,2905.404,0.0,0.0,0,0,0,0,0,0
2022,09,United Kingdom,Russian Federation,GBR,RUS,United Kingdom,GBR,import,3947.813,533.5,7.399836925960638,,3114042471144.39,2291612121334.64,7.92204883147907,13.75,0.811301715827773,68.4849416666667,0.011846424864849573,108.72,125.33,2510.88,0.0,0.0,1,1,0,0,0,0
2022,09,United Rep. of Tanzania,Russian Federation,TZA,RUS,United Rep. of Tanzania,TZA,import,3355.2929999999997,1446.4569999999999,2.31966314933662,,75769974505.0106,2291612121334.64,4.35027204269098,13.75,2303.03367612332,68.4849416666667,33.62832208184917,156.84,125.33,6968.894,0.0,0.0,0,0,0,0,0,0
2022,09,USA,Russian Federation,USA,RUS,USA,USA,import,133.046,13.419,9.91474774573366,,26006893000000.0,2291612121334.64,8.00279982052121,13.75,1.0,68.4849416666667,0.014601750044079025,100.28,125.33,7517.972,0.0,0.0,1,1,0,0,0,0
2022,09,Uzbekistan,Russian Federation,UZB,RUS,Uzbekistan,UZB,import,2667.188,1018.972,2.617528253965762,,90095926567.4359,2291612121334.64,11.4466436998836,13.75,11050.145422363,68.4849416666667,161.3514614080686,157.51,125.33,2789.856,0.0,0.0,0,0,0,0,0,1
2023,09,Angola,Russian Federation,AGO,RUS,Angola,AGO,import,41.095,20.313,2.023088662432925,,84875162197.0107,2071505725030.58,13.6441017767715,5.95,685.020237761449,85.1620083333333,8.0437304282469,150.26,135.97,7535.854,0.0,0.0,0,0,0,0,0,0
2023,09,Azerbaijan,Russian Federation,AZE,RUS,Azerbaijan,AZE,import,221.18699999999998,105.435,2.0978517570066866,,72428470588.2353,2071505725030.58,8.78543049849081,5.95,1.7,85.1620083333333,0.019961952909165977,181.53,135.97,1930.747,1.0,0.0,0,0,0,0,0,1
2023,09,Argentina,Russian Federation,ARG,RUS,Argentina,ARG,import,799.153,898.221,0.889706430822704,,646075277525.125,2071505725030.58,133.488935594175,5.95,296.258041666667,85.1620083333333,3.4787582804186696,95.3,135.97,13505.36,0.0,0.0,0,0,0,0,0,0
2023,09,Australia,Russian Federation,AUS,RUS,Australia,AUS,import,2.226,0.13,17.123076923076923,,1728057316695.61,2071505725030.58,5.59701492537313,5.95,1.50519106560509,85.1620083333333,0.01767444304170951,102.03,135.97,14503.07,0.0,0.0,1,1,0,0,0,0
2023,09,Austria,Russian Federation,AUT,RUS,Austria,AUT,import,49361.658,5070.504,9.735059473377795,,511685203845.001,2071505725030.58,7.81413417002833,5.95,0.924839558470698,85.1620083333333,0.010859766891015251,120.4,135.97,1675.699,0.0,0.0,1,1,1,0,0,0
2023,09,Armenia,Russian Federation,ARM,RUS,Armenia,ARM,import,20319.447,4507.374000000001,4.5080454828021805,,24085749592.3359,2071505725030.58,1.98041877615558,5.95,392.476302158971,85.1620083333333,4.608584389212339,194.88,135.97,1803.035,0.0,0.0,0,0,0,1,0,1
2023,09,Belgium,Russian Federation,BEL,RUS,Belgium,BEL,import,1844.8590000000002,240.075,7.684511090284287,,644655275111.58,2071505725030.58,4.04901077613945,5.95,0.924839558470698,85.1620083333333,0.010859766891015251,127.77,135.97,2261.25,0.0,0.0,1,1,1,0,0,0
2023,09,Brazil,Russian Federation,BRA,RUS,Brazil,BRA,import,131770.149,38203.6,3.4491552890303536,,2191131765684.63,2071505725030.58,4.59356282283203,5.95,4.99437976287199,85.1620083333333,0.058645631551142476,95.5,135.97,11820.15,0.0,0.0,0,0,0,0,1,0
2023,09,Bulgaria,Russian Federation,BGR,RUS,Bulgaria,BGR,import,462.142,46.227,9.99723105544379,,102396840296.147,2071505725030.58,9.44284140088566,5.95,1.80896666666667,85.1620083333333,0.02124147494955942,126.25,135.97,1785.898,0.0,0.0,1,1,1,0,0,0
2023,09,Cambodia,Russian Federation,KHM,RUS,Cambodia,KHM,import,42.632000000000005,4.9399999999999995,8.629959514170043,,42335646895.7984,2071505725030.58,2.12746796594196,5.95,4110.65274641577,85.1620083333333,48.268621499932586,,135.97,7534.794,0.0,0.0,0,0,0,0,0,0
2023,09,Sri Lanka,Russian Federation,LKA,RUS,Sri Lanka,LKA,import,122601.125,22675.450999999997,5.406777796834119,,83716142582.1945,2071505725030.58,16.5411742279832,5.95,327.506533333333,85.1620083333333,3.845688232849524,91.13,135.97,6576.936,0.0,0.0,0,0,0,0,0,0
2023,09,China,Russian Federation,CHN,RUS,China,CHN,import,85240.189,24961.704,3.414838546278731,,18270356654533.2,2071505725030.58,0.23483682889306,5.95,7.08399842343631,85.1620083333333,0.08318261349249509,159.67,135.97,5795.045,1.0,0.0,0,0,0,0,1,0
2023,09,Colombia,Russian Federation,COL,RUS,Colombia,COL,import,4678.268,686.971,6.809993434948491,,366291836137.916,2071505725030.58,11.735904494869,5.95,4325.955,85.1620083333333,50.79677058657124,121.29,135.97,10979.1,0.0,0.0,0,0,0,0,0,0
2023,09,Costa Rica,Russian Federation,CRI,RUS,Costa Rica,CRI,import,480.379,109.227,4.39798767703956,,86497941438.9809,2071505725030.58,0.525193508693476,5.95,544.050775505632,85.1620083333333,6.388421153434504,141.51,135.97,10967.48,0.0,0.0,0,0,0,0,0,0
2023,09,Czechia,Russian Federation,CZE,RUS,Czechia,CZE,import,306.99399999999997,42.92399999999999,7.152036156928525,,343206568134.637,2071505725030.58,10.6612601372426,5.95,22.1980833333333,85.1620083333333,0.26065711421984794,118.14,135.97,1673.0,0.0,0.0,1,1,1,0,0,0
2023,09,Benin,Russian Federation,BEN,RUS,Benin,BEN,import,0.034,0.015,2.266666666666667,,19673290995.8491,2071505725030.58,2.73870078406076,5.95,606.654982255763,85.1620083333333,7.123540110529684,,135.97,6308.841,0.0,0.0,0,0,0,0,0,0
2023,09,Ecuador,Russian Federation,ECU,RUS,Ecuador,ECU,import,237.171,8.506,27.88278861979779,,121147057000.0,2071505725030.58,2.21568764237062,5.95,1.0,85.1620083333333,0.01174232524068587,113.29,135.97,11640.42,0.0,0.0,0,0,0,0,0,0
2023,09,El Salvador,Russian Federation,SLV,RUS,El Salvador,SLV,import,19.628,2.889,6.79404638283143,,33853940000.0,2071505725030.58,4.04554694222478,5.95,1.0,85.1620083333333,0.01174232524068587,93.85,135.97,10866.28,0.0,0.0,0,0,0,0,0,0
2023,09,Ethiopia,Russian Federation,ETH,RUS,Ethiopia,ETH,import,7851.65,1814.25,4.327766294612099,,,2071505725030.58,30.2188278135278,5.95,54.6009480676569,85.1620083333333,0.641142090660226,,135.97,5198.625,0.0,0.0,0,0,0,0,0,0
2023,09,Estonia,Russian Federation,EST,RUS,Estonia,EST,import,22844.094,5261.777,4.341516943800545,,41291245222.1948,2071505725030.58,9.15922507983982,5.95,0.924839558470698,85.1620083333333,0.010859766891015251,121.84,135.97,871.7853,1.0,0.0,1,1,1,0,0,0
2023,09,Finland,Russian Federation,FIN,RUS,Finland,FIN,import,3392.507,271.696,12.486407602614687,,294950618733.339,2071505725030.58,6.25064322154762,5.95,0.924839558470698,85.1620083333333,0.010859766891015251,115.57,135.97,892.6777,1.0,0.0,1,1,1,0,0,0
2023,09,France,Russian Federation,FRA,RUS,France,FRA,import,557.038,44.22,12.596969696969698,,3051831611384.76,2071505725030.58,4.87835726508438,5.95,0.924839558470698,85.1620083333333,0.010859766891015251,99.8,135.97,2494.316,0.0,0.0,1,1,1,0,0,0
2023,09,Georgia,Russian Federation,GEO,RUS,Georgia,GEO,import,6599.92,2045.607,3.226387082171698,,30777833600.6515,2071505725030.58,2.48776056578715,5.95,2.62795833333333,85.1620083333333,0.030858341468970728,139.08,135.97,1644.856,1.0,0.0,0,0,0,0,0,0
2023,09,Germany,Russian Federation,DEU,RUS,Germany,DEU,import,65102.420000000006,10792.473,6.0322059642864065,,4525703903627.53,2071505725030.58,5.94643667725828,5.95,0.924839558470698,85.1620083333333,0.010859766891015251,95.73,135.97,2065.183,0.0,0.0,1,1,1,0,0,0
2023,09,Greece,Russian Federation,GRC,RUS,Greece,GRC,import,179.772,12.142999999999999,14.804578769661534,,243498333237.802,2071505725030.58,3.46480128513402,5.95,0.924839558470698,85.1620083333333,0.010859766891015251,128.88,135.97,2233.583,0.0,0.0,1,1,1,0,0,0
2023,09,Guatemala,Russian Federation,GTM,RUS,Guatemala,GTM,import,1227.91,239.254,5.132244392988206,,104368413483.146,2071505725030.58,6.20657592272128,5.95,7.83197416666667,85.1620083333333,0.09196558794164972,128.24,135.97,10835.78,0.0,0.0,0,0,0,0,0,0
2023,09,Honduras,Russian Federation,HND,RUS,Honduras,HND,import,6371.013,1583.826,4.022546037254092,,34355805527.9795,2071505725030.58,6.66325180347458,5.95,24.6016468236818,85.1620083333333,0.28888053846015815,115.51,135.97,10729.13,0.0,0.0,0,0,0,0,0,0
2023,09,Hungary,Russian Federation,HUN,RUS,Hungary,HUN,import,4.894,0.549,8.914389799635702,,214022571311.24,2071505725030.58,17.1249659678737,5.95,353.088333333333,85.1620083333333,4.146078048691702,121.22,135.97,1574.19,0.0,0.0,1,0,1,0,0,0
2023,09,Indonesia,Russian Federation,IDN,RUS,Indonesia,IDN,import,26888.274,12560.227,2.1407474562362605,,1371169301563.62,2071505725030.58,3.6693865485976,5.95,15236.8846620506,85.1620083333333,178.91645535661613,121.36,135.97,9302.706,0.0,0.0,0,0,0,0,0,0
2023,09,Israel,Russian Federation,ISR,RUS,Israel,ISR,import,34.118,8.853,3.8538348582401447,,512184638998.974,2071505725030.58,4.22522603168918,5.95,3.6673747160226,85.1620083333333,0.043063506695005346,125.61,135.97,2643.989,0.0,0.0,0,0,0,0,0,0
2023,09,Italy,Russian Federation,ITA,RUS,Italy,ITA,import,48583.198000000004,6398.901000000001,7.592428449822868,,2304605139862.79,2071505725030.58,5.62219442195906,5.95,0.924839558470698,85.1620083333333,0.010859766891015251,103.49,135.97,2383.171,0.0,0.0,1,1,1,0,0,0
2023,09,CÃ´te d'Ivoire,Russian Federation,CIV,RUS,CÃ´te d'Ivoire,CIV,import,0.012,0.017,0.7058823529411764,,79618056323.7639,2071505725030.58,4.38711707003282,5.95,606.569750165917,85.1620083333333,7.122539287609769,209.7,135.97,6715.534,0.0,0.0,0,0,0,0,0,0
2023,09,Japan,Russian Federation,JPN,RUS,Japan,JPN,import,3395.854,231.55200000000002,14.665621545052513,,4213167237905.83,2071505725030.58,3.26813365933164,5.95,140.49110006234,85.1620083333333,1.649692190353739,94.02,135.97,7486.303,0.0,0.0,1,1,0,0,0,0
2023,09,Kazakhstan,Russian Federation,KAZ,RUS,Kazakhstan,KAZ,import,19483.619,3774.626,5.1617349639407974,,261840101059.923,2071505725030.58,14.7249900200331,5.95,456.165,85.1620083333333,5.35643779341747,147.13,135.97,3104.607,1.0,1.0,0,0,0,1,0,1
2023,09,Kenya,Russian Federation,KEN,RUS,Kenya,KEN,import,31693.784,13962.508,2.269920561549544,,108038588970.595,2071505725030.58,7.67139634029401,5.95,139.846383759617,85.1620083333333,1.642121721839193,123.74,135.97,6348.253,0.0,0.0,0,0,0,0,0,0
2023,09,Kuwait,Russian Federation,KWT,RUS,Kuwait,KWT,import,3.243,0.538,6.027881040892193,,165384407267.056,2071505725030.58,3.64216403030709,5.95,0.30718535125088,85.1620083333333,0.0036070703035621624,143.01,135.97,3051.533,0.0,0.0,0,0,0,0,0,0
2023,09,Kyrgyzstan,Russian Federation,KGZ,RUS,Kyrgyzstan,KGZ,import,593.623,254.206,2.335204519169493,,15180842369.4894,2071505725030.58,10.7532770416742,5.95,87.8561255862776,85.1620083333333,1.0316352010206151,162.34,135.97,2985.871,0.0,1.0,0,0,0,1,0,1
2023,09,Lebanon,Russian Federation,LBN,RUS,Lebanon,LBN,import,45.672,5.5,8.304,,20078620356.9931,2071505725030.58,221.341644023365,5.95,13875.625,85.1620083333333,162.93210166779187,,135.97,2441.484,0.0,0.0,0,0,0,0,0,0
2023,09,Latvia,Russian Federation,LVA,RUS,Latvia,LVA,import,4328.455,727.39,5.950666080094585,,42572151720.138,2071505725030.58,8.93804623316639,5.95,0.924839558470698,85.1620083333333,0.010859766891015251,124.23,135.97,847.8519,1.0,0.0,1,1,1,0,0,0
2023,09,Lithuania,Russian Federation,LTU,RUS,Lithuania,LTU,import,27191.574999999997,2928.1319999999996,9.286321449989277,,79789877416.1681,2071505725030.58,9.11731962390473,5.95,0.924839558470698,85.1620083333333,0.010859766891015251,149.34,135.97,794.0689,1.0,0.0,1,1,1,0,0,0
2023,09,Madagascar,Russian Federation,MDG,RUS,Madagascar,MDG,import,512.3820000000001,65.845,7.781638696939784,,15869945477.855,2071505725030.58,9.87432675044886,5.95,4429.57921419022,85.1620083333333,52.0135598124033,,135.97,8356.116,0.0,0.0,0,0,0,0,0,0
2023,09,Malawi,Russian Federation,MWI,RUS,Malawi,MWI,import,766.027,555.16,1.3798310397002667,,12712150082.0792,2071505725030.58,28.7897428247298,5.95,1161.09436666667,85.1620083333333,13.633947688528215,127.45,135.97,7767.932,0.0,0.0,0,0,0,0,0,0
2023,09,Mexico,Russian Federation,MEX,RUS,Mexico,MEX,import,649.617,133.515,4.865498258622627,,1793798859343.27,2071505725030.58,5.52796087314385,5.95,17.7587166666667,85.1620083333333,0.2085286269571892,112.11,135.97,10736.3,0.0,0.0,0,0,0,0,0,0
2023,09,"Other Asia, nes",Russian Federation,S19,RUS,"Other Asia, nes",S19,import,139.063,5.816,23.91041953232462,,,2071505725030.58,,5.95,,85.1620083333333,,,135.97,,,,0,0,0,0,0,0
2023,09,Rep. of Moldova,Russian Federation,MDA,RUS,Rep. of Moldova,MDA,import,125.348,9.773,12.825949043282513,,16711906746.2133,2071505725030.58,13.4170104381299,5.95,18.1639377592166,85.1620083333333,0.21328686482029624,105.72,135.97,1150.314,0.0,0.0,0,0,0,0,0,1
2023,09,Morocco,Russian Federation,MAR,RUS,Morocco,MAR,import,3.907,0.145,26.944827586206898,,144417103249.646,2071505725030.58,6.09114152504136,5.95,10.1314260970897,85.1620083333333,0.1189665003839999,116.37,135.97,4156.454,0.0,0.0,0,0,0,0,0,0
2023,09,Mozambique,Russian Federation,MOZ,RUS,Mozambique,MOZ,import,187.0,161.65,1.1568202907516238,,20954220983.5473,2071505725030.58,7.12697482131851,5.95,63.8858333333333,85.1620083333333,0.7501682332722504,,135.97,9107.99,0.0,0.0,0,0,0,0,0,0
2023,09,Netherlands,Russian Federation,NLD,RUS,Netherlands,NLD,import,47533.073000000004,8689.561,5.4701351426153755,,1154361305398.06,2071505725030.58,3.8383935434281,5.95,0.924839558470698,85.1620083333333,0.010859766891015251,121.59,135.97,2155.229,0.0,0.0,1,1,1,0,0,0
2023,09,Nicaragua,Russian Federation,NIC,RUS,Nicaragua,NIC,import,579.244,134.835,4.295946898060593,,17805842283.8725,2071505725030.58,8.38765854872534,5.95,36.4411942796586,85.1620083333333,0.4279043553907727,133.75,135.97,10876.95,0.0,0.0,0,0,0,0,0,0
2023,09,Nigeria,Russian Federation,NGA,RUS,Nigeria,NGA,import,108.597,272.62,0.3983456826351698,,363846332834.618,2071505725030.58,24.6595502031139,5.95,645.194067883201,85.1620083333333,7.576078588445704,101.7,135.97,6263.33,0.0,0.0,0,0,0,0,0,0
2023,09,Norway,Russian Federation,NOR,RUS,Norway,NOR,import,3.358,0.098,34.265306122448976,,482949731776.587,2071505725030.58,5.51784987104656,5.95,10.5633333333333,85.1620083333333,0.12403809562577801,99.3,135.97,1649.799,1.0,0.0,1,1,0,0,0,0
2023,09,Pakistan,Russian Federation,PAK,RUS,Pakistan,PAK,import,34.756,17.490000000000002,1.987192681532304,,337885531778.052,2071505725030.58,30.7681280657005,5.95,280.356111655149,85.1620083333333,3.292032646268802,115.65,135.97,3658.638,0.0,0.0,0,0,0,0,0,0
2023,09,Peru,Russian Federation,PER,RUS,Peru,PER,import,7336.259,2961.602,2.4771252180407766,,266958720837.988,2071505725030.58,6.45561348369583,5.95,3.74382620959376,85.1620083333333,0.04396122499765411,100.29,135.97,12666.63,0.0,0.0,0,0,0,0,0,0
2023,09,Poland,Russian Federation,POL,RUS,Poland,POL,import,24009.023999999998,2484.126,9.664978346508992,,812451128978.58,2071505725030.58,11.5289127961105,5.95,4.20366666666667,85.1620083333333,0.049360821203429876,151.12,135.97,1156.427,1.0,0.0,1,1,1,0,0,0
2023,09,Portugal,Russian Federation,PRT,RUS,Portugal,PRT,import,9278.768,1387.251,6.688600693025271,,289696962620.235,2071505725030.58,4.3112819189868,5.95,0.924839558470698,85.1620083333333,0.010859766891015251,94.93,135.97,3913.34,0.0,0.0,1,1,1,0,0,0
2023,09,Romania,Russian Federation,ROU,RUS,Romania,ROU,import,28.126,3.002,9.369087275149901,,350775856415.189,2071505725030.58,10.3971874764996,5.95,4.57429166666667,85.1620083333333,0.053712820495759074,111.05,135.97,,,,1,1,1,0,0,0
2023,09,Russian Federation,Azerbaijan,RUS,AZE,Azerbaijan,AZE,export,7758.251,1444.0970000000002,5.37238911236572,7537.064,72428470588.2353,2071505725030.58,8.78543049849081,5.95,1.7,85.1620083333333,0.019961952909165977,181.53,135.97,1930.747,1.0,0.0,0,0,0,0,0,1
2023,09,Russian Federation,Austria,RUS,AUT,Austria,AUT,export,1081.039,545.283,1.9825283384957901,-48280.619000000006,511685203845.001,2071505725030.58,7.81413417002833,5.95,0.924839558470698,85.1620083333333,0.010859766891015251,120.4,135.97,1675.699,0.0,0.0,1,1,1,0,0,0
2023,09,Russian Federation,Bahrain,RUS,BHR,Bahrain,BHR,export,20.918,12.431,1.6827286622154292,20.918,46192260638.2979,2071505725030.58,0.0746206782191527,5.95,0.376,85.1620083333333,0.0044151142904978865,125.03,135.97,3450.924,0.0,0.0,0,0,0,0,0,0
2023,09,Russian Federation,Armenia,RUS,ARM,Armenia,ARM,export,3724.466,858.402,4.338836582393797,-16594.981,24085749592.3359,2071505725030.58,1.98041877615558,5.95,392.476302158971,85.1620083333333,4.608584389212339,194.88,135.97,1803.035,0.0,0.0,0,0,0,1,0,1
2023,09,Russian Federation,Belgium,RUS,BEL,Belgium,BEL,export,30.643,12.032,2.5467918882978724,-1814.2160000000001,644655275111.58,2071505725030.58,4.04901077613945,5.95,0.924839558470698,85.1620083333333,0.010859766891015251,127.77,135.97,2261.25,0.0,0.0,1,1,1,0,0,0
2023,09,Russian Federation,Bosnia Herzegovina,RUS,BIH,Bosnia Herzegovina,BIH,export,1.003,0.553,1.8137432188065097,1.003,27592361387.8597,2071505725030.58,6.10590112848281,5.95,1.80920280030082,85.1620083333333,0.021244247707491875,104.53,135.97,1902.116,0.0,0.0,0,0,0,0,0,0
2023,09,Russian Federation,Bulgaria,RUS,BGR,Bulgaria,BGR,export,86.41999999999999,7.917000000000001,10.915750915750912,-375.722,102396840296.147,2071505725030.58,9.44284140088566,5.95,1.80896666666667,85.1620083333333,0.02124147494955942,126.25,135.97,1785.898,0.0,0.0,1,1,1,0,0,0
2023,09,Russian Federation,Canada,RUS,CAN,Canada,CAN,export,18.875,2.878,6.558373870743572,18.875,2173339670064.33,2071505725030.58,3.87900159788427,5.95,1.3499086407939,85.1620083333333,0.015851066305414167,105.03,135.97,7495.521,0.0,0.0,1,1,0,0,0,0
2023,09,Russian Federation,Sri Lanka,RUS,LKA,Sri Lanka,LKA,export,7005.013,9628.76,0.7275093573835052,-115596.112,83716142582.1945,2071505725030.58,16.5411742279832,5.95,327.506533333333,85.1620083333333,3.845688232849524,91.13,135.97,6576.936,0.0,0.0,0,0,0,0,0,0
2023,09,Russian Federation,Chile,RUS,CHL,Chile,CHL,export,64.58,6.163,10.478662988804153,64.58,335518054097.637,2071505725030.58,7.58168251407967,5.95,840.066526651499,85.1620083333333,9.864334379755205,99.33,135.97,14153.3,0.0,0.0,0,0,0,0,0,0
2023,09,Russian Federation,China,RUS,CHN,China,CHN,export,119.60199999999999,8.253,14.491942324003391,-85120.587,18270356654533.2,2071505725030.58,0.23483682889306,5.95,7.08399842343631,85.1620083333333,0.08318261349249509,159.67,135.97,5795.045,1.0,0.0,0,0,0,0,1,0
2023,09,Russian Federation,Cyprus,RUS,CYP,Cyprus,CYP,export,0.348,0.008,43.49999999999999,0.348,33886930712.3394,2071505725030.58,3.54134188751658,5.95,0.924839558470698,85.1620083333333,0.010859766891015251,145.8,135.97,2316.67,0.0,0.0,1,0,1,0,0,0
2023,09,Russian Federation,Czechia,RUS,CZE,Czechia,CZE,export,197.00099999999998,146.04,1.3489523418241576,-109.993,343206568134.637,2071505725030.58,10.6612601372426,5.95,22.1980833333333,85.1620083333333,0.26065711421984794,118.14,135.97,1673.0,0.0,0.0,1,1,1,0,0,0
2023,09,Russian Federation,Dominican Rep.,RUS,DOM,Dominican Rep.,DOM,export,194.412,38.655,5.02941404734187,194.412,120456239153.739,2071505725030.58,4.78561281021137,5.95,56.1576,85.1620083333333,0.6594208039363408,126.97,135.97,9365.754,0.0,0.0,0,0,0,0,0,0
2023,09,Russian Federation,Estonia,RUS,EST,Estonia,EST,export,193.435,16.573,11.671694925481205,-22650.659,41291245222.1948,2071505725030.58,9.15922507983982,5.95,0.924839558470698,85.1620083333333,0.010859766891015251,121.84,135.97,871.7853,1.0,0.0,1,1,1,0,0,0
2023,09,Russian Federation,Finland,RUS,FIN,Finland,FIN,export,0.215,0.181,1.1878453038674033,-3392.292,294950618733.339,2071505725030.58,6.25064322154762,5.95,0.924839558470698,85.1620083333333,0.010859766891015251,115.57,135.97,892.6777,1.0,0.0,1,1,1,0,0,0
2023,09,Russian Federation,France,RUS,FRA,France,FRA,export,14.692000000000002,0.729,20.153635116598082,-542.346,3051831611384.76,2071505725030.58,4.87835726508438,5.95,0.924839558470698,85.1620083333333,0.010859766891015251,99.8,135.97,2494.316,0.0,0.0,1,1,1,0,0,0
2023,09,Russian Federation,Georgia,RUS,GEO,Georgia,GEO,export,6594.041,1676.227,3.933859196874886,-5.878999999999905,30777833600.6515,2071505725030.58,2.48776056578715,5.95,2.62795833333333,85.1620083333333,0.030858341468970728,139.08,135.97,1644.856,1.0,0.0,0,0,0,0,0,0
2023,09,Russian Federation,Germany,RUS,DEU,Germany,DEU,export,2835.458,1425.3080000000002,1.9893651056473405,-62266.96200000001,4525703903627.53,2071505725030.58,5.94643667725828,5.95,0.924839558470698,85.1620083333333,0.010859766891015251,95.73,135.97,2065.183,0.0,0.0,1,1,1,0,0,0
2023,09,Russian Federation,Guyana,RUS,GUY,Guyana,GUY,export,14.64,6.0,2.44,14.64,16918503597.1223,2071505725030.58,2.82110335099639,5.95,208.5,85.1620083333333,2.4482748126830036,125.98,135.97,9760.068,0.0,0.0,0,0,0,0,0,0
2023,09,Russian Federation,"China, Hong Kong SAR",RUS,HKG,"China, Hong Kong SAR",HKG,export,16.028,1.068,15.007490636704118,16.028,381066399066.208,2071505725030.58,2.09660511249086,5.95,7.82958333333333,85.1620083333333,0.09193751399905337,105.03,135.97,7145.355,0.0,0.0,0,0,0,0,0,0
2023,09,Russian Federation,Hungary,RUS,HUN,Hungary,HUN,export,45.786,2.399,19.085452271779907,40.892,214022571311.24,2071505725030.58,17.1249659678737,5.95,353.088333333333,85.1620083333333,4.146078048691702,121.22,135.97,1574.19,0.0,0.0,1,0,1,0,0,0
2023,09,Russian Federation,Iceland,RUS,ISL,Iceland,ISL,export,0.997,0.14300000000000002,6.972027972027972,0.997,31452223861.9091,2071505725030.58,8.73630299937292,5.95,137.942952429967,85.1620083333333,1.6197710120931317,111.2,135.97,3316.138,0.0,0.0,1,1,0,0,0,0
2023,09,Russian Federation,Indonesia,RUS,IDN,Indonesia,IDN,export,12219.526,16815.27,0.7266922267676938,-14668.748000000001,1371169301563.62,2071505725030.58,3.6693865485976,5.95,15236.8846620506,85.1620083333333,178.91645535661613,121.36,135.97,9302.706,0.0,0.0,0,0,0,0,0,0
2023,09,Russian Federation,Ireland,RUS,IRL,Ireland,IRL,export,27.759,3.2169999999999996,8.628846751631956,27.759,551394889339.778,2071505725030.58,6.29942487419122,5.95,0.924839558470698,85.1620083333333,0.010859766891015251,187.49,135.97,2802.315,0.0,0.0,1,1,1,0,0,0
2023,09,Russian Federation,Israel,RUS,ISR,Israel,ISR,export,921.117,154.39,5.966170088736318,886.9989999999999,512184638998.974,2071505725030.58,4.22522603168918,5.95,3.6673747160226,85.1620083333333,0.043063506695005346,125.61,135.97,2643.989,0.0,0.0,0,0,0,0,0,0
2023,09,Russian Federation,Japan,RUS,JPN,Japan,JPN,export,3.68,0.121,30.41322314049587,-3392.174,4213167237905.83,2071505725030.58,3.26813365933164,5.95,140.49110006234,85.1620083333333,1.649692190353739,94.02,135.97,7486.303,0.0,0.0,1,1,0,0,0,0
2023,09,Russian Federation,Kazakhstan,RUS,KAZ,Kazakhstan,KAZ,export,32894.221,5627.32,5.845450587491026,13410.601999999999,261840101059.923,2071505725030.58,14.7249900200331,5.95,456.165,85.1620083333333,5.35643779341747,147.13,135.97,3104.607,1.0,1.0,0,0,0,1,0,1
2023,09,Russian Federation,Jordan,RUS,JOR,Jordan,JOR,export,277.185,159.389,1.7390472366348995,277.185,51088476338.0282,2071505725030.58,2.08486986327134,5.95,0.71,85.1620083333333,0.008337050920886966,72.32,135.97,2652.505,0.0,0.0,0,0,0,0,0,0
2023,09,Russian Federation,Kuwait,RUS,KWT,Kuwait,KWT,export,22.535,2.137,10.54515676181563,19.292,165384407267.056,2071505725030.58,3.64216403030709,5.95,0.30718535125088,85.1620083333333,0.0036070703035621624,143.01,135.97,3051.533,0.0,0.0,0,0,0,0,0,0
2023,09,Russian Federation,Kyrgyzstan,RUS,KGZ,Kyrgyzstan,KGZ,export,7580.675,1330.979,5.695563190703986,6987.052,15180842369.4894,2071505725030.58,10.7532770416742,5.95,87.8561255862776,85.1620083333333,1.0316352010206151,162.34,135.97,2985.871,0.0,1.0,0,0,0,1,0,1
2023,09,Russian Federation,Lebanon,RUS,LBN,Lebanon,LBN,export,14.643,8.9,1.6452808988764045,-31.028999999999996,20078620356.9931,2071505725030.58,221.341644023365,5.95,13875.625,85.1620083333333,162.93210166779187,,135.97,2441.484,0.0,0.0,0,0,0,0,0,0
2023,09,Russian Federation,Latvia,RUS,LVA,Latvia,LVA,export,1210.471,199.159,6.077912622577941,-3117.984,42572151720.138,2071505725030.58,8.93804623316639,5.95,0.924839558470698,85.1620083333333,0.010859766891015251,124.23,135.97,847.8519,1.0,0.0,1,1,1,0,0,0
2023,09,Russian Federation,Liberia,RUS,LBR,Liberia,LBR,export,0.028,0.01,2.8,0.028,4390000000.0,2071505725030.58,10.0944535665552,5.95,174.955982783514,85.1620083333333,2.0543900526478587,,135.97,6953.84,0.0,0.0,0,0,0,0,0,0
2023,09,Russian Federation,Lithuania,RUS,LTU,Lithuania,LTU,export,31.717,41.361,0.7668334904862069,-27159.857999999997,79789877416.1681,2071505725030.58,9.11731962390473,5.95,0.924839558470698,85.1620083333333,0.010859766891015251,149.34,135.97,794.0689,1.0,0.0,1,1,1,0,0,0
2023,09,Russian Federation,Luxembourg,RUS,LUX,Luxembourg,LUX,export,0.051,0.002,25.499999999999996,0.051,87574021091.7525,2071505725030.58,3.74140361983141,5.95,0.924839558470698,85.1620083333333,0.010859766891015251,117.95,135.97,2214.132,0.0,0.0,1,1,1,0,0,0
2023,09,Russian Federation,"China, Macao SAR",RUS,MAC,"China, Macao SAR",MAC,export,12.597,0.247,51.0,12.597,45803067940.4072,2071505725030.58,0.476384495788051,5.95,8.06339008333333,85.1620083333333,0.0946829489010211,135.36,135.97,7108.125,0.0,0.0,0,0,0,0,0,0
2023,09,Russian Federation,Malaysia,RUS,MYS,Malaysia,MYS,export,931.417,1298.4170000000001,0.7173481246779732,931.417,399705137434.074,2071505725030.58,2.48886560125756,5.95,4.56062343240897,85.1620083333333,0.05355232364363927,139.53,135.97,8130.454,0.0,0.0,0,0,0,0,0,0
2023,09,Russian Federation,Malta,RUS,MLT,Malta,MLT,export,1.094,0.03,36.46666666666667,1.094,22210718401.0207,2071505725030.58,5.09396758978879,5.95,0.924839558470698,85.1620083333333,0.010859766891015251,109.87,135.97,2819.734,0.0,0.0,1,1,1,0,0,0
2023,09,Russian Federation,Mauritius,RUS,MUS,Mauritius,MUS,export,39.718,44.0,0.9026818181818183,39.718,14101195732.6741,2071505725030.58,7.05298238454734,5.95,45.267225,85.1620083333333,0.5315424786933064,102.91,135.97,8654.018,0.0,0.0,0,0,0,0,0,0
2023,09,Russian Federation,Rep. of Moldova,RUS,MDA,Rep. of Moldova,MDA,export,4521.93,705.519,6.409366721519903,4396.582,16711906746.2133,2071505725030.58,13.4170104381299,5.95,18.1639377592166,85.1620083333333,0.21328686482029624,105.72,135.97,1150.314,0.0,0.0,0,0,0,0,0,1
2023,09,Russian Federation,Montenegro,RUS,MNE,Montenegro,MNE,export,0.715,0.148,4.831081081081081,0.715,7530593375.22034,2071505725030.58,8.58476910455405,5.95,0.924709622987356,85.1620083333333,0.010858241146309545,92.63,135.97,,,,1,1,0,0,0,0
2023,09,Russian Federation,Morocco,RUS,MAR,Morocco,MAR,export,140.039,149.75,0.935151919866444,136.13199999999998,144417103249.646,2071505725030.58,6.09114152504136,5.95,10.1314260970897,85.1620083333333,0.1189665003839999,116.37,135.97,4156.454,0.0,0.0,0,0,0,0,0,0
2023,09,Russian Federation,Namibia,RUS,NAM,Namibia,NAM,export,0.648,0.208,3.1153846153846154,0.648,12408271447.8691,2071505725030.58,5.87993463284272,5.95,18.4463083333333,85.1620083333333,0.2166025519399737,95.04,135.97,8932.264,0.0,0.0,0,0,0,0,0,0
2023,09,Russian Federation,Netherlands,RUS,NLD,Netherlands,NLD,export,538.828,413.238,1.3039168711493134,-46994.245,1154361305398.06,2071505725030.58,3.8383935434281,5.95,0.924839558470698,85.1620083333333,0.010859766891015251,121.59,135.97,2155.229,0.0,0.0,1,1,1,0,0,0
2023,09,Russian Federation,New Zealand,RUS,NZL,New Zealand,NZL,export,2.7249999999999996,0.105,25.95238095238095,2.7249999999999996,255194972673.122,2071505725030.58,5.73316283034953,5.95,1.62843333333333,85.1620083333333,0.01912159383277419,98.7,135.97,16774.49,0.0,0.0,1,1,0,0,0,0
2023,09,Russian Federation,Norway,RUS,NOR,Norway,NOR,export,4.916,1.881,2.613503455608719,1.5580000000000003,482949731776.587,2071505725030.58,5.51784987104656,5.95,10.5633333333333,85.1620083333333,0.12403809562577801,99.3,135.97,1649.799,1.0,0.0,1,1,0,0,0,0
2023,09,Russian Federation,Pakistan,RUS,PAK,Pakistan,PAK,export,2402.126,3007.342,0.7987538497450573,2367.3700000000003,337885531778.052,2071505725030.58,30.7681280657005,5.95,280.356111655149,85.1620083333333,3.292032646268802,115.65,135.97,3658.638,0.0,0.0,0,0,0,0,0,0
2023,09,Russian Federation,Panama,RUS,PAN,Panama,PAN,export,0.792,0.122,6.491803278688525,0.792,83318176900.0,2071505725030.58,1.48641355277038,5.95,1.0,85.1620083333333,0.01174232524068587,101.28,135.97,10819.55,0.0,0.0,0,0,0,0,0,0
2023,09,Russian Federation,Poland,RUS,POL,Poland,POL,export,2351.153,3780.424,0.6219283868687745,-21657.871,812451128978.58,2071505725030.58,11.5289127961105,5.95,4.20366666666667,85.1620083333333,0.049360821203429876,151.12,135.97,1156.427,1.0,0.0,1,1,1,0,0,0
2023,09,Russian Federation,Portugal,RUS,PRT,Portugal,PRT,export,1.9789999999999999,0.14800000000000002,13.37162162162162,-9276.789,289696962620.235,2071505725030.58,4.3112819189868,5.95,0.924839558470698,85.1620083333333,0.010859766891015251,94.93,135.97,3913.34,0.0,0.0,1,1,1,0,0,0
2023,09,Russian Federation,Qatar,RUS,QAT,Qatar,QAT,export,47.358,28.784,1.6452890494719288,47.358,213002809340.659,2071505725030.58,3.02764899198904,5.95,3.64,85.1620083333333,0.04274206387609657,105.56,135.97,3575.788,0.0,0.0,0,0,0,0,0,0
2023,09,Russian Federation,Saudi Arabia,RUS,SAU,Saudi Arabia,SAU,export,2141.715,499.312,4.289332120998494,2141.715,1218584533333.33,2071505725030.58,2.32708518362698,5.95,3.75,85.1620083333333,0.04403371965257201,131.06,135.97,3539.516,0.0,0.0,0,0,0,0,0,0
2023,09,Russian Federation,Serbia,RUS,SRB,Serbia,SRB,export,84.345,12.497,6.7492198127550616,-3372.129,81342660752.3732,2071505725030.58,12.3719043552519,5.95,108.402691666667,85.1620083333333,1.2728996625157916,123.37,135.97,,,,0,0,0,0,0,0
2023,09,Russian Federation,India,RUS,IND,India,IND,export,17304.715,27372.691,0.6321890310309645,-74987.94399999999,3638489096033.86,2071505725030.58,5.64914318907929,5.95,82.5992764460784,85.1620083333333,0.9699075686751762,124.83,135.97,4341.881,0.0,0.0,0,0,0,0,1,0
2023,09,Russian Federation,Singapore,RUS,SGP,Singapore,SGP,export,174.816,48.108,3.633823896233475,119.7,505439514078.019,2071505725030.58,4.83372362825795,5.95,1.34276666666667,85.1620083333333,0.015767202922351668,144.71,135.97,8431.775,0.0,0.0,1,1,0,0,0,0
2023,09,Russian Federation,Slovakia,RUS,SVK,Slovakia,SVK,export,26.985999999999997,7.366,3.6635894651099643,-42.583999999999996,133896931490.224,2071505725030.58,10.5319476645211,5.95,0.924839558470698,85.1620083333333,0.010859766891015251,95.33,135.97,1632.621,0.0,0.0,1,1,1,0,0,0
2023,09,Russian Federation,Slovenia,RUS,SVN,Slovenia,SVN,export,16.381,1.376,11.904796511627907,-162.536,69148468417.3208,2071505725030.58,7.44687717385836,5.95,0.924839558470698,85.1620083333333,0.010859766891015251,134.24,135.97,1937.979,0.0,0.0,1,1,1,0,0,0
2023,09,Russian Federation,South Africa,RUS,ZAF,South Africa,ZAF,export,865.825,1192.75,0.7259065185495703,865.48,380699271816.395,2071505725030.58,6.07524384579656,5.95,18.4502441785,85.1620083333333,0.21664876791401808,93.62,135.97,10147.89,0.0,0.0,0,0,0,0,1,0
2023,09,Russian Federation,Spain,RUS,ESP,Spain,ESP,export,13.441,12.017,1.1184987933760506,-4023.1140000000005,1620090734956.89,2071505725030.58,3.53236133492429,5.95,0.924839558470698,85.1620083333333,0.010859766891015251,105.67,135.97,3449.3,0.0,0.0,1,1,1,0,0,0
2023,09,Russian Federation,Sweden,RUS,SWE,Sweden,SWE,export,0.376,0.032,11.75,0.376,585489968189.064,2071505725030.58,8.54862489748906,5.95,10.6101612965536,85.1620083333333,0.12458796480026964,120.58,135.97,1232.383,0.0,0.0,1,1,1,0,0,0
2023,09,Russian Federation,Switzerland,RUS,CHE,Switzerland,CHE,export,95.653,26.278,3.6400410990181906,-334.604,894424821645.205,2071505725030.58,2.13540088016377,5.95,0.89849,85.1620083333333,0.010550361805503847,132.16,135.97,2296.397,0.0,0.0,1,1,0,0,0,0
2023,09,Russian Federation,Thailand,RUS,THA,Thailand,THA,export,153.565,293.90099999999995,0.5225058778296093,-638.356,515906283940.933,2071505725030.58,8.47805174421546,5.95,34.8021885808364,85.1620083333333,0.4086586174038648,96.92,135.97,7067.929,0.0,0.0,0,0,0,0,0,0
2023,09,Russian Federation,United Arab Emirates,RUS,ARE,United Arab Emirates,ARE,export,2743.002,1147.2489999999998,2.390938671552558,-56798.992999999995,514130432648.06,2071505725030.58,1.62670837213252,5.95,3.6725,85.1620083333333,0.04312368944641885,133.02,135.97,3739.195,0.0,0.0,0,0,0,0,0,0
2023,09,Russian Federation,Tunisia,RUS,TUN,Tunisia,TUN,export,130.853,264.0,0.4956553030303031,130.851,48196281783.9479,2071505725030.58,9.32899597507864,5.95,3.10616666666667,85.1620083333333,0.036473619251777126,104.93,135.97,2946.28,0.0,0.0,0,0,0,0,0,0
2023,09,Russian Federation,TÃ¼rkiye,RUS,TUR,TÃ¼rkiye,TUR,export,1277.2939999999999,2173.091,0.5877775021846761,-7371.102000000001,1118252958513.72,2071505725030.58,53.8594087593315,5.95,23.7385661219918,85.1620083333333,0.2787459641519548,147.28,135.97,1757.71,0.0,0.0,0,0,0,0,0,0
2023,09,Russian Federation,Egypt,RUS,EGY,Egypt,EGY,export,10871.290999999997,6379.139000000001,1.7041940926510608,10713.812999999998,395926075163.006,2071505725030.58,33.8847763115546,5.95,30.6264136980311,85.1620083333333,0.35962531059807806,98.15,135.97,2905.404,0.0,0.0,0,0,0,0,0,0
2023,09,Russian Federation,United Kingdom,RUS,GBR,United Kingdom,GBR,export,100.411,47.725,2.103949711891042,-1079.0679999999998,3369861888972.88,2071505725030.58,6.79396706793964,5.95,0.804538906734353,85.1620083333333,0.009447157511660607,110.7,135.97,2510.88,0.0,0.0,1,1,0,0,0,0
2023,09,Russian Federation,USA,RUS,USA,USA,USA,export,906.596,126.221,7.182608282298508,898.296,27720709000000.0,2071505725030.58,4.11633838374488,5.95,1.0,85.1620083333333,0.01174232524068587,99.9,135.97,7517.972,0.0,0.0,1,1,0,0,0,0
2023,09,Russian Federation,Uzbekistan,RUS,UZB,Uzbekistan,UZB,export,3988.597,3223.033,1.237529060360226,1886.3450000000003,102641879248.764,2071505725030.58,9.95659071258019,5.95,11734.8334198669,85.1620083333333,137.79423066134717,169.16,135.97,2789.856,0.0,0.0,0,0,0,0,0,1
2023,09,Serbia,Russian Federation,SRB,RUS,Serbia,SRB,import,3456.4739999999997,198.06599999999997,17.45112235315501,,81342660752.3732,2071505725030.58,12.3719043552519,5.95,108.402691666667,85.1620083333333,1.2728996625157916,123.37,135.97,,,,0,0,0,0,0,0
2023,09,India,Russian Federation,IND,RUS,India,IND,import,92292.65899999999,44195.613,2.088276476672017,,3638489096033.86,2071505725030.58,5.64914318907929,5.95,82.5992764460784,85.1620083333333,0.9699075686751762,124.83,135.97,4341.881,0.0,0.0,0,0,0,0,1,0
2023,09,Singapore,Russian Federation,SGP,RUS,Singapore,SGP,import,55.116,24.101,2.286876063233891,,505439514078.019,2071505725030.58,4.83372362825795,5.95,1.34276666666667,85.1620083333333,0.015767202922351668,144.71,135.97,8431.775,0.0,0.0,1,1,0,0,0,0
2023,09,Slovakia,Russian Federation,SVK,RUS,Slovakia,SVK,import,69.57,1.942,35.82389289392379,,133896931490.224,2071505725030.58,10.5319476645211,5.95,0.924839558470698,85.1620083333333,0.010859766891015251,95.33,135.97,1632.621,0.0,0.0,1,1,1,0,0,0
2023,09,Slovenia,Russian Federation,SVN,RUS,Slovenia,SVN,import,178.917,46.123,3.8791275502460816,,69148468417.3208,2071505725030.58,7.44687717385836,5.95,0.924839558470698,85.1620083333333,0.010859766891015251,134.24,135.97,1937.979,0.0,0.0,1,1,1,0,0,0
2023,09,South Africa,Russian Federation,ZAF,RUS,South Africa,ZAF,import,0.34500000000000003,0.122,2.8278688524590168,,380699271816.395,2071505725030.58,6.07524384579656,5.95,18.4502441785,85.1620083333333,0.21664876791401808,93.62,135.97,10147.89,0.0,0.0,0,0,0,0,1,0
2023,09,Spain,Russian Federation,ESP,RUS,Spain,ESP,import,4036.5550000000003,1023.0640000000001,3.945554725804055,,1620090734956.89,2071505725030.58,3.53236133492429,5.95,0.924839558470698,85.1620083333333,0.010859766891015251,105.67,135.97,3449.3,0.0,0.0,1,1,1,0,0,0
2023,09,Switzerland,Russian Federation,CHE,RUS,Switzerland,CHE,import,430.257,38.23100000000001,11.254139311030313,,894424821645.205,2071505725030.58,2.13540088016377,5.95,0.89849,85.1620083333333,0.010550361805503847,132.16,135.97,2296.397,0.0,0.0,1,1,0,0,0,0
2023,09,Thailand,Russian Federation,THA,RUS,Thailand,THA,import,791.921,201.26600000000002,3.9346983593850924,,515906283940.933,2071505725030.58,8.47805174421546,5.95,34.8021885808364,85.1620083333333,0.4086586174038648,96.92,135.97,7067.929,0.0,0.0,0,0,0,0,0,0
2023,09,United Arab Emirates,Russian Federation,ARE,RUS,United Arab Emirates,ARE,import,59541.994999999995,10711.548,5.558673218847546,,514130432648.06,2071505725030.58,1.62670837213252,5.95,3.6725,85.1620083333333,0.04312368944641885,133.02,135.97,3739.195,0.0,0.0,0,0,0,0,0,0
2023,09,Tunisia,Russian Federation,TUN,RUS,Tunisia,TUN,import,0.002,0.003,0.6666666666666666,,48196281783.9479,2071505725030.58,9.32899597507864,5.95,3.10616666666667,85.1620083333333,0.036473619251777126,104.93,135.97,2946.28,0.0,0.0,0,0,0,0,0,0
2023,09,TÃ¼rkiye,Russian Federation,TUR,RUS,TÃ¼rkiye,TUR,import,8648.396,1717.9669999999999,5.034087383517845,,1118252958513.72,2071505725030.58,53.8594087593315,5.95,23.7385661219918,85.1620083333333,0.2787459641519548,147.28,135.97,1757.71,0.0,0.0,0,0,0,0,0,0
2023,09,Uganda,Russian Federation,UGA,RUS,Uganda,UGA,import,10748.384,3935.502,2.7311341729720886,,48768955859.2834,2071505725030.58,5.35094804280395,5.95,3726.14045997085,85.1620083333333,43.75355317345657,125.88,135.97,6185.184,0.0,0.0,0,0,0,0,0,0
2023,09,Egypt,Russian Federation,EGY,RUS,Egypt,EGY,import,157.478,33.442,4.708988696848275,,395926075163.006,2071505725030.58,33.8847763115546,5.95,30.6264136980311,85.1620083333333,0.35962531059807806,98.15,135.97,2905.404,0.0,0.0,0,0,0,0,0,0
2023,09,United Kingdom,Russian Federation,GBR,RUS,United Kingdom,GBR,import,1179.4789999999998,92.183,12.794973042751915,,3369861888972.88,2071505725030.58,6.79396706793964,5.95,0.804538906734353,85.1620083333333,0.009447157511660607,110.7,135.97,2510.88,0.0,0.0,1,1,0,0,0,0
2023,09,United Rep. of Tanzania,Russian Federation,TZA,RUS,United Rep. of Tanzania,TZA,import,5823.626,2604.478,2.2360050651224546,,79062403836.8432,2071505725030.58,3.7992329138492,5.95,2383.04258333333,85.1620083333333,27.982461075904222,163.64,135.97,6968.894,0.0,0.0,0,0,0,0,0,0
2023,09,USA,Russian Federation,USA,RUS,USA,USA,import,8.3,0.373,22.252010723860593,,27720709000000.0,2071505725030.58,4.11633838374488,5.95,1.0,85.1620083333333,0.01174232524068587,99.9,135.97,7517.972,0.0,0.0,1,1,0,0,0,0
2023,09,Uzbekistan,Russian Federation,UZB,RUS,Uzbekistan,UZB,import,2102.252,672.304,3.126936623908232,,102641879248.764,2071505725030.58,9.95659071258019,5.95,11734.8334198669,85.1620083333333,137.79423066134717,169.16,135.97,2789.856,0.0,0.0,0,0,0,0,0,1
